tissue_sample_id,communication_celltype,n_cells,dataset,donor,donor_ID,status,n_total_cells,n_tissue_samples_same_donor_status,fraction,meets_min_cells,coverage_status
"GSE134809::GSM3972009::Inflamed","B_cell::ActB3",8,"GSE134809","GSM3972009","GSE134809::GSM3972009","Inflamed",3207,1,0.00249454318677892,FALSE,"low_cell_count"
"GSE134809::GSM3972009::Inflamed","B_cell::CSM",524,"GSE134809","GSM3972009","GSE134809::GSM3972009","Inflamed",3207,1,0.163392578734019,TRUE,"adequate_cell_count"
"GSE134809::GSM3972009::Inflamed","B_cell::Centroblast B",10,"GSE134809","GSM3972009","GSE134809::GSM3972009","Inflamed",3207,1,0.00311817898347365,FALSE,"low_cell_count"
"GSE134809::GSM3972009::Inflamed","B_cell::Centrocyte B",0,"GSE134809","GSM3972009","GSE134809::GSM3972009","Inflamed",3207,1,0,FALSE,"absent_zero_cells"
"GSE134809::GSM3972009::Inflamed","B_cell::DN2",41,"GSE134809","GSM3972009","GSE134809::GSM3972009","Inflamed",3207,1,0.012784533832242,TRUE,"adequate_cell_count"
"GSE134809::GSM3972009::Inflamed","B_cell::IgM-only",6,"GSE134809","GSM3972009","GSE134809::GSM3972009","Inflamed",3207,1,0.00187090739008419,FALSE,"low_cell_count"
"GSE134809::GSM3972009::Inflamed","B_cell::MZ",6,"GSE134809","GSM3972009","GSE134809::GSM3972009","Inflamed",3207,1,0.00187090739008419,FALSE,"low_cell_count"
"GSE134809::GSM3972009::Inflamed","B_cell::Naïve B",34,"GSE134809","GSM3972009","GSE134809::GSM3972009","Inflamed",3207,1,0.0106018085438104,TRUE,"adequate_cell_count"
"GSE134809::GSM3972009::Inflamed","Endothelial",95,"GSE134809","GSM3972009","GSE134809::GSM3972009","Inflamed",3207,1,0.0296227003429997,TRUE,"adequate_cell_count"
"GSE134809::GSM3972009::Inflamed","Epithelial",2,"GSE134809","GSM3972009","GSE134809::GSM3972009","Inflamed",3207,1,0.00062363579669473,FALSE,"low_cell_count"
"GSE134809::GSM3972009::Inflamed","Mast",13,"GSE134809","GSM3972009","GSE134809::GSM3972009","Inflamed",3207,1,0.00405363267851575,FALSE,"low_cell_count"
"GSE134809::GSM3972009::Inflamed","Mesenchymal_stromal",447,"GSE134809","GSM3972009","GSE134809::GSM3972009","Inflamed",3207,1,0.139382600561272,TRUE,"adequate_cell_count"
"GSE134809::GSM3972009::Inflamed","Myeloid",214,"GSE134809","GSM3972009","GSE134809::GSM3972009","Inflamed",3207,1,0.0667290302463361,TRUE,"adequate_cell_count"
"GSE134809::GSM3972009::Inflamed","Plasma::Activated plasma",6,"GSE134809","GSM3972009","GSE134809::GSM3972009","Inflamed",3207,1,0.00187090739008419,FALSE,"low_cell_count"
"GSE134809::GSM3972009::Inflamed","Plasma::IgA plasma",32,"GSE134809","GSM3972009","GSE134809::GSM3972009","Inflamed",3207,1,0.00997817274711568,TRUE,"adequate_cell_count"
"GSE134809::GSM3972009::Inflamed","Plasma::IgG plasma",506,"GSE134809","GSM3972009","GSE134809::GSM3972009","Inflamed",3207,1,0.157779856563767,TRUE,"adequate_cell_count"
"GSE134809::GSM3972009::Inflamed","Plasma::Transitional B",4,"GSE134809","GSM3972009","GSE134809::GSM3972009","Inflamed",3207,1,0.00124727159338946,FALSE,"low_cell_count"
"GSE134809::GSM3972009::Inflamed","T_NK",1259,"GSE134809","GSM3972009","GSE134809::GSM3972009","Inflamed",3207,1,0.392578734019333,TRUE,"adequate_cell_count"
"GSE134809::GSM3972010::Non-inflamed","B_cell::ActB3",3,"GSE134809","GSM3972010","GSE134809::GSM3972010","Non-inflamed",6949,1,0.000431716793783278,FALSE,"low_cell_count"
"GSE134809::GSM3972010::Non-inflamed","B_cell::CSM",318,"GSE134809","GSM3972010","GSE134809::GSM3972010","Non-inflamed",6949,1,0.0457619801410275,TRUE,"adequate_cell_count"
"GSE134809::GSM3972010::Non-inflamed","B_cell::Centroblast B",3,"GSE134809","GSM3972010","GSE134809::GSM3972010","Non-inflamed",6949,1,0.000431716793783278,FALSE,"low_cell_count"
"GSE134809::GSM3972010::Non-inflamed","B_cell::Centrocyte B",0,"GSE134809","GSM3972010","GSE134809::GSM3972010","Non-inflamed",6949,1,0,FALSE,"absent_zero_cells"
"GSE134809::GSM3972010::Non-inflamed","B_cell::DN2",6,"GSE134809","GSM3972010","GSE134809::GSM3972010","Non-inflamed",6949,1,0.000863433587566556,FALSE,"low_cell_count"
"GSE134809::GSM3972010::Non-inflamed","B_cell::IgM-only",1,"GSE134809","GSM3972010","GSE134809::GSM3972010","Non-inflamed",6949,1,0.000143905597927759,FALSE,"low_cell_count"
"GSE134809::GSM3972010::Non-inflamed","B_cell::MZ",3,"GSE134809","GSM3972010","GSE134809::GSM3972010","Non-inflamed",6949,1,0.000431716793783278,FALSE,"low_cell_count"
"GSE134809::GSM3972010::Non-inflamed","B_cell::Naïve B",49,"GSE134809","GSM3972010","GSE134809::GSM3972010","Non-inflamed",6949,1,0.00705137429846021,TRUE,"adequate_cell_count"
"GSE134809::GSM3972010::Non-inflamed","Endothelial",52,"GSE134809","GSM3972010","GSE134809::GSM3972010","Non-inflamed",6949,1,0.00748309109224349,TRUE,"adequate_cell_count"
"GSE134809::GSM3972010::Non-inflamed","Epithelial",152,"GSE134809","GSM3972010","GSE134809::GSM3972010","Non-inflamed",6949,1,0.0218736508850194,TRUE,"adequate_cell_count"
"GSE134809::GSM3972010::Non-inflamed","Mast",63,"GSE134809","GSM3972010","GSE134809::GSM3972010","Non-inflamed",6949,1,0.00906605266944884,TRUE,"adequate_cell_count"
"GSE134809::GSM3972010::Non-inflamed","Mesenchymal_stromal",168,"GSE134809","GSM3972010","GSE134809::GSM3972010","Non-inflamed",6949,1,0.0241761404518636,TRUE,"adequate_cell_count"
"GSE134809::GSM3972010::Non-inflamed","Myeloid",163,"GSE134809","GSM3972010","GSE134809::GSM3972010","Non-inflamed",6949,1,0.0234566124622248,TRUE,"adequate_cell_count"
"GSE134809::GSM3972010::Non-inflamed","Plasma::Activated plasma",56,"GSE134809","GSM3972010","GSE134809::GSM3972010","Non-inflamed",6949,1,0.00805871348395453,TRUE,"adequate_cell_count"
"GSE134809::GSM3972010::Non-inflamed","Plasma::IgA plasma",4541,"GSE134809","GSM3972010","GSE134809::GSM3972010","Non-inflamed",6949,1,0.653475320189955,TRUE,"adequate_cell_count"
"GSE134809::GSM3972010::Non-inflamed","Plasma::IgG plasma",105,"GSE134809","GSM3972010","GSE134809::GSM3972010","Non-inflamed",6949,1,0.0151100877824147,TRUE,"adequate_cell_count"
"GSE134809::GSM3972010::Non-inflamed","Plasma::Transitional B",9,"GSE134809","GSM3972010","GSE134809::GSM3972010","Non-inflamed",6949,1,0.00129515038134983,FALSE,"low_cell_count"
"GSE134809::GSM3972010::Non-inflamed","T_NK",1257,"GSE134809","GSM3972010","GSE134809::GSM3972010","Non-inflamed",6949,1,0.180889336595194,TRUE,"adequate_cell_count"
"GSE134809::GSM3972011::Inflamed","B_cell::ActB3",1,"GSE134809","GSM3972011","GSE134809::GSM3972011","Inflamed",913,1,0.00109529025191676,FALSE,"low_cell_count"
"GSE134809::GSM3972011::Inflamed","B_cell::CSM",5,"GSE134809","GSM3972011","GSE134809::GSM3972011","Inflamed",913,1,0.00547645125958379,FALSE,"low_cell_count"
"GSE134809::GSM3972011::Inflamed","B_cell::Centroblast B",0,"GSE134809","GSM3972011","GSE134809::GSM3972011","Inflamed",913,1,0,FALSE,"absent_zero_cells"
"GSE134809::GSM3972011::Inflamed","B_cell::Centrocyte B",0,"GSE134809","GSM3972011","GSE134809::GSM3972011","Inflamed",913,1,0,FALSE,"absent_zero_cells"
"GSE134809::GSM3972011::Inflamed","B_cell::DN2",3,"GSE134809","GSM3972011","GSE134809::GSM3972011","Inflamed",913,1,0.00328587075575027,FALSE,"low_cell_count"
"GSE134809::GSM3972011::Inflamed","B_cell::IgM-only",0,"GSE134809","GSM3972011","GSE134809::GSM3972011","Inflamed",913,1,0,FALSE,"absent_zero_cells"
"GSE134809::GSM3972011::Inflamed","B_cell::MZ",0,"GSE134809","GSM3972011","GSE134809::GSM3972011","Inflamed",913,1,0,FALSE,"absent_zero_cells"
"GSE134809::GSM3972011::Inflamed","B_cell::Naïve B",0,"GSE134809","GSM3972011","GSE134809::GSM3972011","Inflamed",913,1,0,FALSE,"absent_zero_cells"
"GSE134809::GSM3972011::Inflamed","Endothelial",2,"GSE134809","GSM3972011","GSE134809::GSM3972011","Inflamed",913,1,0.00219058050383352,FALSE,"low_cell_count"
"GSE134809::GSM3972011::Inflamed","Epithelial",485,"GSE134809","GSM3972011","GSE134809::GSM3972011","Inflamed",913,1,0.531215772179628,TRUE,"adequate_cell_count"
"GSE134809::GSM3972011::Inflamed","Mast",42,"GSE134809","GSM3972011","GSE134809::GSM3972011","Inflamed",913,1,0.0460021905805038,TRUE,"adequate_cell_count"
"GSE134809::GSM3972011::Inflamed","Mesenchymal_stromal",6,"GSE134809","GSM3972011","GSE134809::GSM3972011","Inflamed",913,1,0.00657174151150055,FALSE,"low_cell_count"
"GSE134809::GSM3972011::Inflamed","Myeloid",41,"GSE134809","GSM3972011","GSE134809::GSM3972011","Inflamed",913,1,0.0449069003285871,TRUE,"adequate_cell_count"
"GSE134809::GSM3972011::Inflamed","Plasma::Activated plasma",54,"GSE134809","GSM3972011","GSE134809::GSM3972011","Inflamed",913,1,0.0591456736035049,TRUE,"adequate_cell_count"
"GSE134809::GSM3972011::Inflamed","Plasma::IgA plasma",72,"GSE134809","GSM3972011","GSE134809::GSM3972011","Inflamed",913,1,0.0788608981380066,TRUE,"adequate_cell_count"
"GSE134809::GSM3972011::Inflamed","Plasma::IgG plasma",3,"GSE134809","GSM3972011","GSE134809::GSM3972011","Inflamed",913,1,0.00328587075575027,FALSE,"low_cell_count"
"GSE134809::GSM3972011::Inflamed","Plasma::Transitional B",0,"GSE134809","GSM3972011","GSE134809::GSM3972011","Inflamed",913,1,0,FALSE,"absent_zero_cells"
"GSE134809::GSM3972011::Inflamed","T_NK",199,"GSE134809","GSM3972011","GSE134809::GSM3972011","Inflamed",913,1,0.217962760131435,TRUE,"adequate_cell_count"
"GSE134809::GSM3972012::Non-inflamed","B_cell::ActB3",0,"GSE134809","GSM3972012","GSE134809::GSM3972012","Non-inflamed",1223,1,0,FALSE,"absent_zero_cells"
"GSE134809::GSM3972012::Non-inflamed","B_cell::CSM",0,"GSE134809","GSM3972012","GSE134809::GSM3972012","Non-inflamed",1223,1,0,FALSE,"absent_zero_cells"
"GSE134809::GSM3972012::Non-inflamed","B_cell::Centroblast B",0,"GSE134809","GSM3972012","GSE134809::GSM3972012","Non-inflamed",1223,1,0,FALSE,"absent_zero_cells"
"GSE134809::GSM3972012::Non-inflamed","B_cell::Centrocyte B",0,"GSE134809","GSM3972012","GSE134809::GSM3972012","Non-inflamed",1223,1,0,FALSE,"absent_zero_cells"
"GSE134809::GSM3972012::Non-inflamed","B_cell::DN2",0,"GSE134809","GSM3972012","GSE134809::GSM3972012","Non-inflamed",1223,1,0,FALSE,"absent_zero_cells"
"GSE134809::GSM3972012::Non-inflamed","B_cell::IgM-only",0,"GSE134809","GSM3972012","GSE134809::GSM3972012","Non-inflamed",1223,1,0,FALSE,"absent_zero_cells"
"GSE134809::GSM3972012::Non-inflamed","B_cell::MZ",0,"GSE134809","GSM3972012","GSE134809::GSM3972012","Non-inflamed",1223,1,0,FALSE,"absent_zero_cells"
"GSE134809::GSM3972012::Non-inflamed","B_cell::Naïve B",2,"GSE134809","GSM3972012","GSE134809::GSM3972012","Non-inflamed",1223,1,0.00163532297628782,FALSE,"low_cell_count"
"GSE134809::GSM3972012::Non-inflamed","Endothelial",0,"GSE134809","GSM3972012","GSE134809::GSM3972012","Non-inflamed",1223,1,0,FALSE,"absent_zero_cells"
"GSE134809::GSM3972012::Non-inflamed","Epithelial",1036,"GSE134809","GSM3972012","GSE134809::GSM3972012","Non-inflamed",1223,1,0.847097301717089,TRUE,"adequate_cell_count"
"GSE134809::GSM3972012::Non-inflamed","Mast",7,"GSE134809","GSM3972012","GSE134809::GSM3972012","Non-inflamed",1223,1,0.00572363041700736,FALSE,"low_cell_count"
"GSE134809::GSM3972012::Non-inflamed","Mesenchymal_stromal",1,"GSE134809","GSM3972012","GSE134809::GSM3972012","Non-inflamed",1223,1,0.000817661488143908,FALSE,"low_cell_count"
"GSE134809::GSM3972012::Non-inflamed","Myeloid",10,"GSE134809","GSM3972012","GSE134809::GSM3972012","Non-inflamed",1223,1,0.00817661488143908,FALSE,"low_cell_count"
"GSE134809::GSM3972012::Non-inflamed","Plasma::Activated plasma",11,"GSE134809","GSM3972012","GSE134809::GSM3972012","Non-inflamed",1223,1,0.00899427636958299,FALSE,"low_cell_count"
"GSE134809::GSM3972012::Non-inflamed","Plasma::IgA plasma",33,"GSE134809","GSM3972012","GSE134809::GSM3972012","Non-inflamed",1223,1,0.026982829108749,TRUE,"adequate_cell_count"
"GSE134809::GSM3972012::Non-inflamed","Plasma::IgG plasma",3,"GSE134809","GSM3972012","GSE134809::GSM3972012","Non-inflamed",1223,1,0.00245298446443173,FALSE,"low_cell_count"
"GSE134809::GSM3972012::Non-inflamed","Plasma::Transitional B",0,"GSE134809","GSM3972012","GSE134809::GSM3972012","Non-inflamed",1223,1,0,FALSE,"absent_zero_cells"
"GSE134809::GSM3972012::Non-inflamed","T_NK",120,"GSE134809","GSM3972012","GSE134809::GSM3972012","Non-inflamed",1223,1,0.098119378577269,TRUE,"adequate_cell_count"
"GSE134809::GSM3972013::Inflamed","B_cell::ActB3",14,"GSE134809","GSM3972013","GSE134809::GSM3972013","Inflamed",2601,1,0.00538254517493272,FALSE,"low_cell_count"
"GSE134809::GSM3972013::Inflamed","B_cell::CSM",186,"GSE134809","GSM3972013","GSE134809::GSM3972013","Inflamed",2601,1,0.0715109573241061,TRUE,"adequate_cell_count"
"GSE134809::GSM3972013::Inflamed","B_cell::Centroblast B",18,"GSE134809","GSM3972013","GSE134809::GSM3972013","Inflamed",2601,1,0.0069204152249135,FALSE,"low_cell_count"
"GSE134809::GSM3972013::Inflamed","B_cell::Centrocyte B",2,"GSE134809","GSM3972013","GSE134809::GSM3972013","Inflamed",2601,1,0.000768935024990388,FALSE,"low_cell_count"
"GSE134809::GSM3972013::Inflamed","B_cell::DN2",23,"GSE134809","GSM3972013","GSE134809::GSM3972013","Inflamed",2601,1,0.00884275278738947,TRUE,"adequate_cell_count"
"GSE134809::GSM3972013::Inflamed","B_cell::IgM-only",45,"GSE134809","GSM3972013","GSE134809::GSM3972013","Inflamed",2601,1,0.0173010380622837,TRUE,"adequate_cell_count"
"GSE134809::GSM3972013::Inflamed","B_cell::MZ",27,"GSE134809","GSM3972013","GSE134809::GSM3972013","Inflamed",2601,1,0.0103806228373702,TRUE,"adequate_cell_count"
"GSE134809::GSM3972013::Inflamed","B_cell::Naïve B",367,"GSE134809","GSM3972013","GSE134809::GSM3972013","Inflamed",2601,1,0.141099577085736,TRUE,"adequate_cell_count"
"GSE134809::GSM3972013::Inflamed","Endothelial",81,"GSE134809","GSM3972013","GSE134809::GSM3972013","Inflamed",2601,1,0.0311418685121107,TRUE,"adequate_cell_count"
"GSE134809::GSM3972013::Inflamed","Epithelial",40,"GSE134809","GSM3972013","GSE134809::GSM3972013","Inflamed",2601,1,0.0153787004998078,TRUE,"adequate_cell_count"
"GSE134809::GSM3972013::Inflamed","Mast",9,"GSE134809","GSM3972013","GSE134809::GSM3972013","Inflamed",2601,1,0.00346020761245675,FALSE,"low_cell_count"
"GSE134809::GSM3972013::Inflamed","Mesenchymal_stromal",60,"GSE134809","GSM3972013","GSE134809::GSM3972013","Inflamed",2601,1,0.0230680507497117,TRUE,"adequate_cell_count"
"GSE134809::GSM3972013::Inflamed","Myeloid",445,"GSE134809","GSM3972013","GSE134809::GSM3972013","Inflamed",2601,1,0.171088043060361,TRUE,"adequate_cell_count"
"GSE134809::GSM3972013::Inflamed","Plasma::Activated plasma",51,"GSE134809","GSM3972013","GSE134809::GSM3972013","Inflamed",2601,1,0.0196078431372549,TRUE,"adequate_cell_count"
"GSE134809::GSM3972013::Inflamed","Plasma::IgA plasma",252,"GSE134809","GSM3972013","GSE134809::GSM3972013","Inflamed",2601,1,0.0968858131487889,TRUE,"adequate_cell_count"
"GSE134809::GSM3972013::Inflamed","Plasma::IgG plasma",294,"GSE134809","GSM3972013","GSE134809::GSM3972013","Inflamed",2601,1,0.113033448673587,TRUE,"adequate_cell_count"
"GSE134809::GSM3972013::Inflamed","Plasma::Transitional B",4,"GSE134809","GSM3972013","GSE134809::GSM3972013","Inflamed",2601,1,0.00153787004998078,FALSE,"low_cell_count"
"GSE134809::GSM3972013::Inflamed","T_NK",683,"GSE134809","GSM3972013","GSE134809::GSM3972013","Inflamed",2601,1,0.262591311034218,TRUE,"adequate_cell_count"
"GSE134809::GSM3972014::Non-inflamed","B_cell::ActB3",4,"GSE134809","GSM3972014","GSE134809::GSM3972014","Non-inflamed",2064,1,0.00193798449612403,FALSE,"low_cell_count"
"GSE134809::GSM3972014::Non-inflamed","B_cell::CSM",44,"GSE134809","GSM3972014","GSE134809::GSM3972014","Non-inflamed",2064,1,0.0213178294573643,TRUE,"adequate_cell_count"
"GSE134809::GSM3972014::Non-inflamed","B_cell::Centroblast B",0,"GSE134809","GSM3972014","GSE134809::GSM3972014","Non-inflamed",2064,1,0,FALSE,"absent_zero_cells"
"GSE134809::GSM3972014::Non-inflamed","B_cell::Centrocyte B",0,"GSE134809","GSM3972014","GSE134809::GSM3972014","Non-inflamed",2064,1,0,FALSE,"absent_zero_cells"
"GSE134809::GSM3972014::Non-inflamed","B_cell::DN2",8,"GSE134809","GSM3972014","GSE134809::GSM3972014","Non-inflamed",2064,1,0.00387596899224806,FALSE,"low_cell_count"
"GSE134809::GSM3972014::Non-inflamed","B_cell::IgM-only",3,"GSE134809","GSM3972014","GSE134809::GSM3972014","Non-inflamed",2064,1,0.00145348837209302,FALSE,"low_cell_count"
"GSE134809::GSM3972014::Non-inflamed","B_cell::MZ",1,"GSE134809","GSM3972014","GSE134809::GSM3972014","Non-inflamed",2064,1,0.000484496124031008,FALSE,"low_cell_count"
"GSE134809::GSM3972014::Non-inflamed","B_cell::Naïve B",9,"GSE134809","GSM3972014","GSE134809::GSM3972014","Non-inflamed",2064,1,0.00436046511627907,FALSE,"low_cell_count"
"GSE134809::GSM3972014::Non-inflamed","Endothelial",26,"GSE134809","GSM3972014","GSE134809::GSM3972014","Non-inflamed",2064,1,0.0125968992248062,TRUE,"adequate_cell_count"
"GSE134809::GSM3972014::Non-inflamed","Epithelial",74,"GSE134809","GSM3972014","GSE134809::GSM3972014","Non-inflamed",2064,1,0.0358527131782946,TRUE,"adequate_cell_count"
"GSE134809::GSM3972014::Non-inflamed","Mast",19,"GSE134809","GSM3972014","GSE134809::GSM3972014","Non-inflamed",2064,1,0.00920542635658915,FALSE,"low_cell_count"
"GSE134809::GSM3972014::Non-inflamed","Mesenchymal_stromal",68,"GSE134809","GSM3972014","GSE134809::GSM3972014","Non-inflamed",2064,1,0.0329457364341085,TRUE,"adequate_cell_count"
"GSE134809::GSM3972014::Non-inflamed","Myeloid",54,"GSE134809","GSM3972014","GSE134809::GSM3972014","Non-inflamed",2064,1,0.0261627906976744,TRUE,"adequate_cell_count"
"GSE134809::GSM3972014::Non-inflamed","Plasma::Activated plasma",54,"GSE134809","GSM3972014","GSE134809::GSM3972014","Non-inflamed",2064,1,0.0261627906976744,TRUE,"adequate_cell_count"
"GSE134809::GSM3972014::Non-inflamed","Plasma::IgA plasma",134,"GSE134809","GSM3972014","GSE134809::GSM3972014","Non-inflamed",2064,1,0.064922480620155,TRUE,"adequate_cell_count"
"GSE134809::GSM3972014::Non-inflamed","Plasma::IgG plasma",20,"GSE134809","GSM3972014","GSE134809::GSM3972014","Non-inflamed",2064,1,0.00968992248062015,TRUE,"adequate_cell_count"
"GSE134809::GSM3972014::Non-inflamed","Plasma::Transitional B",0,"GSE134809","GSM3972014","GSE134809::GSM3972014","Non-inflamed",2064,1,0,FALSE,"absent_zero_cells"
"GSE134809::GSM3972014::Non-inflamed","T_NK",1546,"GSE134809","GSM3972014","GSE134809::GSM3972014","Non-inflamed",2064,1,0.749031007751938,TRUE,"adequate_cell_count"
"GSE134809::GSM3972015::Non-inflamed","B_cell::ActB3",15,"GSE134809","GSM3972015","GSE134809::GSM3972015","Non-inflamed",3016,1,0.00497347480106101,FALSE,"low_cell_count"
"GSE134809::GSM3972015::Non-inflamed","B_cell::CSM",248,"GSE134809","GSM3972015","GSE134809::GSM3972015","Non-inflamed",3016,1,0.0822281167108753,TRUE,"adequate_cell_count"
"GSE134809::GSM3972015::Non-inflamed","B_cell::Centroblast B",15,"GSE134809","GSM3972015","GSE134809::GSM3972015","Non-inflamed",3016,1,0.00497347480106101,FALSE,"low_cell_count"
"GSE134809::GSM3972015::Non-inflamed","B_cell::Centrocyte B",0,"GSE134809","GSM3972015","GSE134809::GSM3972015","Non-inflamed",3016,1,0,FALSE,"absent_zero_cells"
"GSE134809::GSM3972015::Non-inflamed","B_cell::DN2",11,"GSE134809","GSM3972015","GSE134809::GSM3972015","Non-inflamed",3016,1,0.00364721485411141,FALSE,"low_cell_count"
"GSE134809::GSM3972015::Non-inflamed","B_cell::IgM-only",2,"GSE134809","GSM3972015","GSE134809::GSM3972015","Non-inflamed",3016,1,0.000663129973474801,FALSE,"low_cell_count"
"GSE134809::GSM3972015::Non-inflamed","B_cell::MZ",18,"GSE134809","GSM3972015","GSE134809::GSM3972015","Non-inflamed",3016,1,0.00596816976127321,FALSE,"low_cell_count"
"GSE134809::GSM3972015::Non-inflamed","B_cell::Naïve B",742,"GSE134809","GSM3972015","GSE134809::GSM3972015","Non-inflamed",3016,1,0.246021220159151,TRUE,"adequate_cell_count"
"GSE134809::GSM3972015::Non-inflamed","Endothelial",14,"GSE134809","GSM3972015","GSE134809::GSM3972015","Non-inflamed",3016,1,0.00464190981432361,FALSE,"low_cell_count"
"GSE134809::GSM3972015::Non-inflamed","Epithelial",290,"GSE134809","GSM3972015","GSE134809::GSM3972015","Non-inflamed",3016,1,0.0961538461538462,TRUE,"adequate_cell_count"
"GSE134809::GSM3972015::Non-inflamed","Mast",2,"GSE134809","GSM3972015","GSE134809::GSM3972015","Non-inflamed",3016,1,0.000663129973474801,FALSE,"low_cell_count"
"GSE134809::GSM3972015::Non-inflamed","Mesenchymal_stromal",39,"GSE134809","GSM3972015","GSE134809::GSM3972015","Non-inflamed",3016,1,0.0129310344827586,TRUE,"adequate_cell_count"
"GSE134809::GSM3972015::Non-inflamed","Myeloid",108,"GSE134809","GSM3972015","GSE134809::GSM3972015","Non-inflamed",3016,1,0.0358090185676393,TRUE,"adequate_cell_count"
"GSE134809::GSM3972015::Non-inflamed","Plasma::Activated plasma",29,"GSE134809","GSM3972015","GSE134809::GSM3972015","Non-inflamed",3016,1,0.00961538461538462,TRUE,"adequate_cell_count"
"GSE134809::GSM3972015::Non-inflamed","Plasma::IgA plasma",97,"GSE134809","GSM3972015","GSE134809::GSM3972015","Non-inflamed",3016,1,0.0321618037135279,TRUE,"adequate_cell_count"
"GSE134809::GSM3972015::Non-inflamed","Plasma::IgG plasma",17,"GSE134809","GSM3972015","GSE134809::GSM3972015","Non-inflamed",3016,1,0.00563660477453581,FALSE,"low_cell_count"
"GSE134809::GSM3972015::Non-inflamed","Plasma::Transitional B",0,"GSE134809","GSM3972015","GSE134809::GSM3972015","Non-inflamed",3016,1,0,FALSE,"absent_zero_cells"
"GSE134809::GSM3972015::Non-inflamed","T_NK",1369,"GSE134809","GSM3972015","GSE134809::GSM3972015","Non-inflamed",3016,1,0.453912466843501,TRUE,"adequate_cell_count"
"GSE134809::GSM3972016::Inflamed","B_cell::ActB3",37,"GSE134809","GSM3972016","GSE134809::GSM3972016","Inflamed",3899,1,0.00948961272121057,TRUE,"adequate_cell_count"
"GSE134809::GSM3972016::Inflamed","B_cell::CSM",681,"GSE134809","GSM3972016","GSE134809::GSM3972016","Inflamed",3899,1,0.174660169274173,TRUE,"adequate_cell_count"
"GSE134809::GSM3972016::Inflamed","B_cell::Centroblast B",4,"GSE134809","GSM3972016","GSE134809::GSM3972016","Inflamed",3899,1,0.00102590407796871,FALSE,"low_cell_count"
"GSE134809::GSM3972016::Inflamed","B_cell::Centrocyte B",0,"GSE134809","GSM3972016","GSE134809::GSM3972016","Inflamed",3899,1,0,FALSE,"absent_zero_cells"
"GSE134809::GSM3972016::Inflamed","B_cell::DN2",11,"GSE134809","GSM3972016","GSE134809::GSM3972016","Inflamed",3899,1,0.00282123621441395,FALSE,"low_cell_count"
"GSE134809::GSM3972016::Inflamed","B_cell::IgM-only",158,"GSE134809","GSM3972016","GSE134809::GSM3972016","Inflamed",3899,1,0.040523211079764,TRUE,"adequate_cell_count"
"GSE134809::GSM3972016::Inflamed","B_cell::MZ",15,"GSE134809","GSM3972016","GSE134809::GSM3972016","Inflamed",3899,1,0.00384714029238266,FALSE,"low_cell_count"
"GSE134809::GSM3972016::Inflamed","B_cell::Naïve B",782,"GSE134809","GSM3972016","GSE134809::GSM3972016","Inflamed",3899,1,0.200564247242883,TRUE,"adequate_cell_count"
"GSE134809::GSM3972016::Inflamed","Endothelial",61,"GSE134809","GSM3972016","GSE134809::GSM3972016","Inflamed",3899,1,0.0156450371890228,TRUE,"adequate_cell_count"
"GSE134809::GSM3972016::Inflamed","Epithelial",39,"GSE134809","GSM3972016","GSE134809::GSM3972016","Inflamed",3899,1,0.0100025647601949,TRUE,"adequate_cell_count"
"GSE134809::GSM3972016::Inflamed","Mast",9,"GSE134809","GSM3972016","GSE134809::GSM3972016","Inflamed",3899,1,0.0023082841754296,FALSE,"low_cell_count"
"GSE134809::GSM3972016::Inflamed","Mesenchymal_stromal",66,"GSE134809","GSM3972016","GSE134809::GSM3972016","Inflamed",3899,1,0.0169274172864837,TRUE,"adequate_cell_count"
"GSE134809::GSM3972016::Inflamed","Myeloid",193,"GSE134809","GSM3972016","GSE134809::GSM3972016","Inflamed",3899,1,0.0494998717619903,TRUE,"adequate_cell_count"
"GSE134809::GSM3972016::Inflamed","Plasma::Activated plasma",21,"GSE134809","GSM3972016","GSE134809::GSM3972016","Inflamed",3899,1,0.00538599640933573,TRUE,"adequate_cell_count"
"GSE134809::GSM3972016::Inflamed","Plasma::IgA plasma",115,"GSE134809","GSM3972016","GSE134809::GSM3972016","Inflamed",3899,1,0.0294947422416004,TRUE,"adequate_cell_count"
"GSE134809::GSM3972016::Inflamed","Plasma::IgG plasma",189,"GSE134809","GSM3972016","GSE134809::GSM3972016","Inflamed",3899,1,0.0484739676840215,TRUE,"adequate_cell_count"
"GSE134809::GSM3972016::Inflamed","Plasma::Transitional B",4,"GSE134809","GSM3972016","GSE134809::GSM3972016","Inflamed",3899,1,0.00102590407796871,FALSE,"low_cell_count"
"GSE134809::GSM3972016::Inflamed","T_NK",1514,"GSE134809","GSM3972016","GSE134809::GSM3972016","Inflamed",3899,1,0.388304693511157,TRUE,"adequate_cell_count"
"GSE134809::GSM3972017::Inflamed","B_cell::ActB3",3,"GSE134809","GSM3972017","GSE134809::GSM3972017","Inflamed",3474,1,0.000863557858376511,FALSE,"low_cell_count"
"GSE134809::GSM3972017::Inflamed","B_cell::CSM",86,"GSE134809","GSM3972017","GSE134809::GSM3972017","Inflamed",3474,1,0.02475532527346,TRUE,"adequate_cell_count"
"GSE134809::GSM3972017::Inflamed","B_cell::Centroblast B",0,"GSE134809","GSM3972017","GSE134809::GSM3972017","Inflamed",3474,1,0,FALSE,"absent_zero_cells"
"GSE134809::GSM3972017::Inflamed","B_cell::Centrocyte B",0,"GSE134809","GSM3972017","GSE134809::GSM3972017","Inflamed",3474,1,0,FALSE,"absent_zero_cells"
"GSE134809::GSM3972017::Inflamed","B_cell::DN2",9,"GSE134809","GSM3972017","GSE134809::GSM3972017","Inflamed",3474,1,0.00259067357512953,FALSE,"low_cell_count"
"GSE134809::GSM3972017::Inflamed","B_cell::IgM-only",2,"GSE134809","GSM3972017","GSE134809::GSM3972017","Inflamed",3474,1,0.000575705238917674,FALSE,"low_cell_count"
"GSE134809::GSM3972017::Inflamed","B_cell::MZ",2,"GSE134809","GSM3972017","GSE134809::GSM3972017","Inflamed",3474,1,0.000575705238917674,FALSE,"low_cell_count"
"GSE134809::GSM3972017::Inflamed","B_cell::Naïve B",24,"GSE134809","GSM3972017","GSE134809::GSM3972017","Inflamed",3474,1,0.00690846286701209,TRUE,"adequate_cell_count"
"GSE134809::GSM3972017::Inflamed","Endothelial",25,"GSE134809","GSM3972017","GSE134809::GSM3972017","Inflamed",3474,1,0.00719631548647093,TRUE,"adequate_cell_count"
"GSE134809::GSM3972017::Inflamed","Epithelial",567,"GSE134809","GSM3972017","GSE134809::GSM3972017","Inflamed",3474,1,0.163212435233161,TRUE,"adequate_cell_count"
"GSE134809::GSM3972017::Inflamed","Mast",18,"GSE134809","GSM3972017","GSE134809::GSM3972017","Inflamed",3474,1,0.00518134715025907,FALSE,"low_cell_count"
"GSE134809::GSM3972017::Inflamed","Mesenchymal_stromal",21,"GSE134809","GSM3972017","GSE134809::GSM3972017","Inflamed",3474,1,0.00604490500863558,TRUE,"adequate_cell_count"
"GSE134809::GSM3972017::Inflamed","Myeloid",199,"GSE134809","GSM3972017","GSE134809::GSM3972017","Inflamed",3474,1,0.0572826712723086,TRUE,"adequate_cell_count"
"GSE134809::GSM3972017::Inflamed","Plasma::Activated plasma",78,"GSE134809","GSM3972017","GSE134809::GSM3972017","Inflamed",3474,1,0.0224525043177893,TRUE,"adequate_cell_count"
"GSE134809::GSM3972017::Inflamed","Plasma::IgA plasma",519,"GSE134809","GSM3972017","GSE134809::GSM3972017","Inflamed",3474,1,0.149395509499136,TRUE,"adequate_cell_count"
"GSE134809::GSM3972017::Inflamed","Plasma::IgG plasma",8,"GSE134809","GSM3972017","GSE134809::GSM3972017","Inflamed",3474,1,0.0023028209556707,FALSE,"low_cell_count"
"GSE134809::GSM3972017::Inflamed","Plasma::Transitional B",1,"GSE134809","GSM3972017","GSE134809::GSM3972017","Inflamed",3474,1,0.000287852619458837,FALSE,"low_cell_count"
"GSE134809::GSM3972017::Inflamed","T_NK",1912,"GSE134809","GSM3972017","GSE134809::GSM3972017","Inflamed",3474,1,0.550374208405297,TRUE,"adequate_cell_count"
"GSE134809::GSM3972018::Non-inflamed","B_cell::ActB3",5,"GSE134809","GSM3972018","GSE134809::GSM3972018","Non-inflamed",2173,1,0.00230096640589047,FALSE,"low_cell_count"
"GSE134809::GSM3972018::Non-inflamed","B_cell::CSM",69,"GSE134809","GSM3972018","GSE134809::GSM3972018","Non-inflamed",2173,1,0.0317533364012885,TRUE,"adequate_cell_count"
"GSE134809::GSM3972018::Non-inflamed","B_cell::Centroblast B",1,"GSE134809","GSM3972018","GSE134809::GSM3972018","Non-inflamed",2173,1,0.000460193281178095,FALSE,"low_cell_count"
"GSE134809::GSM3972018::Non-inflamed","B_cell::Centrocyte B",0,"GSE134809","GSM3972018","GSE134809::GSM3972018","Non-inflamed",2173,1,0,FALSE,"absent_zero_cells"
"GSE134809::GSM3972018::Non-inflamed","B_cell::DN2",12,"GSE134809","GSM3972018","GSE134809::GSM3972018","Non-inflamed",2173,1,0.00552231937413714,FALSE,"low_cell_count"
"GSE134809::GSM3972018::Non-inflamed","B_cell::IgM-only",0,"GSE134809","GSM3972018","GSE134809::GSM3972018","Non-inflamed",2173,1,0,FALSE,"absent_zero_cells"
"GSE134809::GSM3972018::Non-inflamed","B_cell::MZ",1,"GSE134809","GSM3972018","GSE134809::GSM3972018","Non-inflamed",2173,1,0.000460193281178095,FALSE,"low_cell_count"
"GSE134809::GSM3972018::Non-inflamed","B_cell::Naïve B",29,"GSE134809","GSM3972018","GSE134809::GSM3972018","Non-inflamed",2173,1,0.0133456051541648,TRUE,"adequate_cell_count"
"GSE134809::GSM3972018::Non-inflamed","Endothelial",39,"GSE134809","GSM3972018","GSE134809::GSM3972018","Non-inflamed",2173,1,0.0179475379659457,TRUE,"adequate_cell_count"
"GSE134809::GSM3972018::Non-inflamed","Epithelial",862,"GSE134809","GSM3972018","GSE134809::GSM3972018","Non-inflamed",2173,1,0.396686608375518,TRUE,"adequate_cell_count"
"GSE134809::GSM3972018::Non-inflamed","Mast",17,"GSE134809","GSM3972018","GSE134809::GSM3972018","Non-inflamed",2173,1,0.00782328578002761,FALSE,"low_cell_count"
"GSE134809::GSM3972018::Non-inflamed","Mesenchymal_stromal",73,"GSE134809","GSM3972018","GSE134809::GSM3972018","Non-inflamed",2173,1,0.0335941095260009,TRUE,"adequate_cell_count"
"GSE134809::GSM3972018::Non-inflamed","Myeloid",99,"GSE134809","GSM3972018","GSE134809::GSM3972018","Non-inflamed",2173,1,0.0455591348366314,TRUE,"adequate_cell_count"
"GSE134809::GSM3972018::Non-inflamed","Plasma::Activated plasma",11,"GSE134809","GSM3972018","GSE134809::GSM3972018","Non-inflamed",2173,1,0.00506212609295904,FALSE,"low_cell_count"
"GSE134809::GSM3972018::Non-inflamed","Plasma::IgA plasma",60,"GSE134809","GSM3972018","GSE134809::GSM3972018","Non-inflamed",2173,1,0.0276115968706857,TRUE,"adequate_cell_count"
"GSE134809::GSM3972018::Non-inflamed","Plasma::IgG plasma",4,"GSE134809","GSM3972018","GSE134809::GSM3972018","Non-inflamed",2173,1,0.00184077312471238,FALSE,"low_cell_count"
"GSE134809::GSM3972018::Non-inflamed","Plasma::Transitional B",0,"GSE134809","GSM3972018","GSE134809::GSM3972018","Non-inflamed",2173,1,0,FALSE,"absent_zero_cells"
"GSE134809::GSM3972018::Non-inflamed","T_NK",891,"GSE134809","GSM3972018","GSE134809::GSM3972018","Non-inflamed",2173,1,0.410032213529682,TRUE,"adequate_cell_count"
"GSE134809::GSM3972019::Non-inflamed","B_cell::ActB3",2,"GSE134809","GSM3972019","GSE134809::GSM3972019","Non-inflamed",2747,1,0.000728066982162359,FALSE,"low_cell_count"
"GSE134809::GSM3972019::Non-inflamed","B_cell::CSM",62,"GSE134809","GSM3972019","GSE134809::GSM3972019","Non-inflamed",2747,1,0.0225700764470331,TRUE,"adequate_cell_count"
"GSE134809::GSM3972019::Non-inflamed","B_cell::Centroblast B",2,"GSE134809","GSM3972019","GSE134809::GSM3972019","Non-inflamed",2747,1,0.000728066982162359,FALSE,"low_cell_count"
"GSE134809::GSM3972019::Non-inflamed","B_cell::Centrocyte B",0,"GSE134809","GSM3972019","GSE134809::GSM3972019","Non-inflamed",2747,1,0,FALSE,"absent_zero_cells"
"GSE134809::GSM3972019::Non-inflamed","B_cell::DN2",3,"GSE134809","GSM3972019","GSE134809::GSM3972019","Non-inflamed",2747,1,0.00109210047324354,FALSE,"low_cell_count"
"GSE134809::GSM3972019::Non-inflamed","B_cell::IgM-only",1,"GSE134809","GSM3972019","GSE134809::GSM3972019","Non-inflamed",2747,1,0.000364033491081179,FALSE,"low_cell_count"
"GSE134809::GSM3972019::Non-inflamed","B_cell::MZ",0,"GSE134809","GSM3972019","GSE134809::GSM3972019","Non-inflamed",2747,1,0,FALSE,"absent_zero_cells"
"GSE134809::GSM3972019::Non-inflamed","B_cell::Naïve B",13,"GSE134809","GSM3972019","GSE134809::GSM3972019","Non-inflamed",2747,1,0.00473243538405533,FALSE,"low_cell_count"
"GSE134809::GSM3972019::Non-inflamed","Endothelial",15,"GSE134809","GSM3972019","GSE134809::GSM3972019","Non-inflamed",2747,1,0.00546050236621769,FALSE,"low_cell_count"
"GSE134809::GSM3972019::Non-inflamed","Epithelial",266,"GSE134809","GSM3972019","GSE134809::GSM3972019","Non-inflamed",2747,1,0.0968329086275937,TRUE,"adequate_cell_count"
"GSE134809::GSM3972019::Non-inflamed","Mast",64,"GSE134809","GSM3972019","GSE134809::GSM3972019","Non-inflamed",2747,1,0.0232981434291955,TRUE,"adequate_cell_count"
"GSE134809::GSM3972019::Non-inflamed","Mesenchymal_stromal",69,"GSE134809","GSM3972019","GSE134809::GSM3972019","Non-inflamed",2747,1,0.0251183108846014,TRUE,"adequate_cell_count"
"GSE134809::GSM3972019::Non-inflamed","Myeloid",241,"GSE134809","GSM3972019","GSE134809::GSM3972019","Non-inflamed",2747,1,0.0877320713505643,TRUE,"adequate_cell_count"
"GSE134809::GSM3972019::Non-inflamed","Plasma::Activated plasma",45,"GSE134809","GSM3972019","GSE134809::GSM3972019","Non-inflamed",2747,1,0.0163815070986531,TRUE,"adequate_cell_count"
"GSE134809::GSM3972019::Non-inflamed","Plasma::IgA plasma",487,"GSE134809","GSM3972019","GSE134809::GSM3972019","Non-inflamed",2747,1,0.177284310156534,TRUE,"adequate_cell_count"
"GSE134809::GSM3972019::Non-inflamed","Plasma::IgG plasma",63,"GSE134809","GSM3972019","GSE134809::GSM3972019","Non-inflamed",2747,1,0.0229341099381143,TRUE,"adequate_cell_count"
"GSE134809::GSM3972019::Non-inflamed","Plasma::Transitional B",4,"GSE134809","GSM3972019","GSE134809::GSM3972019","Non-inflamed",2747,1,0.00145613396432472,FALSE,"low_cell_count"
"GSE134809::GSM3972019::Non-inflamed","T_NK",1410,"GSE134809","GSM3972019","GSE134809::GSM3972019","Non-inflamed",2747,1,0.513287222424463,TRUE,"adequate_cell_count"
"GSE134809::GSM3972020::Inflamed","B_cell::ActB3",27,"GSE134809","GSM3972020","GSE134809::GSM3972020","Inflamed",9631,1,0.00280344720174437,TRUE,"adequate_cell_count"
"GSE134809::GSM3972020::Inflamed","B_cell::CSM",1061,"GSE134809","GSM3972020","GSE134809::GSM3972020","Inflamed",9631,1,0.110165091890769,TRUE,"adequate_cell_count"
"GSE134809::GSM3972020::Inflamed","B_cell::Centroblast B",10,"GSE134809","GSM3972020","GSE134809::GSM3972020","Inflamed",9631,1,0.00103831377842384,FALSE,"low_cell_count"
"GSE134809::GSM3972020::Inflamed","B_cell::Centrocyte B",1,"GSE134809","GSM3972020","GSE134809::GSM3972020","Inflamed",9631,1,0.000103831377842384,FALSE,"low_cell_count"
"GSE134809::GSM3972020::Inflamed","B_cell::DN2",27,"GSE134809","GSM3972020","GSE134809::GSM3972020","Inflamed",9631,1,0.00280344720174437,TRUE,"adequate_cell_count"
"GSE134809::GSM3972020::Inflamed","B_cell::IgM-only",59,"GSE134809","GSM3972020","GSE134809::GSM3972020","Inflamed",9631,1,0.00612605129270065,TRUE,"adequate_cell_count"
"GSE134809::GSM3972020::Inflamed","B_cell::MZ",21,"GSE134809","GSM3972020","GSE134809::GSM3972020","Inflamed",9631,1,0.00218045893469006,TRUE,"adequate_cell_count"
"GSE134809::GSM3972020::Inflamed","B_cell::Naïve B",1705,"GSE134809","GSM3972020","GSE134809::GSM3972020","Inflamed",9631,1,0.177032499221265,TRUE,"adequate_cell_count"
"GSE134809::GSM3972020::Inflamed","Endothelial",76,"GSE134809","GSM3972020","GSE134809::GSM3972020","Inflamed",9631,1,0.00789118471602118,TRUE,"adequate_cell_count"
"GSE134809::GSM3972020::Inflamed","Epithelial",95,"GSE134809","GSM3972020","GSE134809::GSM3972020","Inflamed",9631,1,0.00986398089502648,TRUE,"adequate_cell_count"
"GSE134809::GSM3972020::Inflamed","Mast",64,"GSE134809","GSM3972020","GSE134809::GSM3972020","Inflamed",9631,1,0.00664520818191257,TRUE,"adequate_cell_count"
"GSE134809::GSM3972020::Inflamed","Mesenchymal_stromal",35,"GSE134809","GSM3972020","GSE134809::GSM3972020","Inflamed",9631,1,0.00363409822448344,TRUE,"adequate_cell_count"
"GSE134809::GSM3972020::Inflamed","Myeloid",354,"GSE134809","GSM3972020","GSE134809::GSM3972020","Inflamed",9631,1,0.0367563077562039,TRUE,"adequate_cell_count"
"GSE134809::GSM3972020::Inflamed","Plasma::Activated plasma",49,"GSE134809","GSM3972020","GSE134809::GSM3972020","Inflamed",9631,1,0.00508773751427682,TRUE,"adequate_cell_count"
"GSE134809::GSM3972020::Inflamed","Plasma::IgA plasma",634,"GSE134809","GSM3972020","GSE134809::GSM3972020","Inflamed",9631,1,0.0658290935520714,TRUE,"adequate_cell_count"
"GSE134809::GSM3972020::Inflamed","Plasma::IgG plasma",220,"GSE134809","GSM3972020","GSE134809::GSM3972020","Inflamed",9631,1,0.0228429031253245,TRUE,"adequate_cell_count"
"GSE134809::GSM3972020::Inflamed","Plasma::Transitional B",61,"GSE134809","GSM3972020","GSE134809::GSM3972020","Inflamed",9631,1,0.00633371404838542,TRUE,"adequate_cell_count"
"GSE134809::GSM3972020::Inflamed","T_NK",5132,"GSE134809","GSM3972020","GSE134809::GSM3972020","Inflamed",9631,1,0.532862631087115,TRUE,"adequate_cell_count"
"GSE134809::GSM3972021::Non-inflamed","B_cell::ActB3",3,"GSE134809","GSM3972021","GSE134809::GSM3972021","Non-inflamed",5209,1,0.000575926281435976,FALSE,"low_cell_count"
"GSE134809::GSM3972021::Non-inflamed","B_cell::CSM",242,"GSE134809","GSM3972021","GSE134809::GSM3972021","Non-inflamed",5209,1,0.0464580533691687,TRUE,"adequate_cell_count"
"GSE134809::GSM3972021::Non-inflamed","B_cell::Centroblast B",2,"GSE134809","GSM3972021","GSE134809::GSM3972021","Non-inflamed",5209,1,0.000383950854290651,FALSE,"low_cell_count"
"GSE134809::GSM3972021::Non-inflamed","B_cell::Centrocyte B",1,"GSE134809","GSM3972021","GSE134809::GSM3972021","Non-inflamed",5209,1,0.000191975427145325,FALSE,"low_cell_count"
"GSE134809::GSM3972021::Non-inflamed","B_cell::DN2",0,"GSE134809","GSM3972021","GSE134809::GSM3972021","Non-inflamed",5209,1,0,FALSE,"absent_zero_cells"
"GSE134809::GSM3972021::Non-inflamed","B_cell::IgM-only",0,"GSE134809","GSM3972021","GSE134809::GSM3972021","Non-inflamed",5209,1,0,FALSE,"absent_zero_cells"
"GSE134809::GSM3972021::Non-inflamed","B_cell::MZ",0,"GSE134809","GSM3972021","GSE134809::GSM3972021","Non-inflamed",5209,1,0,FALSE,"absent_zero_cells"
"GSE134809::GSM3972021::Non-inflamed","B_cell::Naïve B",35,"GSE134809","GSM3972021","GSE134809::GSM3972021","Non-inflamed",5209,1,0.00671913995008639,TRUE,"adequate_cell_count"
"GSE134809::GSM3972021::Non-inflamed","Endothelial",161,"GSE134809","GSM3972021","GSE134809::GSM3972021","Non-inflamed",5209,1,0.0309080437703974,TRUE,"adequate_cell_count"
"GSE134809::GSM3972021::Non-inflamed","Epithelial",138,"GSE134809","GSM3972021","GSE134809::GSM3972021","Non-inflamed",5209,1,0.0264926089460549,TRUE,"adequate_cell_count"
"GSE134809::GSM3972021::Non-inflamed","Mast",20,"GSE134809","GSM3972021","GSE134809::GSM3972021","Non-inflamed",5209,1,0.00383950854290651,TRUE,"adequate_cell_count"
"GSE134809::GSM3972021::Non-inflamed","Mesenchymal_stromal",51,"GSE134809","GSM3972021","GSE134809::GSM3972021","Non-inflamed",5209,1,0.0097907467844116,TRUE,"adequate_cell_count"
"GSE134809::GSM3972021::Non-inflamed","Myeloid",179,"GSE134809","GSM3972021","GSE134809::GSM3972021","Non-inflamed",5209,1,0.0343636014590132,TRUE,"adequate_cell_count"
"GSE134809::GSM3972021::Non-inflamed","Plasma::Activated plasma",13,"GSE134809","GSM3972021","GSE134809::GSM3972021","Non-inflamed",5209,1,0.00249568055288923,FALSE,"low_cell_count"
"GSE134809::GSM3972021::Non-inflamed","Plasma::IgA plasma",280,"GSE134809","GSM3972021","GSE134809::GSM3972021","Non-inflamed",5209,1,0.0537531196006911,TRUE,"adequate_cell_count"
"GSE134809::GSM3972021::Non-inflamed","Plasma::IgG plasma",10,"GSE134809","GSM3972021","GSE134809::GSM3972021","Non-inflamed",5209,1,0.00191975427145325,FALSE,"low_cell_count"
"GSE134809::GSM3972021::Non-inflamed","Plasma::Transitional B",0,"GSE134809","GSM3972021","GSE134809::GSM3972021","Non-inflamed",5209,1,0,FALSE,"absent_zero_cells"
"GSE134809::GSM3972021::Non-inflamed","T_NK",4074,"GSE134809","GSM3972021","GSE134809::GSM3972021","Non-inflamed",5209,1,0.782107890190056,TRUE,"adequate_cell_count"
"GSE134809::GSM3972022::Inflamed","B_cell::ActB3",4,"GSE134809","GSM3972022","GSE134809::GSM3972022","Inflamed",1792,1,0.00223214285714286,FALSE,"low_cell_count"
"GSE134809::GSM3972022::Inflamed","B_cell::CSM",60,"GSE134809","GSM3972022","GSE134809::GSM3972022","Inflamed",1792,1,0.0334821428571429,TRUE,"adequate_cell_count"
"GSE134809::GSM3972022::Inflamed","B_cell::Centroblast B",0,"GSE134809","GSM3972022","GSE134809::GSM3972022","Inflamed",1792,1,0,FALSE,"absent_zero_cells"
"GSE134809::GSM3972022::Inflamed","B_cell::Centrocyte B",0,"GSE134809","GSM3972022","GSE134809::GSM3972022","Inflamed",1792,1,0,FALSE,"absent_zero_cells"
"GSE134809::GSM3972022::Inflamed","B_cell::DN2",2,"GSE134809","GSM3972022","GSE134809::GSM3972022","Inflamed",1792,1,0.00111607142857143,FALSE,"low_cell_count"
"GSE134809::GSM3972022::Inflamed","B_cell::IgM-only",0,"GSE134809","GSM3972022","GSE134809::GSM3972022","Inflamed",1792,1,0,FALSE,"absent_zero_cells"
"GSE134809::GSM3972022::Inflamed","B_cell::MZ",0,"GSE134809","GSM3972022","GSE134809::GSM3972022","Inflamed",1792,1,0,FALSE,"absent_zero_cells"
"GSE134809::GSM3972022::Inflamed","B_cell::Naïve B",40,"GSE134809","GSM3972022","GSE134809::GSM3972022","Inflamed",1792,1,0.0223214285714286,TRUE,"adequate_cell_count"
"GSE134809::GSM3972022::Inflamed","Endothelial",104,"GSE134809","GSM3972022","GSE134809::GSM3972022","Inflamed",1792,1,0.0580357142857143,TRUE,"adequate_cell_count"
"GSE134809::GSM3972022::Inflamed","Epithelial",27,"GSE134809","GSM3972022","GSE134809::GSM3972022","Inflamed",1792,1,0.0150669642857143,TRUE,"adequate_cell_count"
"GSE134809::GSM3972022::Inflamed","Mast",11,"GSE134809","GSM3972022","GSE134809::GSM3972022","Inflamed",1792,1,0.00613839285714286,FALSE,"low_cell_count"
"GSE134809::GSM3972022::Inflamed","Mesenchymal_stromal",54,"GSE134809","GSM3972022","GSE134809::GSM3972022","Inflamed",1792,1,0.0301339285714286,TRUE,"adequate_cell_count"
"GSE134809::GSM3972022::Inflamed","Myeloid",237,"GSE134809","GSM3972022","GSE134809::GSM3972022","Inflamed",1792,1,0.132254464285714,TRUE,"adequate_cell_count"
"GSE134809::GSM3972022::Inflamed","Plasma::Activated plasma",1,"GSE134809","GSM3972022","GSE134809::GSM3972022","Inflamed",1792,1,0.000558035714285714,FALSE,"low_cell_count"
"GSE134809::GSM3972022::Inflamed","Plasma::IgA plasma",226,"GSE134809","GSM3972022","GSE134809::GSM3972022","Inflamed",1792,1,0.126116071428571,TRUE,"adequate_cell_count"
"GSE134809::GSM3972022::Inflamed","Plasma::IgG plasma",71,"GSE134809","GSM3972022","GSE134809::GSM3972022","Inflamed",1792,1,0.0396205357142857,TRUE,"adequate_cell_count"
"GSE134809::GSM3972022::Inflamed","Plasma::Transitional B",0,"GSE134809","GSM3972022","GSE134809::GSM3972022","Inflamed",1792,1,0,FALSE,"absent_zero_cells"
"GSE134809::GSM3972022::Inflamed","T_NK",955,"GSE134809","GSM3972022","GSE134809::GSM3972022","Inflamed",1792,1,0.532924107142857,TRUE,"adequate_cell_count"
"GSE134809::GSM3972023::Non-inflamed","B_cell::ActB3",6,"GSE134809","GSM3972023","GSE134809::GSM3972023","Non-inflamed",4548,1,0.00131926121372032,FALSE,"low_cell_count"
"GSE134809::GSM3972023::Non-inflamed","B_cell::CSM",125,"GSE134809","GSM3972023","GSE134809::GSM3972023","Non-inflamed",4548,1,0.0274846086191733,TRUE,"adequate_cell_count"
"GSE134809::GSM3972023::Non-inflamed","B_cell::Centroblast B",1,"GSE134809","GSM3972023","GSE134809::GSM3972023","Non-inflamed",4548,1,0.000219876868953386,FALSE,"low_cell_count"
"GSE134809::GSM3972023::Non-inflamed","B_cell::Centrocyte B",0,"GSE134809","GSM3972023","GSE134809::GSM3972023","Non-inflamed",4548,1,0,FALSE,"absent_zero_cells"
"GSE134809::GSM3972023::Non-inflamed","B_cell::DN2",21,"GSE134809","GSM3972023","GSE134809::GSM3972023","Non-inflamed",4548,1,0.00461741424802111,TRUE,"adequate_cell_count"
"GSE134809::GSM3972023::Non-inflamed","B_cell::IgM-only",0,"GSE134809","GSM3972023","GSE134809::GSM3972023","Non-inflamed",4548,1,0,FALSE,"absent_zero_cells"
"GSE134809::GSM3972023::Non-inflamed","B_cell::MZ",0,"GSE134809","GSM3972023","GSE134809::GSM3972023","Non-inflamed",4548,1,0,FALSE,"absent_zero_cells"
"GSE134809::GSM3972023::Non-inflamed","B_cell::Naïve B",6,"GSE134809","GSM3972023","GSE134809::GSM3972023","Non-inflamed",4548,1,0.00131926121372032,FALSE,"low_cell_count"
"GSE134809::GSM3972023::Non-inflamed","Endothelial",244,"GSE134809","GSM3972023","GSE134809::GSM3972023","Non-inflamed",4548,1,0.0536499560246262,TRUE,"adequate_cell_count"
"GSE134809::GSM3972023::Non-inflamed","Epithelial",30,"GSE134809","GSM3972023","GSE134809::GSM3972023","Non-inflamed",4548,1,0.00659630606860158,TRUE,"adequate_cell_count"
"GSE134809::GSM3972023::Non-inflamed","Mast",8,"GSE134809","GSM3972023","GSE134809::GSM3972023","Non-inflamed",4548,1,0.00175901495162709,FALSE,"low_cell_count"
"GSE134809::GSM3972023::Non-inflamed","Mesenchymal_stromal",521,"GSE134809","GSM3972023","GSE134809::GSM3972023","Non-inflamed",4548,1,0.114555848724714,TRUE,"adequate_cell_count"
"GSE134809::GSM3972023::Non-inflamed","Myeloid",319,"GSE134809","GSM3972023","GSE134809::GSM3972023","Non-inflamed",4548,1,0.0701407211961302,TRUE,"adequate_cell_count"
"GSE134809::GSM3972023::Non-inflamed","Plasma::Activated plasma",29,"GSE134809","GSM3972023","GSE134809::GSM3972023","Non-inflamed",4548,1,0.0063764291996482,TRUE,"adequate_cell_count"
"GSE134809::GSM3972023::Non-inflamed","Plasma::IgA plasma",159,"GSE134809","GSM3972023","GSE134809::GSM3972023","Non-inflamed",4548,1,0.0349604221635884,TRUE,"adequate_cell_count"
"GSE134809::GSM3972023::Non-inflamed","Plasma::IgG plasma",16,"GSE134809","GSM3972023","GSE134809::GSM3972023","Non-inflamed",4548,1,0.00351802990325418,FALSE,"low_cell_count"
"GSE134809::GSM3972023::Non-inflamed","Plasma::Transitional B",1,"GSE134809","GSM3972023","GSE134809::GSM3972023","Non-inflamed",4548,1,0.000219876868953386,FALSE,"low_cell_count"
"GSE134809::GSM3972023::Non-inflamed","T_NK",3062,"GSE134809","GSM3972023","GSE134809::GSM3972023","Non-inflamed",4548,1,0.673262972735268,TRUE,"adequate_cell_count"
"GSE134809::GSM3972024::Inflamed","B_cell::ActB3",70,"GSE134809","GSM3972024","GSE134809::GSM3972024","Inflamed",4379,1,0.0159853847910482,TRUE,"adequate_cell_count"
"GSE134809::GSM3972024::Inflamed","B_cell::CSM",346,"GSE134809","GSM3972024","GSE134809::GSM3972024","Inflamed",4379,1,0.0790134733957525,TRUE,"adequate_cell_count"
"GSE134809::GSM3972024::Inflamed","B_cell::Centroblast B",6,"GSE134809","GSM3972024","GSE134809::GSM3972024","Inflamed",4379,1,0.0013701758392327,FALSE,"low_cell_count"
"GSE134809::GSM3972024::Inflamed","B_cell::Centrocyte B",4,"GSE134809","GSM3972024","GSE134809::GSM3972024","Inflamed",4379,1,0.000913450559488468,FALSE,"low_cell_count"
"GSE134809::GSM3972024::Inflamed","B_cell::DN2",10,"GSE134809","GSM3972024","GSE134809::GSM3972024","Inflamed",4379,1,0.00228362639872117,FALSE,"low_cell_count"
"GSE134809::GSM3972024::Inflamed","B_cell::IgM-only",0,"GSE134809","GSM3972024","GSE134809::GSM3972024","Inflamed",4379,1,0,FALSE,"absent_zero_cells"
"GSE134809::GSM3972024::Inflamed","B_cell::MZ",2,"GSE134809","GSM3972024","GSE134809::GSM3972024","Inflamed",4379,1,0.000456725279744234,FALSE,"low_cell_count"
"GSE134809::GSM3972024::Inflamed","B_cell::Naïve B",303,"GSE134809","GSM3972024","GSE134809::GSM3972024","Inflamed",4379,1,0.0691938798812514,TRUE,"adequate_cell_count"
"GSE134809::GSM3972024::Inflamed","Endothelial",59,"GSE134809","GSM3972024","GSE134809::GSM3972024","Inflamed",4379,1,0.0134733957524549,TRUE,"adequate_cell_count"
"GSE134809::GSM3972024::Inflamed","Epithelial",121,"GSE134809","GSM3972024","GSE134809::GSM3972024","Inflamed",4379,1,0.0276318794245262,TRUE,"adequate_cell_count"
"GSE134809::GSM3972024::Inflamed","Mast",5,"GSE134809","GSM3972024","GSE134809::GSM3972024","Inflamed",4379,1,0.00114181319936058,FALSE,"low_cell_count"
"GSE134809::GSM3972024::Inflamed","Mesenchymal_stromal",57,"GSE134809","GSM3972024","GSE134809::GSM3972024","Inflamed",4379,1,0.0130166704727107,TRUE,"adequate_cell_count"
"GSE134809::GSM3972024::Inflamed","Myeloid",204,"GSE134809","GSM3972024","GSE134809::GSM3972024","Inflamed",4379,1,0.0465859785339119,TRUE,"adequate_cell_count"
"GSE134809::GSM3972024::Inflamed","Plasma::Activated plasma",50,"GSE134809","GSM3972024","GSE134809::GSM3972024","Inflamed",4379,1,0.0114181319936058,TRUE,"adequate_cell_count"
"GSE134809::GSM3972024::Inflamed","Plasma::IgA plasma",293,"GSE134809","GSM3972024","GSE134809::GSM3972024","Inflamed",4379,1,0.0669102534825303,TRUE,"adequate_cell_count"
"GSE134809::GSM3972024::Inflamed","Plasma::IgG plasma",18,"GSE134809","GSM3972024","GSE134809::GSM3972024","Inflamed",4379,1,0.00411052751769811,FALSE,"low_cell_count"
"GSE134809::GSM3972024::Inflamed","Plasma::Transitional B",12,"GSE134809","GSM3972024","GSE134809::GSM3972024","Inflamed",4379,1,0.0027403516784654,FALSE,"low_cell_count"
"GSE134809::GSM3972024::Inflamed","T_NK",2819,"GSE134809","GSM3972024","GSE134809::GSM3972024","Inflamed",4379,1,0.643754281799498,TRUE,"adequate_cell_count"
"GSE134809::GSM3972025::Non-inflamed","B_cell::ActB3",8,"GSE134809","GSM3972025","GSE134809::GSM3972025","Non-inflamed",6716,1,0.00119118522930316,FALSE,"low_cell_count"
"GSE134809::GSM3972025::Non-inflamed","B_cell::CSM",319,"GSE134809","GSM3972025","GSE134809::GSM3972025","Non-inflamed",6716,1,0.0474985110184634,TRUE,"adequate_cell_count"
"GSE134809::GSM3972025::Non-inflamed","B_cell::Centroblast B",15,"GSE134809","GSM3972025","GSE134809::GSM3972025","Non-inflamed",6716,1,0.00223347230494342,FALSE,"low_cell_count"
"GSE134809::GSM3972025::Non-inflamed","B_cell::Centrocyte B",27,"GSE134809","GSM3972025","GSE134809::GSM3972025","Non-inflamed",6716,1,0.00402025014889815,TRUE,"adequate_cell_count"
"GSE134809::GSM3972025::Non-inflamed","B_cell::DN2",7,"GSE134809","GSM3972025","GSE134809::GSM3972025","Non-inflamed",6716,1,0.00104228707564026,FALSE,"low_cell_count"
"GSE134809::GSM3972025::Non-inflamed","B_cell::IgM-only",0,"GSE134809","GSM3972025","GSE134809::GSM3972025","Non-inflamed",6716,1,0,FALSE,"absent_zero_cells"
"GSE134809::GSM3972025::Non-inflamed","B_cell::MZ",9,"GSE134809","GSM3972025","GSE134809::GSM3972025","Non-inflamed",6716,1,0.00134008338296605,FALSE,"low_cell_count"
"GSE134809::GSM3972025::Non-inflamed","B_cell::Naïve B",422,"GSE134809","GSM3972025","GSE134809::GSM3972025","Non-inflamed",6716,1,0.0628350208457415,TRUE,"adequate_cell_count"
"GSE134809::GSM3972025::Non-inflamed","Endothelial",189,"GSE134809","GSM3972025","GSE134809::GSM3972025","Non-inflamed",6716,1,0.0281417510422871,TRUE,"adequate_cell_count"
"GSE134809::GSM3972025::Non-inflamed","Epithelial",115,"GSE134809","GSM3972025","GSE134809::GSM3972025","Non-inflamed",6716,1,0.0171232876712329,TRUE,"adequate_cell_count"
"GSE134809::GSM3972025::Non-inflamed","Mast",69,"GSE134809","GSM3972025","GSE134809::GSM3972025","Non-inflamed",6716,1,0.0102739726027397,TRUE,"adequate_cell_count"
"GSE134809::GSM3972025::Non-inflamed","Mesenchymal_stromal",119,"GSE134809","GSM3972025","GSE134809::GSM3972025","Non-inflamed",6716,1,0.0177188802858845,TRUE,"adequate_cell_count"
"GSE134809::GSM3972025::Non-inflamed","Myeloid",430,"GSE134809","GSM3972025","GSE134809::GSM3972025","Non-inflamed",6716,1,0.0640262060750447,TRUE,"adequate_cell_count"
"GSE134809::GSM3972025::Non-inflamed","Plasma::Activated plasma",81,"GSE134809","GSM3972025","GSE134809::GSM3972025","Non-inflamed",6716,1,0.0120607504466945,TRUE,"adequate_cell_count"
"GSE134809::GSM3972025::Non-inflamed","Plasma::IgA plasma",374,"GSE134809","GSM3972025","GSE134809::GSM3972025","Non-inflamed",6716,1,0.0556879094699226,TRUE,"adequate_cell_count"
"GSE134809::GSM3972025::Non-inflamed","Plasma::IgG plasma",19,"GSE134809","GSM3972025","GSE134809::GSM3972025","Non-inflamed",6716,1,0.002829064919595,FALSE,"low_cell_count"
"GSE134809::GSM3972025::Non-inflamed","Plasma::Transitional B",6,"GSE134809","GSM3972025","GSE134809::GSM3972025","Non-inflamed",6716,1,0.000893388921977367,FALSE,"low_cell_count"
"GSE134809::GSM3972025::Non-inflamed","T_NK",4507,"GSE134809","GSM3972025","GSE134809::GSM3972025","Non-inflamed",6716,1,0.671083978558666,TRUE,"adequate_cell_count"
"GSE134809::GSM3972026::Inflamed","B_cell::ActB3",25,"GSE134809","GSM3972026","GSE134809::GSM3972026","Inflamed",8483,1,0.00294707061181186,TRUE,"adequate_cell_count"
"GSE134809::GSM3972026::Inflamed","B_cell::CSM",599,"GSE134809","GSM3972026","GSE134809::GSM3972026","Inflamed",8483,1,0.0706118118590121,TRUE,"adequate_cell_count"
"GSE134809::GSM3972026::Inflamed","B_cell::Centroblast B",28,"GSE134809","GSM3972026","GSE134809::GSM3972026","Inflamed",8483,1,0.00330071908522928,TRUE,"adequate_cell_count"
"GSE134809::GSM3972026::Inflamed","B_cell::Centrocyte B",28,"GSE134809","GSM3972026","GSE134809::GSM3972026","Inflamed",8483,1,0.00330071908522928,TRUE,"adequate_cell_count"
"GSE134809::GSM3972026::Inflamed","B_cell::DN2",16,"GSE134809","GSM3972026","GSE134809::GSM3972026","Inflamed",8483,1,0.00188612519155959,FALSE,"low_cell_count"
"GSE134809::GSM3972026::Inflamed","B_cell::IgM-only",1,"GSE134809","GSM3972026","GSE134809::GSM3972026","Inflamed",8483,1,0.000117882824472474,FALSE,"low_cell_count"
"GSE134809::GSM3972026::Inflamed","B_cell::MZ",4,"GSE134809","GSM3972026","GSE134809::GSM3972026","Inflamed",8483,1,0.000471531297889897,FALSE,"low_cell_count"
"GSE134809::GSM3972026::Inflamed","B_cell::Naïve B",746,"GSE134809","GSM3972026","GSE134809::GSM3972026","Inflamed",8483,1,0.0879405870564659,TRUE,"adequate_cell_count"
"GSE134809::GSM3972026::Inflamed","Endothelial",80,"GSE134809","GSM3972026","GSE134809::GSM3972026","Inflamed",8483,1,0.00943062595779795,TRUE,"adequate_cell_count"
"GSE134809::GSM3972026::Inflamed","Epithelial",78,"GSE134809","GSM3972026","GSE134809::GSM3972026","Inflamed",8483,1,0.009194860308853,TRUE,"adequate_cell_count"
"GSE134809::GSM3972026::Inflamed","Mast",30,"GSE134809","GSM3972026","GSE134809::GSM3972026","Inflamed",8483,1,0.00353648473417423,TRUE,"adequate_cell_count"
"GSE134809::GSM3972026::Inflamed","Mesenchymal_stromal",45,"GSE134809","GSM3972026","GSE134809::GSM3972026","Inflamed",8483,1,0.00530472710126135,TRUE,"adequate_cell_count"
"GSE134809::GSM3972026::Inflamed","Myeloid",434,"GSE134809","GSM3972026","GSE134809::GSM3972026","Inflamed",8483,1,0.0511611458210539,TRUE,"adequate_cell_count"
"GSE134809::GSM3972026::Inflamed","Plasma::Activated plasma",125,"GSE134809","GSM3972026","GSE134809::GSM3972026","Inflamed",8483,1,0.0147353530590593,TRUE,"adequate_cell_count"
"GSE134809::GSM3972026::Inflamed","Plasma::IgA plasma",928,"GSE134809","GSM3972026","GSE134809::GSM3972026","Inflamed",8483,1,0.109395261110456,TRUE,"adequate_cell_count"
"GSE134809::GSM3972026::Inflamed","Plasma::IgG plasma",75,"GSE134809","GSM3972026","GSE134809::GSM3972026","Inflamed",8483,1,0.00884121183543558,TRUE,"adequate_cell_count"
"GSE134809::GSM3972026::Inflamed","Plasma::Transitional B",11,"GSE134809","GSM3972026","GSE134809::GSM3972026","Inflamed",8483,1,0.00129671106919722,FALSE,"low_cell_count"
"GSE134809::GSM3972026::Inflamed","T_NK",5230,"GSE134809","GSM3972026","GSE134809::GSM3972026","Inflamed",8483,1,0.616527171991041,TRUE,"adequate_cell_count"
"GSE134809::GSM3972027::Non-inflamed","B_cell::ActB3",18,"GSE134809","GSM3972027","GSE134809::GSM3972027","Non-inflamed",2220,1,0.00810810810810811,FALSE,"low_cell_count"
"GSE134809::GSM3972027::Non-inflamed","B_cell::CSM",145,"GSE134809","GSM3972027","GSE134809::GSM3972027","Non-inflamed",2220,1,0.0653153153153153,TRUE,"adequate_cell_count"
"GSE134809::GSM3972027::Non-inflamed","B_cell::Centroblast B",5,"GSE134809","GSM3972027","GSE134809::GSM3972027","Non-inflamed",2220,1,0.00225225225225225,FALSE,"low_cell_count"
"GSE134809::GSM3972027::Non-inflamed","B_cell::Centrocyte B",0,"GSE134809","GSM3972027","GSE134809::GSM3972027","Non-inflamed",2220,1,0,FALSE,"absent_zero_cells"
"GSE134809::GSM3972027::Non-inflamed","B_cell::DN2",13,"GSE134809","GSM3972027","GSE134809::GSM3972027","Non-inflamed",2220,1,0.00585585585585586,FALSE,"low_cell_count"
"GSE134809::GSM3972027::Non-inflamed","B_cell::IgM-only",1,"GSE134809","GSM3972027","GSE134809::GSM3972027","Non-inflamed",2220,1,0.000450450450450451,FALSE,"low_cell_count"
"GSE134809::GSM3972027::Non-inflamed","B_cell::MZ",4,"GSE134809","GSM3972027","GSE134809::GSM3972027","Non-inflamed",2220,1,0.0018018018018018,FALSE,"low_cell_count"
"GSE134809::GSM3972027::Non-inflamed","B_cell::Naïve B",25,"GSE134809","GSM3972027","GSE134809::GSM3972027","Non-inflamed",2220,1,0.0112612612612613,TRUE,"adequate_cell_count"
"GSE134809::GSM3972027::Non-inflamed","Endothelial",19,"GSE134809","GSM3972027","GSE134809::GSM3972027","Non-inflamed",2220,1,0.00855855855855856,FALSE,"low_cell_count"
"GSE134809::GSM3972027::Non-inflamed","Epithelial",440,"GSE134809","GSM3972027","GSE134809::GSM3972027","Non-inflamed",2220,1,0.198198198198198,TRUE,"adequate_cell_count"
"GSE134809::GSM3972027::Non-inflamed","Mast",4,"GSE134809","GSM3972027","GSE134809::GSM3972027","Non-inflamed",2220,1,0.0018018018018018,FALSE,"low_cell_count"
"GSE134809::GSM3972027::Non-inflamed","Mesenchymal_stromal",15,"GSE134809","GSM3972027","GSE134809::GSM3972027","Non-inflamed",2220,1,0.00675675675675676,FALSE,"low_cell_count"
"GSE134809::GSM3972027::Non-inflamed","Myeloid",135,"GSE134809","GSM3972027","GSE134809::GSM3972027","Non-inflamed",2220,1,0.0608108108108108,TRUE,"adequate_cell_count"
"GSE134809::GSM3972027::Non-inflamed","Plasma::Activated plasma",48,"GSE134809","GSM3972027","GSE134809::GSM3972027","Non-inflamed",2220,1,0.0216216216216216,TRUE,"adequate_cell_count"
"GSE134809::GSM3972027::Non-inflamed","Plasma::IgA plasma",252,"GSE134809","GSM3972027","GSE134809::GSM3972027","Non-inflamed",2220,1,0.113513513513514,TRUE,"adequate_cell_count"
"GSE134809::GSM3972027::Non-inflamed","Plasma::IgG plasma",18,"GSE134809","GSM3972027","GSE134809::GSM3972027","Non-inflamed",2220,1,0.00810810810810811,FALSE,"low_cell_count"
"GSE134809::GSM3972027::Non-inflamed","Plasma::Transitional B",1,"GSE134809","GSM3972027","GSE134809::GSM3972027","Non-inflamed",2220,1,0.000450450450450451,FALSE,"low_cell_count"
"GSE134809::GSM3972027::Non-inflamed","T_NK",1077,"GSE134809","GSM3972027","GSE134809::GSM3972027","Non-inflamed",2220,1,0.485135135135135,TRUE,"adequate_cell_count"
"GSE134809::GSM3972028::Inflamed","B_cell::ActB3",28,"GSE134809","GSM3972028","GSE134809::GSM3972028","Inflamed",2129,1,0.0131517144199155,TRUE,"adequate_cell_count"
"GSE134809::GSM3972028::Inflamed","B_cell::CSM",156,"GSE134809","GSM3972028","GSE134809::GSM3972028","Inflamed",2129,1,0.0732738374823861,TRUE,"adequate_cell_count"
"GSE134809::GSM3972028::Inflamed","B_cell::Centroblast B",2,"GSE134809","GSM3972028","GSE134809::GSM3972028","Inflamed",2129,1,0.000939408172851104,FALSE,"low_cell_count"
"GSE134809::GSM3972028::Inflamed","B_cell::Centrocyte B",0,"GSE134809","GSM3972028","GSE134809::GSM3972028","Inflamed",2129,1,0,FALSE,"absent_zero_cells"
"GSE134809::GSM3972028::Inflamed","B_cell::DN2",22,"GSE134809","GSM3972028","GSE134809::GSM3972028","Inflamed",2129,1,0.0103334899013621,TRUE,"adequate_cell_count"
"GSE134809::GSM3972028::Inflamed","B_cell::IgM-only",11,"GSE134809","GSM3972028","GSE134809::GSM3972028","Inflamed",2129,1,0.00516674495068107,FALSE,"low_cell_count"
"GSE134809::GSM3972028::Inflamed","B_cell::MZ",2,"GSE134809","GSM3972028","GSE134809::GSM3972028","Inflamed",2129,1,0.000939408172851104,FALSE,"low_cell_count"
"GSE134809::GSM3972028::Inflamed","B_cell::Naïve B",26,"GSE134809","GSM3972028","GSE134809::GSM3972028","Inflamed",2129,1,0.0122123062470643,TRUE,"adequate_cell_count"
"GSE134809::GSM3972028::Inflamed","Endothelial",30,"GSE134809","GSM3972028","GSE134809::GSM3972028","Inflamed",2129,1,0.0140911225927666,TRUE,"adequate_cell_count"
"GSE134809::GSM3972028::Inflamed","Epithelial",184,"GSE134809","GSM3972028","GSE134809::GSM3972028","Inflamed",2129,1,0.0864255519023016,TRUE,"adequate_cell_count"
"GSE134809::GSM3972028::Inflamed","Mast",9,"GSE134809","GSM3972028","GSE134809::GSM3972028","Inflamed",2129,1,0.00422733677782997,FALSE,"low_cell_count"
"GSE134809::GSM3972028::Inflamed","Mesenchymal_stromal",67,"GSE134809","GSM3972028","GSE134809::GSM3972028","Inflamed",2129,1,0.031470173790512,TRUE,"adequate_cell_count"
"GSE134809::GSM3972028::Inflamed","Myeloid",251,"GSE134809","GSM3972028","GSE134809::GSM3972028","Inflamed",2129,1,0.117895725692814,TRUE,"adequate_cell_count"
"GSE134809::GSM3972028::Inflamed","Plasma::Activated plasma",83,"GSE134809","GSM3972028","GSE134809::GSM3972028","Inflamed",2129,1,0.0389854391733208,TRUE,"adequate_cell_count"
"GSE134809::GSM3972028::Inflamed","Plasma::IgA plasma",237,"GSE134809","GSM3972028","GSE134809::GSM3972028","Inflamed",2129,1,0.111319868482856,TRUE,"adequate_cell_count"
"GSE134809::GSM3972028::Inflamed","Plasma::IgG plasma",63,"GSE134809","GSM3972028","GSE134809::GSM3972028","Inflamed",2129,1,0.0295913574448098,TRUE,"adequate_cell_count"
"GSE134809::GSM3972028::Inflamed","Plasma::Transitional B",3,"GSE134809","GSM3972028","GSE134809::GSM3972028","Inflamed",2129,1,0.00140911225927666,FALSE,"low_cell_count"
"GSE134809::GSM3972028::Inflamed","T_NK",955,"GSE134809","GSM3972028","GSE134809::GSM3972028","Inflamed",2129,1,0.448567402536402,TRUE,"adequate_cell_count"
"GSE134809::GSM3972029::Non-inflamed","B_cell::ActB3",0,"GSE134809","GSM3972029","GSE134809::GSM3972029","Non-inflamed",2782,1,0,FALSE,"absent_zero_cells"
"GSE134809::GSM3972029::Non-inflamed","B_cell::CSM",92,"GSE134809","GSM3972029","GSE134809::GSM3972029","Non-inflamed",2782,1,0.0330697340043134,TRUE,"adequate_cell_count"
"GSE134809::GSM3972029::Non-inflamed","B_cell::Centroblast B",0,"GSE134809","GSM3972029","GSE134809::GSM3972029","Non-inflamed",2782,1,0,FALSE,"absent_zero_cells"
"GSE134809::GSM3972029::Non-inflamed","B_cell::Centrocyte B",0,"GSE134809","GSM3972029","GSE134809::GSM3972029","Non-inflamed",2782,1,0,FALSE,"absent_zero_cells"
"GSE134809::GSM3972029::Non-inflamed","B_cell::DN2",6,"GSE134809","GSM3972029","GSE134809::GSM3972029","Non-inflamed",2782,1,0.00215672178289001,FALSE,"low_cell_count"
"GSE134809::GSM3972029::Non-inflamed","B_cell::IgM-only",2,"GSE134809","GSM3972029","GSE134809::GSM3972029","Non-inflamed",2782,1,0.000718907260963336,FALSE,"low_cell_count"
"GSE134809::GSM3972029::Non-inflamed","B_cell::MZ",0,"GSE134809","GSM3972029","GSE134809::GSM3972029","Non-inflamed",2782,1,0,FALSE,"absent_zero_cells"
"GSE134809::GSM3972029::Non-inflamed","B_cell::Naïve B",10,"GSE134809","GSM3972029","GSE134809::GSM3972029","Non-inflamed",2782,1,0.00359453630481668,FALSE,"low_cell_count"
"GSE134809::GSM3972029::Non-inflamed","Endothelial",150,"GSE134809","GSM3972029","GSE134809::GSM3972029","Non-inflamed",2782,1,0.0539180445722502,TRUE,"adequate_cell_count"
"GSE134809::GSM3972029::Non-inflamed","Epithelial",39,"GSE134809","GSM3972029","GSE134809::GSM3972029","Non-inflamed",2782,1,0.014018691588785,TRUE,"adequate_cell_count"
"GSE134809::GSM3972029::Non-inflamed","Mast",47,"GSE134809","GSM3972029","GSE134809::GSM3972029","Non-inflamed",2782,1,0.0168943206326384,TRUE,"adequate_cell_count"
"GSE134809::GSM3972029::Non-inflamed","Mesenchymal_stromal",88,"GSE134809","GSM3972029","GSE134809::GSM3972029","Non-inflamed",2782,1,0.0316319194823868,TRUE,"adequate_cell_count"
"GSE134809::GSM3972029::Non-inflamed","Myeloid",126,"GSE134809","GSM3972029","GSE134809::GSM3972029","Non-inflamed",2782,1,0.0452911574406902,TRUE,"adequate_cell_count"
"GSE134809::GSM3972029::Non-inflamed","Plasma::Activated plasma",39,"GSE134809","GSM3972029","GSE134809::GSM3972029","Non-inflamed",2782,1,0.014018691588785,TRUE,"adequate_cell_count"
"GSE134809::GSM3972029::Non-inflamed","Plasma::IgA plasma",121,"GSE134809","GSM3972029","GSE134809::GSM3972029","Non-inflamed",2782,1,0.0434938892882818,TRUE,"adequate_cell_count"
"GSE134809::GSM3972029::Non-inflamed","Plasma::IgG plasma",17,"GSE134809","GSM3972029","GSE134809::GSM3972029","Non-inflamed",2782,1,0.00611071171818835,FALSE,"low_cell_count"
"GSE134809::GSM3972029::Non-inflamed","Plasma::Transitional B",0,"GSE134809","GSM3972029","GSE134809::GSM3972029","Non-inflamed",2782,1,0,FALSE,"absent_zero_cells"
"GSE134809::GSM3972029::Non-inflamed","T_NK",2045,"GSE134809","GSM3972029","GSE134809::GSM3972029","Non-inflamed",2782,1,0.735082674335011,TRUE,"adequate_cell_count"
"GSE134809::GSM3972030::Inflamed","B_cell::ActB3",8,"GSE134809","GSM3972030","GSE134809::GSM3972030","Inflamed",3716,1,0.00215285252960172,FALSE,"low_cell_count"
"GSE134809::GSM3972030::Inflamed","B_cell::CSM",98,"GSE134809","GSM3972030","GSE134809::GSM3972030","Inflamed",3716,1,0.0263724434876211,TRUE,"adequate_cell_count"
"GSE134809::GSM3972030::Inflamed","B_cell::Centroblast B",0,"GSE134809","GSM3972030","GSE134809::GSM3972030","Inflamed",3716,1,0,FALSE,"absent_zero_cells"
"GSE134809::GSM3972030::Inflamed","B_cell::Centrocyte B",0,"GSE134809","GSM3972030","GSE134809::GSM3972030","Inflamed",3716,1,0,FALSE,"absent_zero_cells"
"GSE134809::GSM3972030::Inflamed","B_cell::DN2",23,"GSE134809","GSM3972030","GSE134809::GSM3972030","Inflamed",3716,1,0.00618945102260495,TRUE,"adequate_cell_count"
"GSE134809::GSM3972030::Inflamed","B_cell::IgM-only",5,"GSE134809","GSM3972030","GSE134809::GSM3972030","Inflamed",3716,1,0.00134553283100108,FALSE,"low_cell_count"
"GSE134809::GSM3972030::Inflamed","B_cell::MZ",0,"GSE134809","GSM3972030","GSE134809::GSM3972030","Inflamed",3716,1,0,FALSE,"absent_zero_cells"
"GSE134809::GSM3972030::Inflamed","B_cell::Naïve B",5,"GSE134809","GSM3972030","GSE134809::GSM3972030","Inflamed",3716,1,0.00134553283100108,FALSE,"low_cell_count"
"GSE134809::GSM3972030::Inflamed","Endothelial",124,"GSE134809","GSM3972030","GSE134809::GSM3972030","Inflamed",3716,1,0.0333692142088267,TRUE,"adequate_cell_count"
"GSE134809::GSM3972030::Inflamed","Epithelial",40,"GSE134809","GSM3972030","GSE134809::GSM3972030","Inflamed",3716,1,0.0107642626480086,TRUE,"adequate_cell_count"
"GSE134809::GSM3972030::Inflamed","Mast",87,"GSE134809","GSM3972030","GSE134809::GSM3972030","Inflamed",3716,1,0.0234122712594187,TRUE,"adequate_cell_count"
"GSE134809::GSM3972030::Inflamed","Mesenchymal_stromal",213,"GSE134809","GSM3972030","GSE134809::GSM3972030","Inflamed",3716,1,0.0573196986006459,TRUE,"adequate_cell_count"
"GSE134809::GSM3972030::Inflamed","Myeloid",320,"GSE134809","GSM3972030","GSE134809::GSM3972030","Inflamed",3716,1,0.0861141011840689,TRUE,"adequate_cell_count"
"GSE134809::GSM3972030::Inflamed","Plasma::Activated plasma",107,"GSE134809","GSM3972030","GSE134809::GSM3972030","Inflamed",3716,1,0.028794402583423,TRUE,"adequate_cell_count"
"GSE134809::GSM3972030::Inflamed","Plasma::IgA plasma",364,"GSE134809","GSM3972030","GSE134809::GSM3972030","Inflamed",3716,1,0.0979547900968784,TRUE,"adequate_cell_count"
"GSE134809::GSM3972030::Inflamed","Plasma::IgG plasma",41,"GSE134809","GSM3972030","GSE134809::GSM3972030","Inflamed",3716,1,0.0110333692142088,TRUE,"adequate_cell_count"
"GSE134809::GSM3972030::Inflamed","Plasma::Transitional B",2,"GSE134809","GSM3972030","GSE134809::GSM3972030","Inflamed",3716,1,0.000538213132400431,FALSE,"low_cell_count"
"GSE134809::GSM3972030::Inflamed","T_NK",2279,"GSE134809","GSM3972030","GSE134809::GSM3972030","Inflamed",3716,1,0.613293864370291,TRUE,"adequate_cell_count"
"JCI2024::1::Non-stricture","B_cell::ActB3",1,"JCI2024","1","JCI2024::1","Non-stricture",3466,1,0.000288517022504328,FALSE,"low_cell_count"
"JCI2024::1::Non-stricture","B_cell::CSM",109,"JCI2024","1","JCI2024::1","Non-stricture",3466,1,0.0314483554529717,TRUE,"adequate_cell_count"
"JCI2024::1::Non-stricture","B_cell::Centroblast B",7,"JCI2024","1","JCI2024::1","Non-stricture",3466,1,0.00201961915753029,FALSE,"low_cell_count"
"JCI2024::1::Non-stricture","B_cell::Centrocyte B",2,"JCI2024","1","JCI2024::1","Non-stricture",3466,1,0.000577034045008656,FALSE,"low_cell_count"
"JCI2024::1::Non-stricture","B_cell::DN2",11,"JCI2024","1","JCI2024::1","Non-stricture",3466,1,0.00317368724754761,FALSE,"low_cell_count"
"JCI2024::1::Non-stricture","B_cell::IgM-only",9,"JCI2024","1","JCI2024::1","Non-stricture",3466,1,0.00259665320253895,FALSE,"low_cell_count"
"JCI2024::1::Non-stricture","B_cell::MZ",6,"JCI2024","1","JCI2024::1","Non-stricture",3466,1,0.00173110213502597,FALSE,"low_cell_count"
"JCI2024::1::Non-stricture","B_cell::Naïve B",11,"JCI2024","1","JCI2024::1","Non-stricture",3466,1,0.00317368724754761,FALSE,"low_cell_count"
"JCI2024::1::Non-stricture","Endothelial",291,"JCI2024","1","JCI2024::1","Non-stricture",3466,1,0.0839584535487594,TRUE,"adequate_cell_count"
"JCI2024::1::Non-stricture","Epithelial",43,"JCI2024","1","JCI2024::1","Non-stricture",3466,1,0.0124062319676861,TRUE,"adequate_cell_count"
"JCI2024::1::Non-stricture","Mast",445,"JCI2024","1","JCI2024::1","Non-stricture",3466,1,0.128390075014426,TRUE,"adequate_cell_count"
"JCI2024::1::Non-stricture","Mesenchymal_stromal",585,"JCI2024","1","JCI2024::1","Non-stricture",3466,1,0.168782458165032,TRUE,"adequate_cell_count"
"JCI2024::1::Non-stricture","Myeloid",300,"JCI2024","1","JCI2024::1","Non-stricture",3466,1,0.0865551067512983,TRUE,"adequate_cell_count"
"JCI2024::1::Non-stricture","Plasma::Activated plasma",28,"JCI2024","1","JCI2024::1","Non-stricture",3466,1,0.00807847663012118,TRUE,"adequate_cell_count"
"JCI2024::1::Non-stricture","Plasma::IgA plasma",55,"JCI2024","1","JCI2024::1","Non-stricture",3466,1,0.015868436237738,TRUE,"adequate_cell_count"
"JCI2024::1::Non-stricture","Plasma::IgG plasma",6,"JCI2024","1","JCI2024::1","Non-stricture",3466,1,0.00173110213502597,FALSE,"low_cell_count"
"JCI2024::1::Non-stricture","Plasma::Transitional B",0,"JCI2024","1","JCI2024::1","Non-stricture",3466,1,0,FALSE,"absent_zero_cells"
"JCI2024::1::Non-stricture","T_NK",1557,"JCI2024","1","JCI2024::1","Non-stricture",3466,1,0.449221004039238,TRUE,"adequate_cell_count"
"JCI2024::1::Stricture","B_cell::ActB3",5,"JCI2024","1","JCI2024::1","Stricture",5974,1,0.000836960160696351,FALSE,"low_cell_count"
"JCI2024::1::Stricture","B_cell::CSM",219,"JCI2024","1","JCI2024::1","Stricture",5974,1,0.0366588550385002,TRUE,"adequate_cell_count"
"JCI2024::1::Stricture","B_cell::Centroblast B",8,"JCI2024","1","JCI2024::1","Stricture",5974,1,0.00133913625711416,FALSE,"low_cell_count"
"JCI2024::1::Stricture","B_cell::Centrocyte B",2,"JCI2024","1","JCI2024::1","Stricture",5974,1,0.00033478406427854,FALSE,"low_cell_count"
"JCI2024::1::Stricture","B_cell::DN2",16,"JCI2024","1","JCI2024::1","Stricture",5974,1,0.00267827251422832,FALSE,"low_cell_count"
"JCI2024::1::Stricture","B_cell::IgM-only",25,"JCI2024","1","JCI2024::1","Stricture",5974,1,0.00418480080348175,TRUE,"adequate_cell_count"
"JCI2024::1::Stricture","B_cell::MZ",2,"JCI2024","1","JCI2024::1","Stricture",5974,1,0.00033478406427854,FALSE,"low_cell_count"
"JCI2024::1::Stricture","B_cell::Naïve B",28,"JCI2024","1","JCI2024::1","Stricture",5974,1,0.00468697689989956,TRUE,"adequate_cell_count"
"JCI2024::1::Stricture","Endothelial",852,"JCI2024","1","JCI2024::1","Stricture",5974,1,0.142618011382658,TRUE,"adequate_cell_count"
"JCI2024::1::Stricture","Epithelial",60,"JCI2024","1","JCI2024::1","Stricture",5974,1,0.0100435219283562,TRUE,"adequate_cell_count"
"JCI2024::1::Stricture","Mast",342,"JCI2024","1","JCI2024::1","Stricture",5974,1,0.0572480749916304,TRUE,"adequate_cell_count"
"JCI2024::1::Stricture","Mesenchymal_stromal",1798,"JCI2024","1","JCI2024::1","Stricture",5974,1,0.300970873786408,TRUE,"adequate_cell_count"
"JCI2024::1::Stricture","Myeloid",603,"JCI2024","1","JCI2024::1","Stricture",5974,1,0.10093739537998,TRUE,"adequate_cell_count"
"JCI2024::1::Stricture","Plasma::Activated plasma",55,"JCI2024","1","JCI2024::1","Stricture",5974,1,0.00920656176765986,TRUE,"adequate_cell_count"
"JCI2024::1::Stricture","Plasma::IgA plasma",77,"JCI2024","1","JCI2024::1","Stricture",5974,1,0.0128891864747238,TRUE,"adequate_cell_count"
"JCI2024::1::Stricture","Plasma::IgG plasma",107,"JCI2024","1","JCI2024::1","Stricture",5974,1,0.0179109474389019,TRUE,"adequate_cell_count"
"JCI2024::1::Stricture","Plasma::Transitional B",1,"JCI2024","1","JCI2024::1","Stricture",5974,1,0.00016739203213927,FALSE,"low_cell_count"
"JCI2024::1::Stricture","T_NK",1774,"JCI2024","1","JCI2024::1","Stricture",5974,1,0.296953465015065,TRUE,"adequate_cell_count"
"JCI2024::2::Non-stricture","B_cell::ActB3",3,"JCI2024","2","JCI2024::2","Non-stricture",7413,1,0.000404694455685957,FALSE,"low_cell_count"
"JCI2024::2::Non-stricture","B_cell::CSM",115,"JCI2024","2","JCI2024::2","Non-stricture",7413,1,0.0155132874679617,TRUE,"adequate_cell_count"
"JCI2024::2::Non-stricture","B_cell::Centroblast B",1,"JCI2024","2","JCI2024::2","Non-stricture",7413,1,0.000134898151895319,FALSE,"low_cell_count"
"JCI2024::2::Non-stricture","B_cell::Centrocyte B",0,"JCI2024","2","JCI2024::2","Non-stricture",7413,1,0,FALSE,"absent_zero_cells"
"JCI2024::2::Non-stricture","B_cell::DN2",22,"JCI2024","2","JCI2024::2","Non-stricture",7413,1,0.00296775934169702,TRUE,"adequate_cell_count"
"JCI2024::2::Non-stricture","B_cell::IgM-only",9,"JCI2024","2","JCI2024::2","Non-stricture",7413,1,0.00121408336705787,FALSE,"low_cell_count"
"JCI2024::2::Non-stricture","B_cell::MZ",1,"JCI2024","2","JCI2024::2","Non-stricture",7413,1,0.000134898151895319,FALSE,"low_cell_count"
"JCI2024::2::Non-stricture","B_cell::Naïve B",5,"JCI2024","2","JCI2024::2","Non-stricture",7413,1,0.000674490759476595,FALSE,"low_cell_count"
"JCI2024::2::Non-stricture","Endothelial",703,"JCI2024","2","JCI2024::2","Non-stricture",7413,1,0.0948334007824093,TRUE,"adequate_cell_count"
"JCI2024::2::Non-stricture","Epithelial",64,"JCI2024","2","JCI2024::2","Non-stricture",7413,1,0.00863348172130042,TRUE,"adequate_cell_count"
"JCI2024::2::Non-stricture","Mast",717,"JCI2024","2","JCI2024::2","Non-stricture",7413,1,0.0967219749089437,TRUE,"adequate_cell_count"
"JCI2024::2::Non-stricture","Mesenchymal_stromal",1542,"JCI2024","2","JCI2024::2","Non-stricture",7413,1,0.208012950222582,TRUE,"adequate_cell_count"
"JCI2024::2::Non-stricture","Myeloid",261,"JCI2024","2","JCI2024::2","Non-stricture",7413,1,0.0352084176446783,TRUE,"adequate_cell_count"
"JCI2024::2::Non-stricture","Plasma::Activated plasma",105,"JCI2024","2","JCI2024::2","Non-stricture",7413,1,0.0141643059490085,TRUE,"adequate_cell_count"
"JCI2024::2::Non-stricture","Plasma::IgA plasma",92,"JCI2024","2","JCI2024::2","Non-stricture",7413,1,0.0124106299743694,TRUE,"adequate_cell_count"
"JCI2024::2::Non-stricture","Plasma::IgG plasma",8,"JCI2024","2","JCI2024::2","Non-stricture",7413,1,0.00107918521516255,FALSE,"low_cell_count"
"JCI2024::2::Non-stricture","Plasma::Transitional B",2,"JCI2024","2","JCI2024::2","Non-stricture",7413,1,0.000269796303790638,FALSE,"low_cell_count"
"JCI2024::2::Non-stricture","T_NK",3763,"JCI2024","2","JCI2024::2","Non-stricture",7413,1,0.507621745582086,TRUE,"adequate_cell_count"
"JCI2024::2::Stricture","B_cell::ActB3",5,"JCI2024","2","JCI2024::2","Stricture",9764,1,0.000512085210979107,FALSE,"low_cell_count"
"JCI2024::2::Stricture","B_cell::CSM",113,"JCI2024","2","JCI2024::2","Stricture",9764,1,0.0115731257681278,TRUE,"adequate_cell_count"
"JCI2024::2::Stricture","B_cell::Centroblast B",12,"JCI2024","2","JCI2024::2","Stricture",9764,1,0.00122900450634986,FALSE,"low_cell_count"
"JCI2024::2::Stricture","B_cell::Centrocyte B",3,"JCI2024","2","JCI2024::2","Stricture",9764,1,0.000307251126587464,FALSE,"low_cell_count"
"JCI2024::2::Stricture","B_cell::DN2",33,"JCI2024","2","JCI2024::2","Stricture",9764,1,0.00337976239246211,TRUE,"adequate_cell_count"
"JCI2024::2::Stricture","B_cell::IgM-only",2,"JCI2024","2","JCI2024::2","Stricture",9764,1,0.000204834084391643,FALSE,"low_cell_count"
"JCI2024::2::Stricture","B_cell::MZ",7,"JCI2024","2","JCI2024::2","Stricture",9764,1,0.00071691929537075,FALSE,"low_cell_count"
"JCI2024::2::Stricture","B_cell::Naïve B",53,"JCI2024","2","JCI2024::2","Stricture",9764,1,0.00542810323637853,TRUE,"adequate_cell_count"
"JCI2024::2::Stricture","Endothelial",961,"JCI2024","2","JCI2024::2","Stricture",9764,1,0.0984227775501843,TRUE,"adequate_cell_count"
"JCI2024::2::Stricture","Epithelial",90,"JCI2024","2","JCI2024::2","Stricture",9764,1,0.00921753379762393,TRUE,"adequate_cell_count"
"JCI2024::2::Stricture","Mast",808,"JCI2024","2","JCI2024::2","Stricture",9764,1,0.0827529700942237,TRUE,"adequate_cell_count"
"JCI2024::2::Stricture","Mesenchymal_stromal",1984,"JCI2024","2","JCI2024::2","Stricture",9764,1,0.20319541171651,TRUE,"adequate_cell_count"
"JCI2024::2::Stricture","Myeloid",874,"JCI2024","2","JCI2024::2","Stricture",9764,1,0.0895124948791479,TRUE,"adequate_cell_count"
"JCI2024::2::Stricture","Plasma::Activated plasma",59,"JCI2024","2","JCI2024::2","Stricture",9764,1,0.00604260548955346,TRUE,"adequate_cell_count"
"JCI2024::2::Stricture","Plasma::IgA plasma",79,"JCI2024","2","JCI2024::2","Stricture",9764,1,0.00809094633346989,TRUE,"adequate_cell_count"
"JCI2024::2::Stricture","Plasma::IgG plasma",73,"JCI2024","2","JCI2024::2","Stricture",9764,1,0.00747644408029496,TRUE,"adequate_cell_count"
"JCI2024::2::Stricture","Plasma::Transitional B",2,"JCI2024","2","JCI2024::2","Stricture",9764,1,0.000204834084391643,FALSE,"low_cell_count"
"JCI2024::2::Stricture","T_NK",4606,"JCI2024","2","JCI2024::2","Stricture",9764,1,0.471732896353953,TRUE,"adequate_cell_count"
"JCI2024::3::Non-stricture","B_cell::ActB3",0,"JCI2024","3","JCI2024::3","Non-stricture",3979,1,0,FALSE,"absent_zero_cells"
"JCI2024::3::Non-stricture","B_cell::CSM",107,"JCI2024","3","JCI2024::3","Non-stricture",3979,1,0.0268911786881126,TRUE,"adequate_cell_count"
"JCI2024::3::Non-stricture","B_cell::Centroblast B",2,"JCI2024","3","JCI2024::3","Non-stricture",3979,1,0.000502638853983413,FALSE,"low_cell_count"
"JCI2024::3::Non-stricture","B_cell::Centrocyte B",0,"JCI2024","3","JCI2024::3","Non-stricture",3979,1,0,FALSE,"absent_zero_cells"
"JCI2024::3::Non-stricture","B_cell::DN2",8,"JCI2024","3","JCI2024::3","Non-stricture",3979,1,0.00201055541593365,FALSE,"low_cell_count"
"JCI2024::3::Non-stricture","B_cell::IgM-only",4,"JCI2024","3","JCI2024::3","Non-stricture",3979,1,0.00100527770796683,FALSE,"low_cell_count"
"JCI2024::3::Non-stricture","B_cell::MZ",1,"JCI2024","3","JCI2024::3","Non-stricture",3979,1,0.000251319426991706,FALSE,"low_cell_count"
"JCI2024::3::Non-stricture","B_cell::Naïve B",5,"JCI2024","3","JCI2024::3","Non-stricture",3979,1,0.00125659713495853,FALSE,"low_cell_count"
"JCI2024::3::Non-stricture","Endothelial",291,"JCI2024","3","JCI2024::3","Non-stricture",3979,1,0.0731339532545866,TRUE,"adequate_cell_count"
"JCI2024::3::Non-stricture","Epithelial",19,"JCI2024","3","JCI2024::3","Non-stricture",3979,1,0.00477506911284242,FALSE,"low_cell_count"
"JCI2024::3::Non-stricture","Mast",271,"JCI2024","3","JCI2024::3","Non-stricture",3979,1,0.0681075647147525,TRUE,"adequate_cell_count"
"JCI2024::3::Non-stricture","Mesenchymal_stromal",726,"JCI2024","3","JCI2024::3","Non-stricture",3979,1,0.182457903995979,TRUE,"adequate_cell_count"
"JCI2024::3::Non-stricture","Myeloid",212,"JCI2024","3","JCI2024::3","Non-stricture",3979,1,0.0532797185222418,TRUE,"adequate_cell_count"
"JCI2024::3::Non-stricture","Plasma::Activated plasma",78,"JCI2024","3","JCI2024::3","Non-stricture",3979,1,0.0196029153053531,TRUE,"adequate_cell_count"
"JCI2024::3::Non-stricture","Plasma::IgA plasma",230,"JCI2024","3","JCI2024::3","Non-stricture",3979,1,0.0578034682080925,TRUE,"adequate_cell_count"
"JCI2024::3::Non-stricture","Plasma::IgG plasma",9,"JCI2024","3","JCI2024::3","Non-stricture",3979,1,0.00226187484292536,FALSE,"low_cell_count"
"JCI2024::3::Non-stricture","Plasma::Transitional B",1,"JCI2024","3","JCI2024::3","Non-stricture",3979,1,0.000251319426991706,FALSE,"low_cell_count"
"JCI2024::3::Non-stricture","T_NK",2015,"JCI2024","3","JCI2024::3","Non-stricture",3979,1,0.506408645388289,TRUE,"adequate_cell_count"
"JCI2024::3::Stricture","B_cell::ActB3",3,"JCI2024","3","JCI2024::3","Stricture",9655,1,0.000310719834282755,FALSE,"low_cell_count"
"JCI2024::3::Stricture","B_cell::CSM",232,"JCI2024","3","JCI2024::3","Stricture",9655,1,0.0240290005178664,TRUE,"adequate_cell_count"
"JCI2024::3::Stricture","B_cell::Centroblast B",9,"JCI2024","3","JCI2024::3","Stricture",9655,1,0.000932159502848265,FALSE,"low_cell_count"
"JCI2024::3::Stricture","B_cell::Centrocyte B",1,"JCI2024","3","JCI2024::3","Stricture",9655,1,0.000103573278094252,FALSE,"low_cell_count"
"JCI2024::3::Stricture","B_cell::DN2",39,"JCI2024","3","JCI2024::3","Stricture",9655,1,0.00403935784567582,TRUE,"adequate_cell_count"
"JCI2024::3::Stricture","B_cell::IgM-only",13,"JCI2024","3","JCI2024::3","Stricture",9655,1,0.00134645261522527,FALSE,"low_cell_count"
"JCI2024::3::Stricture","B_cell::MZ",3,"JCI2024","3","JCI2024::3","Stricture",9655,1,0.000310719834282755,FALSE,"low_cell_count"
"JCI2024::3::Stricture","B_cell::Naïve B",24,"JCI2024","3","JCI2024::3","Stricture",9655,1,0.00248575867426204,TRUE,"adequate_cell_count"
"JCI2024::3::Stricture","Endothelial",871,"JCI2024","3","JCI2024::3","Stricture",9655,1,0.0902123252200932,TRUE,"adequate_cell_count"
"JCI2024::3::Stricture","Epithelial",70,"JCI2024","3","JCI2024::3","Stricture",9655,1,0.00725012946659762,TRUE,"adequate_cell_count"
"JCI2024::3::Stricture","Mast",594,"JCI2024","3","JCI2024::3","Stricture",9655,1,0.0615225271879855,TRUE,"adequate_cell_count"
"JCI2024::3::Stricture","Mesenchymal_stromal",2069,"JCI2024","3","JCI2024::3","Stricture",9655,1,0.214293112377007,TRUE,"adequate_cell_count"
"JCI2024::3::Stricture","Myeloid",603,"JCI2024","3","JCI2024::3","Stricture",9655,1,0.0624546866908338,TRUE,"adequate_cell_count"
"JCI2024::3::Stricture","Plasma::Activated plasma",257,"JCI2024","3","JCI2024::3","Stricture",9655,1,0.0266183324702227,TRUE,"adequate_cell_count"
"JCI2024::3::Stricture","Plasma::IgA plasma",316,"JCI2024","3","JCI2024::3","Stricture",9655,1,0.0327291558777835,TRUE,"adequate_cell_count"
"JCI2024::3::Stricture","Plasma::IgG plasma",160,"JCI2024","3","JCI2024::3","Stricture",9655,1,0.0165717244950803,TRUE,"adequate_cell_count"
"JCI2024::3::Stricture","Plasma::Transitional B",1,"JCI2024","3","JCI2024::3","Stricture",9655,1,0.000103573278094252,FALSE,"low_cell_count"
"JCI2024::3::Stricture","T_NK",4390,"JCI2024","3","JCI2024::3","Stricture",9655,1,0.454686690833765,TRUE,"adequate_cell_count"
"JCI2024::4::Non-stricture","B_cell::ActB3",2,"JCI2024","4","JCI2024::4","Non-stricture",4713,1,0.000424358158285593,FALSE,"low_cell_count"
"JCI2024::4::Non-stricture","B_cell::CSM",154,"JCI2024","4","JCI2024::4","Non-stricture",4713,1,0.0326755781879907,TRUE,"adequate_cell_count"
"JCI2024::4::Non-stricture","B_cell::Centroblast B",2,"JCI2024","4","JCI2024::4","Non-stricture",4713,1,0.000424358158285593,FALSE,"low_cell_count"
"JCI2024::4::Non-stricture","B_cell::Centrocyte B",4,"JCI2024","4","JCI2024::4","Non-stricture",4713,1,0.000848716316571186,FALSE,"low_cell_count"
"JCI2024::4::Non-stricture","B_cell::DN2",31,"JCI2024","4","JCI2024::4","Non-stricture",4713,1,0.00657755145342669,TRUE,"adequate_cell_count"
"JCI2024::4::Non-stricture","B_cell::IgM-only",4,"JCI2024","4","JCI2024::4","Non-stricture",4713,1,0.000848716316571186,FALSE,"low_cell_count"
"JCI2024::4::Non-stricture","B_cell::MZ",5,"JCI2024","4","JCI2024::4","Non-stricture",4713,1,0.00106089539571398,FALSE,"low_cell_count"
"JCI2024::4::Non-stricture","B_cell::Naïve B",68,"JCI2024","4","JCI2024::4","Non-stricture",4713,1,0.0144281773817102,TRUE,"adequate_cell_count"
"JCI2024::4::Non-stricture","Endothelial",201,"JCI2024","4","JCI2024::4","Non-stricture",4713,1,0.0426479949077021,TRUE,"adequate_cell_count"
"JCI2024::4::Non-stricture","Epithelial",38,"JCI2024","4","JCI2024::4","Non-stricture",4713,1,0.00806280500742627,TRUE,"adequate_cell_count"
"JCI2024::4::Non-stricture","Mast",373,"JCI2024","4","JCI2024::4","Non-stricture",4713,1,0.0791427965202631,TRUE,"adequate_cell_count"
"JCI2024::4::Non-stricture","Mesenchymal_stromal",916,"JCI2024","4","JCI2024::4","Non-stricture",4713,1,0.194356036494802,TRUE,"adequate_cell_count"
"JCI2024::4::Non-stricture","Myeloid",186,"JCI2024","4","JCI2024::4","Non-stricture",4713,1,0.0394653087205602,TRUE,"adequate_cell_count"
"JCI2024::4::Non-stricture","Plasma::Activated plasma",52,"JCI2024","4","JCI2024::4","Non-stricture",4713,1,0.0110333121154254,TRUE,"adequate_cell_count"
"JCI2024::4::Non-stricture","Plasma::IgA plasma",176,"JCI2024","4","JCI2024::4","Non-stricture",4713,1,0.0373435179291322,TRUE,"adequate_cell_count"
"JCI2024::4::Non-stricture","Plasma::IgG plasma",3,"JCI2024","4","JCI2024::4","Non-stricture",4713,1,0.00063653723742839,FALSE,"low_cell_count"
"JCI2024::4::Non-stricture","Plasma::Transitional B",2,"JCI2024","4","JCI2024::4","Non-stricture",4713,1,0.000424358158285593,FALSE,"low_cell_count"
"JCI2024::4::Non-stricture","T_NK",2496,"JCI2024","4","JCI2024::4","Non-stricture",4713,1,0.52959898154042,TRUE,"adequate_cell_count"
"JCI2024::4::Stricture","B_cell::ActB3",13,"JCI2024","4","JCI2024::4","Stricture",6898,1,0.00188460423311105,FALSE,"low_cell_count"
"JCI2024::4::Stricture","B_cell::CSM",250,"JCI2024","4","JCI2024::4","Stricture",6898,1,0.0362423890982894,TRUE,"adequate_cell_count"
"JCI2024::4::Stricture","B_cell::Centroblast B",1,"JCI2024","4","JCI2024::4","Stricture",6898,1,0.000144969556393157,FALSE,"low_cell_count"
"JCI2024::4::Stricture","B_cell::Centrocyte B",0,"JCI2024","4","JCI2024::4","Stricture",6898,1,0,FALSE,"absent_zero_cells"
"JCI2024::4::Stricture","B_cell::DN2",19,"JCI2024","4","JCI2024::4","Stricture",6898,1,0.00275442157146999,FALSE,"low_cell_count"
"JCI2024::4::Stricture","B_cell::IgM-only",38,"JCI2024","4","JCI2024::4","Stricture",6898,1,0.00550884314293998,TRUE,"adequate_cell_count"
"JCI2024::4::Stricture","B_cell::MZ",11,"JCI2024","4","JCI2024::4","Stricture",6898,1,0.00159466512032473,FALSE,"low_cell_count"
"JCI2024::4::Stricture","B_cell::Naïve B",62,"JCI2024","4","JCI2024::4","Stricture",6898,1,0.00898811249637576,TRUE,"adequate_cell_count"
"JCI2024::4::Stricture","Endothelial",875,"JCI2024","4","JCI2024::4","Stricture",6898,1,0.126848361844013,TRUE,"adequate_cell_count"
"JCI2024::4::Stricture","Epithelial",23,"JCI2024","4","JCI2024::4","Stricture",6898,1,0.00333429979704262,TRUE,"adequate_cell_count"
"JCI2024::4::Stricture","Mast",346,"JCI2024","4","JCI2024::4","Stricture",6898,1,0.0501594665120325,TRUE,"adequate_cell_count"
"JCI2024::4::Stricture","Mesenchymal_stromal",2380,"JCI2024","4","JCI2024::4","Stricture",6898,1,0.345027544215715,TRUE,"adequate_cell_count"
"JCI2024::4::Stricture","Myeloid",368,"JCI2024","4","JCI2024::4","Stricture",6898,1,0.0533487967526819,TRUE,"adequate_cell_count"
"JCI2024::4::Stricture","Plasma::Activated plasma",21,"JCI2024","4","JCI2024::4","Stricture",6898,1,0.00304436068425631,TRUE,"adequate_cell_count"
"JCI2024::4::Stricture","Plasma::IgA plasma",30,"JCI2024","4","JCI2024::4","Stricture",6898,1,0.00434908669179472,TRUE,"adequate_cell_count"
"JCI2024::4::Stricture","Plasma::IgG plasma",11,"JCI2024","4","JCI2024::4","Stricture",6898,1,0.00159466512032473,FALSE,"low_cell_count"
"JCI2024::4::Stricture","Plasma::Transitional B",4,"JCI2024","4","JCI2024::4","Stricture",6898,1,0.00057987822557263,FALSE,"low_cell_count"
"JCI2024::4::Stricture","T_NK",2446,"JCI2024","4","JCI2024::4","Stricture",6898,1,0.354595534937663,TRUE,"adequate_cell_count"
"JCI2024::5::Non-stricture","B_cell::ActB3",2,"JCI2024","5","JCI2024::5","Non-stricture",8065,1,0.000247985120892746,FALSE,"low_cell_count"
"JCI2024::5::Non-stricture","B_cell::CSM",369,"JCI2024","5","JCI2024::5","Non-stricture",8065,1,0.0457532548047117,TRUE,"adequate_cell_count"
"JCI2024::5::Non-stricture","B_cell::Centroblast B",1,"JCI2024","5","JCI2024::5","Non-stricture",8065,1,0.000123992560446373,FALSE,"low_cell_count"
"JCI2024::5::Non-stricture","B_cell::Centrocyte B",0,"JCI2024","5","JCI2024::5","Non-stricture",8065,1,0,FALSE,"absent_zero_cells"
"JCI2024::5::Non-stricture","B_cell::DN2",21,"JCI2024","5","JCI2024::5","Non-stricture",8065,1,0.00260384376937384,TRUE,"adequate_cell_count"
"JCI2024::5::Non-stricture","B_cell::IgM-only",1,"JCI2024","5","JCI2024::5","Non-stricture",8065,1,0.000123992560446373,FALSE,"low_cell_count"
"JCI2024::5::Non-stricture","B_cell::MZ",5,"JCI2024","5","JCI2024::5","Non-stricture",8065,1,0.000619962802231866,FALSE,"low_cell_count"
"JCI2024::5::Non-stricture","B_cell::Naïve B",7,"JCI2024","5","JCI2024::5","Non-stricture",8065,1,0.000867947923124613,FALSE,"low_cell_count"
"JCI2024::5::Non-stricture","Endothelial",563,"JCI2024","5","JCI2024::5","Non-stricture",8065,1,0.0698078115313081,TRUE,"adequate_cell_count"
"JCI2024::5::Non-stricture","Epithelial",78,"JCI2024","5","JCI2024::5","Non-stricture",8065,1,0.00967141971481711,TRUE,"adequate_cell_count"
"JCI2024::5::Non-stricture","Mast",679,"JCI2024","5","JCI2024::5","Non-stricture",8065,1,0.0841909485430874,TRUE,"adequate_cell_count"
"JCI2024::5::Non-stricture","Mesenchymal_stromal",1506,"JCI2024","5","JCI2024::5","Non-stricture",8065,1,0.186732796032238,TRUE,"adequate_cell_count"
"JCI2024::5::Non-stricture","Myeloid",234,"JCI2024","5","JCI2024::5","Non-stricture",8065,1,0.0290142591444513,TRUE,"adequate_cell_count"
"JCI2024::5::Non-stricture","Plasma::Activated plasma",92,"JCI2024","5","JCI2024::5","Non-stricture",8065,1,0.0114073155610663,TRUE,"adequate_cell_count"
"JCI2024::5::Non-stricture","Plasma::IgA plasma",222,"JCI2024","5","JCI2024::5","Non-stricture",8065,1,0.0275263484190949,TRUE,"adequate_cell_count"
"JCI2024::5::Non-stricture","Plasma::IgG plasma",15,"JCI2024","5","JCI2024::5","Non-stricture",8065,1,0.0018598884066956,FALSE,"low_cell_count"
"JCI2024::5::Non-stricture","Plasma::Transitional B",5,"JCI2024","5","JCI2024::5","Non-stricture",8065,1,0.000619962802231866,FALSE,"low_cell_count"
"JCI2024::5::Non-stricture","T_NK",4265,"JCI2024","5","JCI2024::5","Non-stricture",8065,1,0.528828270303782,TRUE,"adequate_cell_count"
"JCI2024::5::Stricture","B_cell::ActB3",25,"JCI2024","5","JCI2024::5","Stricture",10300,1,0.00242718446601942,TRUE,"adequate_cell_count"
"JCI2024::5::Stricture","B_cell::CSM",679,"JCI2024","5","JCI2024::5","Stricture",10300,1,0.0659223300970874,TRUE,"adequate_cell_count"
"JCI2024::5::Stricture","B_cell::Centroblast B",7,"JCI2024","5","JCI2024::5","Stricture",10300,1,0.000679611650485437,FALSE,"low_cell_count"
"JCI2024::5::Stricture","B_cell::Centrocyte B",9,"JCI2024","5","JCI2024::5","Stricture",10300,1,0.00087378640776699,FALSE,"low_cell_count"
"JCI2024::5::Stricture","B_cell::DN2",25,"JCI2024","5","JCI2024::5","Stricture",10300,1,0.00242718446601942,TRUE,"adequate_cell_count"
"JCI2024::5::Stricture","B_cell::IgM-only",26,"JCI2024","5","JCI2024::5","Stricture",10300,1,0.00252427184466019,TRUE,"adequate_cell_count"
"JCI2024::5::Stricture","B_cell::MZ",6,"JCI2024","5","JCI2024::5","Stricture",10300,1,0.00058252427184466,FALSE,"low_cell_count"
"JCI2024::5::Stricture","B_cell::Naïve B",51,"JCI2024","5","JCI2024::5","Stricture",10300,1,0.00495145631067961,TRUE,"adequate_cell_count"
"JCI2024::5::Stricture","Endothelial",964,"JCI2024","5","JCI2024::5","Stricture",10300,1,0.0935922330097087,TRUE,"adequate_cell_count"
"JCI2024::5::Stricture","Epithelial",146,"JCI2024","5","JCI2024::5","Stricture",10300,1,0.0141747572815534,TRUE,"adequate_cell_count"
"JCI2024::5::Stricture","Mast",929,"JCI2024","5","JCI2024::5","Stricture",10300,1,0.0901941747572816,TRUE,"adequate_cell_count"
"JCI2024::5::Stricture","Mesenchymal_stromal",2099,"JCI2024","5","JCI2024::5","Stricture",10300,1,0.20378640776699,TRUE,"adequate_cell_count"
"JCI2024::5::Stricture","Myeloid",1319,"JCI2024","5","JCI2024::5","Stricture",10300,1,0.128058252427184,TRUE,"adequate_cell_count"
"JCI2024::5::Stricture","Plasma::Activated plasma",73,"JCI2024","5","JCI2024::5","Stricture",10300,1,0.0070873786407767,TRUE,"adequate_cell_count"
"JCI2024::5::Stricture","Plasma::IgA plasma",229,"JCI2024","5","JCI2024::5","Stricture",10300,1,0.0222330097087379,TRUE,"adequate_cell_count"
"JCI2024::5::Stricture","Plasma::IgG plasma",169,"JCI2024","5","JCI2024::5","Stricture",10300,1,0.0164077669902913,TRUE,"adequate_cell_count"
"JCI2024::5::Stricture","Plasma::Transitional B",4,"JCI2024","5","JCI2024::5","Stricture",10300,1,0.000388349514563107,FALSE,"low_cell_count"
"JCI2024::5::Stricture","T_NK",3540,"JCI2024","5","JCI2024::5","Stricture",10300,1,0.34368932038835,TRUE,"adequate_cell_count"
"JCI2024::6::Non-stricture","B_cell::ActB3",1,"JCI2024","6","JCI2024::6","Non-stricture",8840,1,0.000113122171945701,FALSE,"low_cell_count"
"JCI2024::6::Non-stricture","B_cell::CSM",16,"JCI2024","6","JCI2024::6","Non-stricture",8840,1,0.00180995475113122,FALSE,"low_cell_count"
"JCI2024::6::Non-stricture","B_cell::Centroblast B",2,"JCI2024","6","JCI2024::6","Non-stricture",8840,1,0.000226244343891403,FALSE,"low_cell_count"
"JCI2024::6::Non-stricture","B_cell::Centrocyte B",0,"JCI2024","6","JCI2024::6","Non-stricture",8840,1,0,FALSE,"absent_zero_cells"
"JCI2024::6::Non-stricture","B_cell::DN2",4,"JCI2024","6","JCI2024::6","Non-stricture",8840,1,0.000452488687782805,FALSE,"low_cell_count"
"JCI2024::6::Non-stricture","B_cell::IgM-only",2,"JCI2024","6","JCI2024::6","Non-stricture",8840,1,0.000226244343891403,FALSE,"low_cell_count"
"JCI2024::6::Non-stricture","B_cell::MZ",0,"JCI2024","6","JCI2024::6","Non-stricture",8840,1,0,FALSE,"absent_zero_cells"
"JCI2024::6::Non-stricture","B_cell::Naïve B",0,"JCI2024","6","JCI2024::6","Non-stricture",8840,1,0,FALSE,"absent_zero_cells"
"JCI2024::6::Non-stricture","Endothelial",2171,"JCI2024","6","JCI2024::6","Non-stricture",8840,1,0.245588235294118,TRUE,"adequate_cell_count"
"JCI2024::6::Non-stricture","Epithelial",46,"JCI2024","6","JCI2024::6","Non-stricture",8840,1,0.00520361990950226,TRUE,"adequate_cell_count"
"JCI2024::6::Non-stricture","Mast",1846,"JCI2024","6","JCI2024::6","Non-stricture",8840,1,0.208823529411765,TRUE,"adequate_cell_count"
"JCI2024::6::Non-stricture","Mesenchymal_stromal",1371,"JCI2024","6","JCI2024::6","Non-stricture",8840,1,0.155090497737557,TRUE,"adequate_cell_count"
"JCI2024::6::Non-stricture","Myeloid",512,"JCI2024","6","JCI2024::6","Non-stricture",8840,1,0.0579185520361991,TRUE,"adequate_cell_count"
"JCI2024::6::Non-stricture","Plasma::Activated plasma",22,"JCI2024","6","JCI2024::6","Non-stricture",8840,1,0.00248868778280543,TRUE,"adequate_cell_count"
"JCI2024::6::Non-stricture","Plasma::IgA plasma",61,"JCI2024","6","JCI2024::6","Non-stricture",8840,1,0.00690045248868778,TRUE,"adequate_cell_count"
"JCI2024::6::Non-stricture","Plasma::IgG plasma",3,"JCI2024","6","JCI2024::6","Non-stricture",8840,1,0.000339366515837104,FALSE,"low_cell_count"
"JCI2024::6::Non-stricture","Plasma::Transitional B",0,"JCI2024","6","JCI2024::6","Non-stricture",8840,1,0,FALSE,"absent_zero_cells"
"JCI2024::6::Non-stricture","T_NK",2783,"JCI2024","6","JCI2024::6","Non-stricture",8840,1,0.314819004524887,TRUE,"adequate_cell_count"
"JCI2024::6::Stricture","B_cell::ActB3",10,"JCI2024","6","JCI2024::6","Stricture",17445,1,0.00057323015190599,FALSE,"low_cell_count"
"JCI2024::6::Stricture","B_cell::CSM",173,"JCI2024","6","JCI2024::6","Stricture",17445,1,0.00991688162797363,TRUE,"adequate_cell_count"
"JCI2024::6::Stricture","B_cell::Centroblast B",13,"JCI2024","6","JCI2024::6","Stricture",17445,1,0.000745199197477787,FALSE,"low_cell_count"
"JCI2024::6::Stricture","B_cell::Centrocyte B",0,"JCI2024","6","JCI2024::6","Stricture",17445,1,0,FALSE,"absent_zero_cells"
"JCI2024::6::Stricture","B_cell::DN2",24,"JCI2024","6","JCI2024::6","Stricture",17445,1,0.00137575236457438,TRUE,"adequate_cell_count"
"JCI2024::6::Stricture","B_cell::IgM-only",8,"JCI2024","6","JCI2024::6","Stricture",17445,1,0.000458584121524792,FALSE,"low_cell_count"
"JCI2024::6::Stricture","B_cell::MZ",0,"JCI2024","6","JCI2024::6","Stricture",17445,1,0,FALSE,"absent_zero_cells"
"JCI2024::6::Stricture","B_cell::Naïve B",19,"JCI2024","6","JCI2024::6","Stricture",17445,1,0.00108913728862138,FALSE,"low_cell_count"
"JCI2024::6::Stricture","Endothelial",2484,"JCI2024","6","JCI2024::6","Stricture",17445,1,0.142390369733448,TRUE,"adequate_cell_count"
"JCI2024::6::Stricture","Epithelial",135,"JCI2024","6","JCI2024::6","Stricture",17445,1,0.00773860705073087,TRUE,"adequate_cell_count"
"JCI2024::6::Stricture","Mast",2386,"JCI2024","6","JCI2024::6","Stricture",17445,1,0.136772714244769,TRUE,"adequate_cell_count"
"JCI2024::6::Stricture","Mesenchymal_stromal",4557,"JCI2024","6","JCI2024::6","Stricture",17445,1,0.26122098022356,TRUE,"adequate_cell_count"
"JCI2024::6::Stricture","Myeloid",1253,"JCI2024","6","JCI2024::6","Stricture",17445,1,0.0718257380338206,TRUE,"adequate_cell_count"
"JCI2024::6::Stricture","Plasma::Activated plasma",63,"JCI2024","6","JCI2024::6","Stricture",17445,1,0.00361134995700774,TRUE,"adequate_cell_count"
"JCI2024::6::Stricture","Plasma::IgA plasma",234,"JCI2024","6","JCI2024::6","Stricture",17445,1,0.0134135855546002,TRUE,"adequate_cell_count"
"JCI2024::6::Stricture","Plasma::IgG plasma",211,"JCI2024","6","JCI2024::6","Stricture",17445,1,0.0120951562052164,TRUE,"adequate_cell_count"
"JCI2024::6::Stricture","Plasma::Transitional B",1,"JCI2024","6","JCI2024::6","Stricture",17445,1,5.7323015190599e-05,FALSE,"low_cell_count"
"JCI2024::6::Stricture","T_NK",5874,"JCI2024","6","JCI2024::6","Stricture",17445,1,0.336715391229579,TRUE,"adequate_cell_count"
"SCP1884::101694::Control","B_cell::ActB3",0,"SCP1884","101694","SCP1884::101694","Control",3093,1,0,FALSE,"absent_zero_cells"
"SCP1884::101694::Control","B_cell::CSM",71,"SCP1884","101694","SCP1884::101694","Control",3093,1,0.0229550598124798,TRUE,"adequate_cell_count"
"SCP1884::101694::Control","B_cell::Centroblast B",5,"SCP1884","101694","SCP1884::101694","Control",3093,1,0.00161655350792111,FALSE,"low_cell_count"
"SCP1884::101694::Control","B_cell::Centrocyte B",14,"SCP1884","101694","SCP1884::101694","Control",3093,1,0.00452634982217912,FALSE,"low_cell_count"
"SCP1884::101694::Control","B_cell::DN2",7,"SCP1884","101694","SCP1884::101694","Control",3093,1,0.00226317491108956,FALSE,"low_cell_count"
"SCP1884::101694::Control","B_cell::IgM-only",0,"SCP1884","101694","SCP1884::101694","Control",3093,1,0,FALSE,"absent_zero_cells"
"SCP1884::101694::Control","B_cell::MZ",3,"SCP1884","101694","SCP1884::101694","Control",3093,1,0.000969932104752667,FALSE,"low_cell_count"
"SCP1884::101694::Control","B_cell::Naïve B",65,"SCP1884","101694","SCP1884::101694","Control",3093,1,0.0210151956029745,TRUE,"adequate_cell_count"
"SCP1884::101694::Control","Endothelial",40,"SCP1884","101694","SCP1884::101694","Control",3093,1,0.0129324280633689,TRUE,"adequate_cell_count"
"SCP1884::101694::Control","Epithelial",597,"SCP1884","101694","SCP1884::101694","Control",3093,1,0.193016488845781,TRUE,"adequate_cell_count"
"SCP1884::101694::Control","Mast",100,"SCP1884","101694","SCP1884::101694","Control",3093,1,0.0323310701584222,TRUE,"adequate_cell_count"
"SCP1884::101694::Control","Mesenchymal_stromal",126,"SCP1884","101694","SCP1884::101694","Control",3093,1,0.040737148399612,TRUE,"adequate_cell_count"
"SCP1884::101694::Control","Myeloid",239,"SCP1884","101694","SCP1884::101694","Control",3093,1,0.0772712576786292,TRUE,"adequate_cell_count"
"SCP1884::101694::Control","Plasma::Activated plasma",1007,"SCP1884","101694","SCP1884::101694","Control",3093,1,0.325573876495312,TRUE,"adequate_cell_count"
"SCP1884::101694::Control","Plasma::IgA plasma",89,"SCP1884","101694","SCP1884::101694","Control",3093,1,0.0287746524409958,TRUE,"adequate_cell_count"
"SCP1884::101694::Control","Plasma::IgG plasma",1,"SCP1884","101694","SCP1884::101694","Control",3093,1,0.000323310701584223,FALSE,"low_cell_count"
"SCP1884::101694::Control","Plasma::Transitional B",0,"SCP1884","101694","SCP1884::101694","Control",3093,1,0,FALSE,"absent_zero_cells"
"SCP1884::101694::Control","T_NK",729,"SCP1884","101694","SCP1884::101694","Control",3093,1,0.235693501454898,TRUE,"adequate_cell_count"
"SCP1884::102141::Control","B_cell::ActB3",1,"SCP1884","102141","SCP1884::102141","Control",11359,1,8.80359186548112e-05,FALSE,"low_cell_count"
"SCP1884::102141::Control","B_cell::CSM",322,"SCP1884","102141","SCP1884::102141","Control",11359,1,0.0283475658068492,TRUE,"adequate_cell_count"
"SCP1884::102141::Control","B_cell::Centroblast B",6,"SCP1884","102141","SCP1884::102141","Control",11359,1,0.000528215511928867,FALSE,"low_cell_count"
"SCP1884::102141::Control","B_cell::Centrocyte B",2,"SCP1884","102141","SCP1884::102141","Control",11359,1,0.000176071837309622,FALSE,"low_cell_count"
"SCP1884::102141::Control","B_cell::DN2",20,"SCP1884","102141","SCP1884::102141","Control",11359,1,0.00176071837309622,TRUE,"adequate_cell_count"
"SCP1884::102141::Control","B_cell::IgM-only",11,"SCP1884","102141","SCP1884::102141","Control",11359,1,0.000968395105202923,FALSE,"low_cell_count"
"SCP1884::102141::Control","B_cell::MZ",13,"SCP1884","102141","SCP1884::102141","Control",11359,1,0.00114446694251255,FALSE,"low_cell_count"
"SCP1884::102141::Control","B_cell::Naïve B",34,"SCP1884","102141","SCP1884::102141","Control",11359,1,0.00299322123426358,TRUE,"adequate_cell_count"
"SCP1884::102141::Control","Endothelial",29,"SCP1884","102141","SCP1884::102141","Control",11359,1,0.00255304164098952,TRUE,"adequate_cell_count"
"SCP1884::102141::Control","Epithelial",9901,"SCP1884","102141","SCP1884::102141","Control",11359,1,0.871643630601285,TRUE,"adequate_cell_count"
"SCP1884::102141::Control","Mast",18,"SCP1884","102141","SCP1884::102141","Control",11359,1,0.0015846465357866,FALSE,"low_cell_count"
"SCP1884::102141::Control","Mesenchymal_stromal",81,"SCP1884","102141","SCP1884::102141","Control",11359,1,0.0071309094110397,TRUE,"adequate_cell_count"
"SCP1884::102141::Control","Myeloid",176,"SCP1884","102141","SCP1884::102141","Control",11359,1,0.0154943216832468,TRUE,"adequate_cell_count"
"SCP1884::102141::Control","Plasma::Activated plasma",190,"SCP1884","102141","SCP1884::102141","Control",11359,1,0.0167268245444141,TRUE,"adequate_cell_count"
"SCP1884::102141::Control","Plasma::IgA plasma",64,"SCP1884","102141","SCP1884::102141","Control",11359,1,0.00563429879390792,TRUE,"adequate_cell_count"
"SCP1884::102141::Control","Plasma::IgG plasma",2,"SCP1884","102141","SCP1884::102141","Control",11359,1,0.000176071837309622,FALSE,"low_cell_count"
"SCP1884::102141::Control","Plasma::Transitional B",10,"SCP1884","102141","SCP1884::102141","Control",11359,1,0.000880359186548112,FALSE,"low_cell_count"
"SCP1884::102141::Control","T_NK",479,"SCP1884","102141","SCP1884::102141","Control",11359,1,0.0421692050356546,TRUE,"adequate_cell_count"
"SCP1884::104152::Inflamed","B_cell::ActB3",0,"SCP1884","104152","SCP1884::104152","Inflamed",1476,1,0,FALSE,"absent_zero_cells"
"SCP1884::104152::Inflamed","B_cell::CSM",0,"SCP1884","104152","SCP1884::104152","Inflamed",1476,1,0,FALSE,"absent_zero_cells"
"SCP1884::104152::Inflamed","B_cell::Centroblast B",0,"SCP1884","104152","SCP1884::104152","Inflamed",1476,1,0,FALSE,"absent_zero_cells"
"SCP1884::104152::Inflamed","B_cell::Centrocyte B",0,"SCP1884","104152","SCP1884::104152","Inflamed",1476,1,0,FALSE,"absent_zero_cells"
"SCP1884::104152::Inflamed","B_cell::DN2",0,"SCP1884","104152","SCP1884::104152","Inflamed",1476,1,0,FALSE,"absent_zero_cells"
"SCP1884::104152::Inflamed","B_cell::IgM-only",0,"SCP1884","104152","SCP1884::104152","Inflamed",1476,1,0,FALSE,"absent_zero_cells"
"SCP1884::104152::Inflamed","B_cell::MZ",0,"SCP1884","104152","SCP1884::104152","Inflamed",1476,1,0,FALSE,"absent_zero_cells"
"SCP1884::104152::Inflamed","B_cell::Naïve B",0,"SCP1884","104152","SCP1884::104152","Inflamed",1476,1,0,FALSE,"absent_zero_cells"
"SCP1884::104152::Inflamed","Endothelial",14,"SCP1884","104152","SCP1884::104152","Inflamed",1476,1,0.00948509485094851,FALSE,"low_cell_count"
"SCP1884::104152::Inflamed","Epithelial",1436,"SCP1884","104152","SCP1884::104152","Inflamed",1476,1,0.97289972899729,TRUE,"adequate_cell_count"
"SCP1884::104152::Inflamed","Mast",0,"SCP1884","104152","SCP1884::104152","Inflamed",1476,1,0,FALSE,"absent_zero_cells"
"SCP1884::104152::Inflamed","Mesenchymal_stromal",1,"SCP1884","104152","SCP1884::104152","Inflamed",1476,1,0.000677506775067751,FALSE,"low_cell_count"
"SCP1884::104152::Inflamed","Myeloid",20,"SCP1884","104152","SCP1884::104152","Inflamed",1476,1,0.013550135501355,TRUE,"adequate_cell_count"
"SCP1884::104152::Inflamed","Plasma::Activated plasma",0,"SCP1884","104152","SCP1884::104152","Inflamed",1476,1,0,FALSE,"absent_zero_cells"
"SCP1884::104152::Inflamed","Plasma::IgA plasma",4,"SCP1884","104152","SCP1884::104152","Inflamed",1476,1,0.002710027100271,FALSE,"low_cell_count"
"SCP1884::104152::Inflamed","Plasma::IgG plasma",0,"SCP1884","104152","SCP1884::104152","Inflamed",1476,1,0,FALSE,"absent_zero_cells"
"SCP1884::104152::Inflamed","Plasma::Transitional B",0,"SCP1884","104152","SCP1884::104152","Inflamed",1476,1,0,FALSE,"absent_zero_cells"
"SCP1884::104152::Inflamed","T_NK",1,"SCP1884","104152","SCP1884::104152","Inflamed",1476,1,0.000677506775067751,FALSE,"low_cell_count"
"SCP1884::104689::Inflamed","B_cell::ActB3",1,"SCP1884","104689","SCP1884::104689","Inflamed",5796,1,0.000172532781228433,FALSE,"low_cell_count"
"SCP1884::104689::Inflamed","B_cell::CSM",22,"SCP1884","104689","SCP1884::104689","Inflamed",5796,1,0.00379572118702554,TRUE,"adequate_cell_count"
"SCP1884::104689::Inflamed","B_cell::Centroblast B",4,"SCP1884","104689","SCP1884::104689","Inflamed",5796,1,0.000690131124913734,FALSE,"low_cell_count"
"SCP1884::104689::Inflamed","B_cell::Centrocyte B",0,"SCP1884","104689","SCP1884::104689","Inflamed",5796,1,0,FALSE,"absent_zero_cells"
"SCP1884::104689::Inflamed","B_cell::DN2",5,"SCP1884","104689","SCP1884::104689","Inflamed",5796,1,0.000862663906142167,FALSE,"low_cell_count"
"SCP1884::104689::Inflamed","B_cell::IgM-only",4,"SCP1884","104689","SCP1884::104689","Inflamed",5796,1,0.000690131124913734,FALSE,"low_cell_count"
"SCP1884::104689::Inflamed","B_cell::MZ",2,"SCP1884","104689","SCP1884::104689","Inflamed",5796,1,0.000345065562456867,FALSE,"low_cell_count"
"SCP1884::104689::Inflamed","B_cell::Naïve B",31,"SCP1884","104689","SCP1884::104689","Inflamed",5796,1,0.00534851621808144,TRUE,"adequate_cell_count"
"SCP1884::104689::Inflamed","Endothelial",237,"SCP1884","104689","SCP1884::104689","Inflamed",5796,1,0.0408902691511387,TRUE,"adequate_cell_count"
"SCP1884::104689::Inflamed","Epithelial",1515,"SCP1884","104689","SCP1884::104689","Inflamed",5796,1,0.261387163561077,TRUE,"adequate_cell_count"
"SCP1884::104689::Inflamed","Mast",240,"SCP1884","104689","SCP1884::104689","Inflamed",5796,1,0.041407867494824,TRUE,"adequate_cell_count"
"SCP1884::104689::Inflamed","Mesenchymal_stromal",420,"SCP1884","104689","SCP1884::104689","Inflamed",5796,1,0.072463768115942,TRUE,"adequate_cell_count"
"SCP1884::104689::Inflamed","Myeloid",1509,"SCP1884","104689","SCP1884::104689","Inflamed",5796,1,0.260351966873706,TRUE,"adequate_cell_count"
"SCP1884::104689::Inflamed","Plasma::Activated plasma",21,"SCP1884","104689","SCP1884::104689","Inflamed",5796,1,0.0036231884057971,TRUE,"adequate_cell_count"
"SCP1884::104689::Inflamed","Plasma::IgA plasma",87,"SCP1884","104689","SCP1884::104689","Inflamed",5796,1,0.0150103519668737,TRUE,"adequate_cell_count"
"SCP1884::104689::Inflamed","Plasma::IgG plasma",14,"SCP1884","104689","SCP1884::104689","Inflamed",5796,1,0.00241545893719807,FALSE,"low_cell_count"
"SCP1884::104689::Inflamed","Plasma::Transitional B",0,"SCP1884","104689","SCP1884::104689","Inflamed",5796,1,0,FALSE,"absent_zero_cells"
"SCP1884::104689::Inflamed","T_NK",1684,"SCP1884","104689","SCP1884::104689","Inflamed",5796,1,0.290545203588682,TRUE,"adequate_cell_count"
"SCP1884::105446::Inflamed","B_cell::ActB3",1,"SCP1884","105446","SCP1884::105446","Inflamed",722,1,0.00138504155124654,FALSE,"low_cell_count"
"SCP1884::105446::Inflamed","B_cell::CSM",8,"SCP1884","105446","SCP1884::105446","Inflamed",722,1,0.0110803324099723,FALSE,"low_cell_count"
"SCP1884::105446::Inflamed","B_cell::Centroblast B",0,"SCP1884","105446","SCP1884::105446","Inflamed",722,1,0,FALSE,"absent_zero_cells"
"SCP1884::105446::Inflamed","B_cell::Centrocyte B",0,"SCP1884","105446","SCP1884::105446","Inflamed",722,1,0,FALSE,"absent_zero_cells"
"SCP1884::105446::Inflamed","B_cell::DN2",4,"SCP1884","105446","SCP1884::105446","Inflamed",722,1,0.00554016620498615,FALSE,"low_cell_count"
"SCP1884::105446::Inflamed","B_cell::IgM-only",0,"SCP1884","105446","SCP1884::105446","Inflamed",722,1,0,FALSE,"absent_zero_cells"
"SCP1884::105446::Inflamed","B_cell::MZ",0,"SCP1884","105446","SCP1884::105446","Inflamed",722,1,0,FALSE,"absent_zero_cells"
"SCP1884::105446::Inflamed","B_cell::Naïve B",3,"SCP1884","105446","SCP1884::105446","Inflamed",722,1,0.00415512465373961,FALSE,"low_cell_count"
"SCP1884::105446::Inflamed","Endothelial",13,"SCP1884","105446","SCP1884::105446","Inflamed",722,1,0.018005540166205,FALSE,"low_cell_count"
"SCP1884::105446::Inflamed","Epithelial",2,"SCP1884","105446","SCP1884::105446","Inflamed",722,1,0.00277008310249308,FALSE,"low_cell_count"
"SCP1884::105446::Inflamed","Mast",53,"SCP1884","105446","SCP1884::105446","Inflamed",722,1,0.0734072022160665,TRUE,"adequate_cell_count"
"SCP1884::105446::Inflamed","Mesenchymal_stromal",64,"SCP1884","105446","SCP1884::105446","Inflamed",722,1,0.0886426592797784,TRUE,"adequate_cell_count"
"SCP1884::105446::Inflamed","Myeloid",73,"SCP1884","105446","SCP1884::105446","Inflamed",722,1,0.101108033240997,TRUE,"adequate_cell_count"
"SCP1884::105446::Inflamed","Plasma::Activated plasma",243,"SCP1884","105446","SCP1884::105446","Inflamed",722,1,0.336565096952909,TRUE,"adequate_cell_count"
"SCP1884::105446::Inflamed","Plasma::IgA plasma",36,"SCP1884","105446","SCP1884::105446","Inflamed",722,1,0.0498614958448754,TRUE,"adequate_cell_count"
"SCP1884::105446::Inflamed","Plasma::IgG plasma",1,"SCP1884","105446","SCP1884::105446","Inflamed",722,1,0.00138504155124654,FALSE,"low_cell_count"
"SCP1884::105446::Inflamed","Plasma::Transitional B",1,"SCP1884","105446","SCP1884::105446","Inflamed",722,1,0.00138504155124654,FALSE,"low_cell_count"
"SCP1884::105446::Inflamed","T_NK",220,"SCP1884","105446","SCP1884::105446","Inflamed",722,1,0.304709141274238,TRUE,"adequate_cell_count"
"SCP1884::105598::Non-inflamed","B_cell::ActB3",0,"SCP1884","105598","SCP1884::105598","Non-inflamed",6264,1,0,FALSE,"absent_zero_cells"
"SCP1884::105598::Non-inflamed","B_cell::CSM",82,"SCP1884","105598","SCP1884::105598","Non-inflamed",6264,1,0.0130906768837803,TRUE,"adequate_cell_count"
"SCP1884::105598::Non-inflamed","B_cell::Centroblast B",10,"SCP1884","105598","SCP1884::105598","Non-inflamed",6264,1,0.00159642401021711,FALSE,"low_cell_count"
"SCP1884::105598::Non-inflamed","B_cell::Centrocyte B",4,"SCP1884","105598","SCP1884::105598","Non-inflamed",6264,1,0.000638569604086846,FALSE,"low_cell_count"
"SCP1884::105598::Non-inflamed","B_cell::DN2",27,"SCP1884","105598","SCP1884::105598","Non-inflamed",6264,1,0.00431034482758621,TRUE,"adequate_cell_count"
"SCP1884::105598::Non-inflamed","B_cell::IgM-only",3,"SCP1884","105598","SCP1884::105598","Non-inflamed",6264,1,0.000478927203065134,FALSE,"low_cell_count"
"SCP1884::105598::Non-inflamed","B_cell::MZ",1,"SCP1884","105598","SCP1884::105598","Non-inflamed",6264,1,0.000159642401021711,FALSE,"low_cell_count"
"SCP1884::105598::Non-inflamed","B_cell::Naïve B",4,"SCP1884","105598","SCP1884::105598","Non-inflamed",6264,1,0.000638569604086846,FALSE,"low_cell_count"
"SCP1884::105598::Non-inflamed","Endothelial",147,"SCP1884","105598","SCP1884::105598","Non-inflamed",6264,1,0.0234674329501916,TRUE,"adequate_cell_count"
"SCP1884::105598::Non-inflamed","Epithelial",1513,"SCP1884","105598","SCP1884::105598","Non-inflamed",6264,1,0.241538952745849,TRUE,"adequate_cell_count"
"SCP1884::105598::Non-inflamed","Mast",131,"SCP1884","105598","SCP1884::105598","Non-inflamed",6264,1,0.0209131545338442,TRUE,"adequate_cell_count"
"SCP1884::105598::Non-inflamed","Mesenchymal_stromal",638,"SCP1884","105598","SCP1884::105598","Non-inflamed",6264,1,0.101851851851852,TRUE,"adequate_cell_count"
"SCP1884::105598::Non-inflamed","Myeloid",914,"SCP1884","105598","SCP1884::105598","Non-inflamed",6264,1,0.145913154533844,TRUE,"adequate_cell_count"
"SCP1884::105598::Non-inflamed","Plasma::Activated plasma",575,"SCP1884","105598","SCP1884::105598","Non-inflamed",6264,1,0.091794380587484,TRUE,"adequate_cell_count"
"SCP1884::105598::Non-inflamed","Plasma::IgA plasma",38,"SCP1884","105598","SCP1884::105598","Non-inflamed",6264,1,0.00606641123882503,TRUE,"adequate_cell_count"
"SCP1884::105598::Non-inflamed","Plasma::IgG plasma",1,"SCP1884","105598","SCP1884::105598","Non-inflamed",6264,1,0.000159642401021711,FALSE,"low_cell_count"
"SCP1884::105598::Non-inflamed","Plasma::Transitional B",1,"SCP1884","105598","SCP1884::105598","Non-inflamed",6264,1,0.000159642401021711,FALSE,"low_cell_count"
"SCP1884::105598::Non-inflamed","T_NK",2175,"SCP1884","105598","SCP1884::105598","Non-inflamed",6264,1,0.347222222222222,TRUE,"adequate_cell_count"
"SCP1884::109389::Non-inflamed","B_cell::ActB3",50,"SCP1884","109389","SCP1884::109389","Non-inflamed",12443,1,0.00401832355541268,TRUE,"adequate_cell_count"
"SCP1884::109389::Non-inflamed","B_cell::CSM",159,"SCP1884","109389","SCP1884::109389","Non-inflamed",12443,1,0.0127782689062123,TRUE,"adequate_cell_count"
"SCP1884::109389::Non-inflamed","B_cell::Centroblast B",9,"SCP1884","109389","SCP1884::109389","Non-inflamed",12443,1,0.000723298239974283,FALSE,"low_cell_count"
"SCP1884::109389::Non-inflamed","B_cell::Centrocyte B",4,"SCP1884","109389","SCP1884::109389","Non-inflamed",12443,1,0.000321465884433015,FALSE,"low_cell_count"
"SCP1884::109389::Non-inflamed","B_cell::DN2",6,"SCP1884","109389","SCP1884::109389","Non-inflamed",12443,1,0.000482198826649522,FALSE,"low_cell_count"
"SCP1884::109389::Non-inflamed","B_cell::IgM-only",1,"SCP1884","109389","SCP1884::109389","Non-inflamed",12443,1,8.03664711082536e-05,FALSE,"low_cell_count"
"SCP1884::109389::Non-inflamed","B_cell::MZ",9,"SCP1884","109389","SCP1884::109389","Non-inflamed",12443,1,0.000723298239974283,FALSE,"low_cell_count"
"SCP1884::109389::Non-inflamed","B_cell::Naïve B",235,"SCP1884","109389","SCP1884::109389","Non-inflamed",12443,1,0.0188861207104396,TRUE,"adequate_cell_count"
"SCP1884::109389::Non-inflamed","Endothelial",394,"SCP1884","109389","SCP1884::109389","Non-inflamed",12443,1,0.0316643896166519,TRUE,"adequate_cell_count"
"SCP1884::109389::Non-inflamed","Epithelial",4282,"SCP1884","109389","SCP1884::109389","Non-inflamed",12443,1,0.344129229285542,TRUE,"adequate_cell_count"
"SCP1884::109389::Non-inflamed","Mast",8,"SCP1884","109389","SCP1884::109389","Non-inflamed",12443,1,0.000642931768866029,FALSE,"low_cell_count"
"SCP1884::109389::Non-inflamed","Mesenchymal_stromal",2595,"SCP1884","109389","SCP1884::109389","Non-inflamed",12443,1,0.208550992525918,TRUE,"adequate_cell_count"
"SCP1884::109389::Non-inflamed","Myeloid",1378,"SCP1884","109389","SCP1884::109389","Non-inflamed",12443,1,0.110744997187174,TRUE,"adequate_cell_count"
"SCP1884::109389::Non-inflamed","Plasma::Activated plasma",118,"SCP1884","109389","SCP1884::109389","Non-inflamed",12443,1,0.00948324359077393,TRUE,"adequate_cell_count"
"SCP1884::109389::Non-inflamed","Plasma::IgA plasma",1684,"SCP1884","109389","SCP1884::109389","Non-inflamed",12443,1,0.135337137346299,TRUE,"adequate_cell_count"
"SCP1884::109389::Non-inflamed","Plasma::IgG plasma",18,"SCP1884","109389","SCP1884::109389","Non-inflamed",12443,1,0.00144659647994857,FALSE,"low_cell_count"
"SCP1884::109389::Non-inflamed","Plasma::Transitional B",1,"SCP1884","109389","SCP1884::109389","Non-inflamed",12443,1,8.03664711082536e-05,FALSE,"low_cell_count"
"SCP1884::109389::Non-inflamed","T_NK",1492,"SCP1884","109389","SCP1884::109389","Non-inflamed",12443,1,0.119906774893514,TRUE,"adequate_cell_count"
"SCP1884::110216::Control","B_cell::ActB3",0,"SCP1884","110216","SCP1884::110216","Control",2091,1,0,FALSE,"absent_zero_cells"
"SCP1884::110216::Control","B_cell::CSM",17,"SCP1884","110216","SCP1884::110216","Control",2091,1,0.00813008130081301,FALSE,"low_cell_count"
"SCP1884::110216::Control","B_cell::Centroblast B",1,"SCP1884","110216","SCP1884::110216","Control",2091,1,0.000478240076518412,FALSE,"low_cell_count"
"SCP1884::110216::Control","B_cell::Centrocyte B",1,"SCP1884","110216","SCP1884::110216","Control",2091,1,0.000478240076518412,FALSE,"low_cell_count"
"SCP1884::110216::Control","B_cell::DN2",3,"SCP1884","110216","SCP1884::110216","Control",2091,1,0.00143472022955524,FALSE,"low_cell_count"
"SCP1884::110216::Control","B_cell::IgM-only",0,"SCP1884","110216","SCP1884::110216","Control",2091,1,0,FALSE,"absent_zero_cells"
"SCP1884::110216::Control","B_cell::MZ",1,"SCP1884","110216","SCP1884::110216","Control",2091,1,0.000478240076518412,FALSE,"low_cell_count"
"SCP1884::110216::Control","B_cell::Naïve B",1,"SCP1884","110216","SCP1884::110216","Control",2091,1,0.000478240076518412,FALSE,"low_cell_count"
"SCP1884::110216::Control","Endothelial",11,"SCP1884","110216","SCP1884::110216","Control",2091,1,0.00526064084170254,FALSE,"low_cell_count"
"SCP1884::110216::Control","Epithelial",747,"SCP1884","110216","SCP1884::110216","Control",2091,1,0.357245337159254,TRUE,"adequate_cell_count"
"SCP1884::110216::Control","Mast",78,"SCP1884","110216","SCP1884::110216","Control",2091,1,0.0373027259684362,TRUE,"adequate_cell_count"
"SCP1884::110216::Control","Mesenchymal_stromal",66,"SCP1884","110216","SCP1884::110216","Control",2091,1,0.0315638450502152,TRUE,"adequate_cell_count"
"SCP1884::110216::Control","Myeloid",171,"SCP1884","110216","SCP1884::110216","Control",2091,1,0.0817790530846485,TRUE,"adequate_cell_count"
"SCP1884::110216::Control","Plasma::Activated plasma",317,"SCP1884","110216","SCP1884::110216","Control",2091,1,0.151602104256337,TRUE,"adequate_cell_count"
"SCP1884::110216::Control","Plasma::IgA plasma",51,"SCP1884","110216","SCP1884::110216","Control",2091,1,0.024390243902439,TRUE,"adequate_cell_count"
"SCP1884::110216::Control","Plasma::IgG plasma",0,"SCP1884","110216","SCP1884::110216","Control",2091,1,0,FALSE,"absent_zero_cells"
"SCP1884::110216::Control","Plasma::Transitional B",0,"SCP1884","110216","SCP1884::110216","Control",2091,1,0,FALSE,"absent_zero_cells"
"SCP1884::110216::Control","T_NK",626,"SCP1884","110216","SCP1884::110216","Control",2091,1,0.299378287900526,TRUE,"adequate_cell_count"
"SCP1884::115208::Inflamed","B_cell::ActB3",0,"SCP1884","115208","SCP1884::115208","Inflamed",3877,1,0,FALSE,"absent_zero_cells"
"SCP1884::115208::Inflamed","B_cell::CSM",0,"SCP1884","115208","SCP1884::115208","Inflamed",3877,1,0,FALSE,"absent_zero_cells"
"SCP1884::115208::Inflamed","B_cell::Centroblast B",0,"SCP1884","115208","SCP1884::115208","Inflamed",3877,1,0,FALSE,"absent_zero_cells"
"SCP1884::115208::Inflamed","B_cell::Centrocyte B",0,"SCP1884","115208","SCP1884::115208","Inflamed",3877,1,0,FALSE,"absent_zero_cells"
"SCP1884::115208::Inflamed","B_cell::DN2",0,"SCP1884","115208","SCP1884::115208","Inflamed",3877,1,0,FALSE,"absent_zero_cells"
"SCP1884::115208::Inflamed","B_cell::IgM-only",0,"SCP1884","115208","SCP1884::115208","Inflamed",3877,1,0,FALSE,"absent_zero_cells"
"SCP1884::115208::Inflamed","B_cell::MZ",0,"SCP1884","115208","SCP1884::115208","Inflamed",3877,1,0,FALSE,"absent_zero_cells"
"SCP1884::115208::Inflamed","B_cell::Naïve B",1,"SCP1884","115208","SCP1884::115208","Inflamed",3877,1,0.000257931390250193,FALSE,"low_cell_count"
"SCP1884::115208::Inflamed","Endothelial",19,"SCP1884","115208","SCP1884::115208","Inflamed",3877,1,0.00490069641475368,FALSE,"low_cell_count"
"SCP1884::115208::Inflamed","Epithelial",3479,"SCP1884","115208","SCP1884::115208","Inflamed",3877,1,0.897343306680423,TRUE,"adequate_cell_count"
"SCP1884::115208::Inflamed","Mast",2,"SCP1884","115208","SCP1884::115208","Inflamed",3877,1,0.000515862780500387,FALSE,"low_cell_count"
"SCP1884::115208::Inflamed","Mesenchymal_stromal",62,"SCP1884","115208","SCP1884::115208","Inflamed",3877,1,0.015991746195512,TRUE,"adequate_cell_count"
"SCP1884::115208::Inflamed","Myeloid",88,"SCP1884","115208","SCP1884::115208","Inflamed",3877,1,0.022697962342017,TRUE,"adequate_cell_count"
"SCP1884::115208::Inflamed","Plasma::Activated plasma",1,"SCP1884","115208","SCP1884::115208","Inflamed",3877,1,0.000257931390250193,FALSE,"low_cell_count"
"SCP1884::115208::Inflamed","Plasma::IgA plasma",20,"SCP1884","115208","SCP1884::115208","Inflamed",3877,1,0.00515862780500387,TRUE,"adequate_cell_count"
"SCP1884::115208::Inflamed","Plasma::IgG plasma",0,"SCP1884","115208","SCP1884::115208","Inflamed",3877,1,0,FALSE,"absent_zero_cells"
"SCP1884::115208::Inflamed","Plasma::Transitional B",0,"SCP1884","115208","SCP1884::115208","Inflamed",3877,1,0,FALSE,"absent_zero_cells"
"SCP1884::115208::Inflamed","T_NK",205,"SCP1884","115208","SCP1884::115208","Inflamed",3877,1,0.0528759350012897,TRUE,"adequate_cell_count"
"SCP1884::115208::Non-inflamed","B_cell::ActB3",0,"SCP1884","115208","SCP1884::115208","Non-inflamed",1443,1,0,FALSE,"absent_zero_cells"
"SCP1884::115208::Non-inflamed","B_cell::CSM",0,"SCP1884","115208","SCP1884::115208","Non-inflamed",1443,1,0,FALSE,"absent_zero_cells"
"SCP1884::115208::Non-inflamed","B_cell::Centroblast B",0,"SCP1884","115208","SCP1884::115208","Non-inflamed",1443,1,0,FALSE,"absent_zero_cells"
"SCP1884::115208::Non-inflamed","B_cell::Centrocyte B",0,"SCP1884","115208","SCP1884::115208","Non-inflamed",1443,1,0,FALSE,"absent_zero_cells"
"SCP1884::115208::Non-inflamed","B_cell::DN2",0,"SCP1884","115208","SCP1884::115208","Non-inflamed",1443,1,0,FALSE,"absent_zero_cells"
"SCP1884::115208::Non-inflamed","B_cell::IgM-only",0,"SCP1884","115208","SCP1884::115208","Non-inflamed",1443,1,0,FALSE,"absent_zero_cells"
"SCP1884::115208::Non-inflamed","B_cell::MZ",0,"SCP1884","115208","SCP1884::115208","Non-inflamed",1443,1,0,FALSE,"absent_zero_cells"
"SCP1884::115208::Non-inflamed","B_cell::Naïve B",0,"SCP1884","115208","SCP1884::115208","Non-inflamed",1443,1,0,FALSE,"absent_zero_cells"
"SCP1884::115208::Non-inflamed","Endothelial",9,"SCP1884","115208","SCP1884::115208","Non-inflamed",1443,1,0.00623700623700624,FALSE,"low_cell_count"
"SCP1884::115208::Non-inflamed","Epithelial",1399,"SCP1884","115208","SCP1884::115208","Non-inflamed",1443,1,0.969507969507969,TRUE,"adequate_cell_count"
"SCP1884::115208::Non-inflamed","Mast",0,"SCP1884","115208","SCP1884::115208","Non-inflamed",1443,1,0,FALSE,"absent_zero_cells"
"SCP1884::115208::Non-inflamed","Mesenchymal_stromal",6,"SCP1884","115208","SCP1884::115208","Non-inflamed",1443,1,0.00415800415800416,FALSE,"low_cell_count"
"SCP1884::115208::Non-inflamed","Myeloid",27,"SCP1884","115208","SCP1884::115208","Non-inflamed",1443,1,0.0187110187110187,TRUE,"adequate_cell_count"
"SCP1884::115208::Non-inflamed","Plasma::Activated plasma",0,"SCP1884","115208","SCP1884::115208","Non-inflamed",1443,1,0,FALSE,"absent_zero_cells"
"SCP1884::115208::Non-inflamed","Plasma::IgA plasma",0,"SCP1884","115208","SCP1884::115208","Non-inflamed",1443,1,0,FALSE,"absent_zero_cells"
"SCP1884::115208::Non-inflamed","Plasma::IgG plasma",0,"SCP1884","115208","SCP1884::115208","Non-inflamed",1443,1,0,FALSE,"absent_zero_cells"
"SCP1884::115208::Non-inflamed","Plasma::Transitional B",0,"SCP1884","115208","SCP1884::115208","Non-inflamed",1443,1,0,FALSE,"absent_zero_cells"
"SCP1884::115208::Non-inflamed","T_NK",2,"SCP1884","115208","SCP1884::115208","Non-inflamed",1443,1,0.00138600138600139,FALSE,"low_cell_count"
"SCP1884::119540::Non-inflamed","B_cell::ActB3",22,"SCP1884","119540","SCP1884::119540","Non-inflamed",9138,1,0.00240752899978113,TRUE,"adequate_cell_count"
"SCP1884::119540::Non-inflamed","B_cell::CSM",1068,"SCP1884","119540","SCP1884::119540","Non-inflamed",9138,1,0.116874589625739,TRUE,"adequate_cell_count"
"SCP1884::119540::Non-inflamed","B_cell::Centroblast B",1325,"SCP1884","119540","SCP1884::119540","Non-inflamed",9138,1,0.144998905668636,TRUE,"adequate_cell_count"
"SCP1884::119540::Non-inflamed","B_cell::Centrocyte B",706,"SCP1884","119540","SCP1884::119540","Non-inflamed",9138,1,0.0772597942657037,TRUE,"adequate_cell_count"
"SCP1884::119540::Non-inflamed","B_cell::DN2",230,"SCP1884","119540","SCP1884::119540","Non-inflamed",9138,1,0.0251696213613482,TRUE,"adequate_cell_count"
"SCP1884::119540::Non-inflamed","B_cell::IgM-only",39,"SCP1884","119540","SCP1884::119540","Non-inflamed",9138,1,0.00426789231779383,TRUE,"adequate_cell_count"
"SCP1884::119540::Non-inflamed","B_cell::MZ",207,"SCP1884","119540","SCP1884::119540","Non-inflamed",9138,1,0.0226526592252134,TRUE,"adequate_cell_count"
"SCP1884::119540::Non-inflamed","B_cell::Naïve B",1124,"SCP1884","119540","SCP1884::119540","Non-inflamed",9138,1,0.123002845261545,TRUE,"adequate_cell_count"
"SCP1884::119540::Non-inflamed","Endothelial",31,"SCP1884","119540","SCP1884::119540","Non-inflamed",9138,1,0.00339242722696432,TRUE,"adequate_cell_count"
"SCP1884::119540::Non-inflamed","Epithelial",458,"SCP1884","119540","SCP1884::119540","Non-inflamed",9138,1,0.0501203764499891,TRUE,"adequate_cell_count"
"SCP1884::119540::Non-inflamed","Mast",34,"SCP1884","119540","SCP1884::119540","Non-inflamed",9138,1,0.00372072663602539,TRUE,"adequate_cell_count"
"SCP1884::119540::Non-inflamed","Mesenchymal_stromal",72,"SCP1884","119540","SCP1884::119540","Non-inflamed",9138,1,0.00787918581746553,TRUE,"adequate_cell_count"
"SCP1884::119540::Non-inflamed","Myeloid",429,"SCP1884","119540","SCP1884::119540","Non-inflamed",9138,1,0.0469468154957321,TRUE,"adequate_cell_count"
"SCP1884::119540::Non-inflamed","Plasma::Activated plasma",66,"SCP1884","119540","SCP1884::119540","Non-inflamed",9138,1,0.0072225869993434,TRUE,"adequate_cell_count"
"SCP1884::119540::Non-inflamed","Plasma::IgA plasma",11,"SCP1884","119540","SCP1884::119540","Non-inflamed",9138,1,0.00120376449989057,FALSE,"low_cell_count"
"SCP1884::119540::Non-inflamed","Plasma::IgG plasma",11,"SCP1884","119540","SCP1884::119540","Non-inflamed",9138,1,0.00120376449989057,FALSE,"low_cell_count"
"SCP1884::119540::Non-inflamed","Plasma::Transitional B",128,"SCP1884","119540","SCP1884::119540","Non-inflamed",9138,1,0.0140074414532721,TRUE,"adequate_cell_count"
"SCP1884::119540::Non-inflamed","T_NK",3177,"SCP1884","119540","SCP1884::119540","Non-inflamed",9138,1,0.347669074195666,TRUE,"adequate_cell_count"
"SCP1884::125985::Non-inflamed","B_cell::ActB3",5,"SCP1884","125985","SCP1884::125985","Non-inflamed",7793,1,0.000641601437187219,FALSE,"low_cell_count"
"SCP1884::125985::Non-inflamed","B_cell::CSM",70,"SCP1884","125985","SCP1884::125985","Non-inflamed",7793,1,0.00898242012062107,TRUE,"adequate_cell_count"
"SCP1884::125985::Non-inflamed","B_cell::Centroblast B",0,"SCP1884","125985","SCP1884::125985","Non-inflamed",7793,1,0,FALSE,"absent_zero_cells"
"SCP1884::125985::Non-inflamed","B_cell::Centrocyte B",0,"SCP1884","125985","SCP1884::125985","Non-inflamed",7793,1,0,FALSE,"absent_zero_cells"
"SCP1884::125985::Non-inflamed","B_cell::DN2",17,"SCP1884","125985","SCP1884::125985","Non-inflamed",7793,1,0.00218144488643655,FALSE,"low_cell_count"
"SCP1884::125985::Non-inflamed","B_cell::IgM-only",1,"SCP1884","125985","SCP1884::125985","Non-inflamed",7793,1,0.000128320287437444,FALSE,"low_cell_count"
"SCP1884::125985::Non-inflamed","B_cell::MZ",1,"SCP1884","125985","SCP1884::125985","Non-inflamed",7793,1,0.000128320287437444,FALSE,"low_cell_count"
"SCP1884::125985::Non-inflamed","B_cell::Naïve B",43,"SCP1884","125985","SCP1884::125985","Non-inflamed",7793,1,0.00551777235981009,TRUE,"adequate_cell_count"
"SCP1884::125985::Non-inflamed","Endothelial",159,"SCP1884","125985","SCP1884::125985","Non-inflamed",7793,1,0.0204029257025536,TRUE,"adequate_cell_count"
"SCP1884::125985::Non-inflamed","Epithelial",2233,"SCP1884","125985","SCP1884::125985","Non-inflamed",7793,1,0.286539201847812,TRUE,"adequate_cell_count"
"SCP1884::125985::Non-inflamed","Mast",204,"SCP1884","125985","SCP1884::125985","Non-inflamed",7793,1,0.0261773386372386,TRUE,"adequate_cell_count"
"SCP1884::125985::Non-inflamed","Mesenchymal_stromal",591,"SCP1884","125985","SCP1884::125985","Non-inflamed",7793,1,0.0758372898755293,TRUE,"adequate_cell_count"
"SCP1884::125985::Non-inflamed","Myeloid",359,"SCP1884","125985","SCP1884::125985","Non-inflamed",7793,1,0.0460669831900424,TRUE,"adequate_cell_count"
"SCP1884::125985::Non-inflamed","Plasma::Activated plasma",591,"SCP1884","125985","SCP1884::125985","Non-inflamed",7793,1,0.0758372898755293,TRUE,"adequate_cell_count"
"SCP1884::125985::Non-inflamed","Plasma::IgA plasma",400,"SCP1884","125985","SCP1884::125985","Non-inflamed",7793,1,0.0513281149749775,TRUE,"adequate_cell_count"
"SCP1884::125985::Non-inflamed","Plasma::IgG plasma",22,"SCP1884","125985","SCP1884::125985","Non-inflamed",7793,1,0.00282304632362377,TRUE,"adequate_cell_count"
"SCP1884::125985::Non-inflamed","Plasma::Transitional B",2,"SCP1884","125985","SCP1884::125985","Non-inflamed",7793,1,0.000256640574874888,FALSE,"low_cell_count"
"SCP1884::125985::Non-inflamed","T_NK",3095,"SCP1884","125985","SCP1884::125985","Non-inflamed",7793,1,0.397151289618889,TRUE,"adequate_cell_count"
"SCP1884::127643::Inflamed","B_cell::ActB3",0,"SCP1884","127643","SCP1884::127643","Inflamed",840,1,0,FALSE,"absent_zero_cells"
"SCP1884::127643::Inflamed","B_cell::CSM",11,"SCP1884","127643","SCP1884::127643","Inflamed",840,1,0.0130952380952381,FALSE,"low_cell_count"
"SCP1884::127643::Inflamed","B_cell::Centroblast B",0,"SCP1884","127643","SCP1884::127643","Inflamed",840,1,0,FALSE,"absent_zero_cells"
"SCP1884::127643::Inflamed","B_cell::Centrocyte B",0,"SCP1884","127643","SCP1884::127643","Inflamed",840,1,0,FALSE,"absent_zero_cells"
"SCP1884::127643::Inflamed","B_cell::DN2",6,"SCP1884","127643","SCP1884::127643","Inflamed",840,1,0.00714285714285714,FALSE,"low_cell_count"
"SCP1884::127643::Inflamed","B_cell::IgM-only",1,"SCP1884","127643","SCP1884::127643","Inflamed",840,1,0.00119047619047619,FALSE,"low_cell_count"
"SCP1884::127643::Inflamed","B_cell::MZ",0,"SCP1884","127643","SCP1884::127643","Inflamed",840,1,0,FALSE,"absent_zero_cells"
"SCP1884::127643::Inflamed","B_cell::Naïve B",2,"SCP1884","127643","SCP1884::127643","Inflamed",840,1,0.00238095238095238,FALSE,"low_cell_count"
"SCP1884::127643::Inflamed","Endothelial",24,"SCP1884","127643","SCP1884::127643","Inflamed",840,1,0.0285714285714286,TRUE,"adequate_cell_count"
"SCP1884::127643::Inflamed","Epithelial",125,"SCP1884","127643","SCP1884::127643","Inflamed",840,1,0.148809523809524,TRUE,"adequate_cell_count"
"SCP1884::127643::Inflamed","Mast",83,"SCP1884","127643","SCP1884::127643","Inflamed",840,1,0.0988095238095238,TRUE,"adequate_cell_count"
"SCP1884::127643::Inflamed","Mesenchymal_stromal",43,"SCP1884","127643","SCP1884::127643","Inflamed",840,1,0.0511904761904762,TRUE,"adequate_cell_count"
"SCP1884::127643::Inflamed","Myeloid",181,"SCP1884","127643","SCP1884::127643","Inflamed",840,1,0.215476190476191,TRUE,"adequate_cell_count"
"SCP1884::127643::Inflamed","Plasma::Activated plasma",56,"SCP1884","127643","SCP1884::127643","Inflamed",840,1,0.0666666666666667,TRUE,"adequate_cell_count"
"SCP1884::127643::Inflamed","Plasma::IgA plasma",43,"SCP1884","127643","SCP1884::127643","Inflamed",840,1,0.0511904761904762,TRUE,"adequate_cell_count"
"SCP1884::127643::Inflamed","Plasma::IgG plasma",19,"SCP1884","127643","SCP1884::127643","Inflamed",840,1,0.0226190476190476,FALSE,"low_cell_count"
"SCP1884::127643::Inflamed","Plasma::Transitional B",0,"SCP1884","127643","SCP1884::127643","Inflamed",840,1,0,FALSE,"absent_zero_cells"
"SCP1884::127643::Inflamed","T_NK",246,"SCP1884","127643","SCP1884::127643","Inflamed",840,1,0.292857142857143,TRUE,"adequate_cell_count"
"SCP1884::127643::Non-inflamed","B_cell::ActB3",1,"SCP1884","127643","SCP1884::127643","Non-inflamed",3126,1,0.000319897632757518,FALSE,"low_cell_count"
"SCP1884::127643::Non-inflamed","B_cell::CSM",32,"SCP1884","127643","SCP1884::127643","Non-inflamed",3126,1,0.0102367242482406,TRUE,"adequate_cell_count"
"SCP1884::127643::Non-inflamed","B_cell::Centroblast B",0,"SCP1884","127643","SCP1884::127643","Non-inflamed",3126,1,0,FALSE,"absent_zero_cells"
"SCP1884::127643::Non-inflamed","B_cell::Centrocyte B",0,"SCP1884","127643","SCP1884::127643","Non-inflamed",3126,1,0,FALSE,"absent_zero_cells"
"SCP1884::127643::Non-inflamed","B_cell::DN2",32,"SCP1884","127643","SCP1884::127643","Non-inflamed",3126,1,0.0102367242482406,TRUE,"adequate_cell_count"
"SCP1884::127643::Non-inflamed","B_cell::IgM-only",8,"SCP1884","127643","SCP1884::127643","Non-inflamed",3126,1,0.00255918106206014,FALSE,"low_cell_count"
"SCP1884::127643::Non-inflamed","B_cell::MZ",2,"SCP1884","127643","SCP1884::127643","Non-inflamed",3126,1,0.000639795265515035,FALSE,"low_cell_count"
"SCP1884::127643::Non-inflamed","B_cell::Naïve B",16,"SCP1884","127643","SCP1884::127643","Non-inflamed",3126,1,0.00511836212412028,FALSE,"low_cell_count"
"SCP1884::127643::Non-inflamed","Endothelial",31,"SCP1884","127643","SCP1884::127643","Non-inflamed",3126,1,0.00991682661548304,TRUE,"adequate_cell_count"
"SCP1884::127643::Non-inflamed","Epithelial",1278,"SCP1884","127643","SCP1884::127643","Non-inflamed",3126,1,0.408829174664108,TRUE,"adequate_cell_count"
"SCP1884::127643::Non-inflamed","Mast",160,"SCP1884","127643","SCP1884::127643","Non-inflamed",3126,1,0.0511836212412028,TRUE,"adequate_cell_count"
"SCP1884::127643::Non-inflamed","Mesenchymal_stromal",114,"SCP1884","127643","SCP1884::127643","Non-inflamed",3126,1,0.036468330134357,TRUE,"adequate_cell_count"
"SCP1884::127643::Non-inflamed","Myeloid",352,"SCP1884","127643","SCP1884::127643","Non-inflamed",3126,1,0.112603966730646,TRUE,"adequate_cell_count"
"SCP1884::127643::Non-inflamed","Plasma::Activated plasma",110,"SCP1884","127643","SCP1884::127643","Non-inflamed",3126,1,0.0351887396033269,TRUE,"adequate_cell_count"
"SCP1884::127643::Non-inflamed","Plasma::IgA plasma",140,"SCP1884","127643","SCP1884::127643","Non-inflamed",3126,1,0.0447856685860525,TRUE,"adequate_cell_count"
"SCP1884::127643::Non-inflamed","Plasma::IgG plasma",8,"SCP1884","127643","SCP1884::127643","Non-inflamed",3126,1,0.00255918106206014,FALSE,"low_cell_count"
"SCP1884::127643::Non-inflamed","Plasma::Transitional B",3,"SCP1884","127643","SCP1884::127643","Non-inflamed",3126,1,0.000959692898272553,FALSE,"low_cell_count"
"SCP1884::127643::Non-inflamed","T_NK",839,"SCP1884","127643","SCP1884::127643","Non-inflamed",3126,1,0.268394113883557,TRUE,"adequate_cell_count"
"SCP1884::127693::Inflamed","B_cell::ActB3",0,"SCP1884","127693","SCP1884::127693","Inflamed",2507,1,0,FALSE,"absent_zero_cells"
"SCP1884::127693::Inflamed","B_cell::CSM",8,"SCP1884","127693","SCP1884::127693","Inflamed",2507,1,0.00319106501794974,FALSE,"low_cell_count"
"SCP1884::127693::Inflamed","B_cell::Centroblast B",2,"SCP1884","127693","SCP1884::127693","Inflamed",2507,1,0.000797766254487435,FALSE,"low_cell_count"
"SCP1884::127693::Inflamed","B_cell::Centrocyte B",0,"SCP1884","127693","SCP1884::127693","Inflamed",2507,1,0,FALSE,"absent_zero_cells"
"SCP1884::127693::Inflamed","B_cell::DN2",1,"SCP1884","127693","SCP1884::127693","Inflamed",2507,1,0.000398883127243718,FALSE,"low_cell_count"
"SCP1884::127693::Inflamed","B_cell::IgM-only",2,"SCP1884","127693","SCP1884::127693","Inflamed",2507,1,0.000797766254487435,FALSE,"low_cell_count"
"SCP1884::127693::Inflamed","B_cell::MZ",0,"SCP1884","127693","SCP1884::127693","Inflamed",2507,1,0,FALSE,"absent_zero_cells"
"SCP1884::127693::Inflamed","B_cell::Naïve B",2,"SCP1884","127693","SCP1884::127693","Inflamed",2507,1,0.000797766254487435,FALSE,"low_cell_count"
"SCP1884::127693::Inflamed","Endothelial",58,"SCP1884","127693","SCP1884::127693","Inflamed",2507,1,0.0231352213801356,TRUE,"adequate_cell_count"
"SCP1884::127693::Inflamed","Epithelial",580,"SCP1884","127693","SCP1884::127693","Inflamed",2507,1,0.231352213801356,TRUE,"adequate_cell_count"
"SCP1884::127693::Inflamed","Mast",58,"SCP1884","127693","SCP1884::127693","Inflamed",2507,1,0.0231352213801356,TRUE,"adequate_cell_count"
"SCP1884::127693::Inflamed","Mesenchymal_stromal",194,"SCP1884","127693","SCP1884::127693","Inflamed",2507,1,0.0773833266852812,TRUE,"adequate_cell_count"
"SCP1884::127693::Inflamed","Myeloid",636,"SCP1884","127693","SCP1884::127693","Inflamed",2507,1,0.253689668927004,TRUE,"adequate_cell_count"
"SCP1884::127693::Inflamed","Plasma::Activated plasma",403,"SCP1884","127693","SCP1884::127693","Inflamed",2507,1,0.160749900279218,TRUE,"adequate_cell_count"
"SCP1884::127693::Inflamed","Plasma::IgA plasma",83,"SCP1884","127693","SCP1884::127693","Inflamed",2507,1,0.0331072995612286,TRUE,"adequate_cell_count"
"SCP1884::127693::Inflamed","Plasma::IgG plasma",29,"SCP1884","127693","SCP1884::127693","Inflamed",2507,1,0.0115676106900678,TRUE,"adequate_cell_count"
"SCP1884::127693::Inflamed","Plasma::Transitional B",0,"SCP1884","127693","SCP1884::127693","Inflamed",2507,1,0,FALSE,"absent_zero_cells"
"SCP1884::127693::Inflamed","T_NK",451,"SCP1884","127693","SCP1884::127693","Inflamed",2507,1,0.179896290386917,TRUE,"adequate_cell_count"
"SCP1884::127693::Non-inflamed","B_cell::ActB3",0,"SCP1884","127693","SCP1884::127693","Non-inflamed",3010,1,0,FALSE,"absent_zero_cells"
"SCP1884::127693::Non-inflamed","B_cell::CSM",20,"SCP1884","127693","SCP1884::127693","Non-inflamed",3010,1,0.00664451827242525,TRUE,"adequate_cell_count"
"SCP1884::127693::Non-inflamed","B_cell::Centroblast B",9,"SCP1884","127693","SCP1884::127693","Non-inflamed",3010,1,0.00299003322259136,FALSE,"low_cell_count"
"SCP1884::127693::Non-inflamed","B_cell::Centrocyte B",2,"SCP1884","127693","SCP1884::127693","Non-inflamed",3010,1,0.000664451827242525,FALSE,"low_cell_count"
"SCP1884::127693::Non-inflamed","B_cell::DN2",6,"SCP1884","127693","SCP1884::127693","Non-inflamed",3010,1,0.00199335548172757,FALSE,"low_cell_count"
"SCP1884::127693::Non-inflamed","B_cell::IgM-only",1,"SCP1884","127693","SCP1884::127693","Non-inflamed",3010,1,0.000332225913621262,FALSE,"low_cell_count"
"SCP1884::127693::Non-inflamed","B_cell::MZ",0,"SCP1884","127693","SCP1884::127693","Non-inflamed",3010,1,0,FALSE,"absent_zero_cells"
"SCP1884::127693::Non-inflamed","B_cell::Naïve B",0,"SCP1884","127693","SCP1884::127693","Non-inflamed",3010,1,0,FALSE,"absent_zero_cells"
"SCP1884::127693::Non-inflamed","Endothelial",67,"SCP1884","127693","SCP1884::127693","Non-inflamed",3010,1,0.0222591362126246,TRUE,"adequate_cell_count"
"SCP1884::127693::Non-inflamed","Epithelial",660,"SCP1884","127693","SCP1884::127693","Non-inflamed",3010,1,0.219269102990033,TRUE,"adequate_cell_count"
"SCP1884::127693::Non-inflamed","Mast",157,"SCP1884","127693","SCP1884::127693","Non-inflamed",3010,1,0.0521594684385382,TRUE,"adequate_cell_count"
"SCP1884::127693::Non-inflamed","Mesenchymal_stromal",406,"SCP1884","127693","SCP1884::127693","Non-inflamed",3010,1,0.134883720930233,TRUE,"adequate_cell_count"
"SCP1884::127693::Non-inflamed","Myeloid",590,"SCP1884","127693","SCP1884::127693","Non-inflamed",3010,1,0.196013289036545,TRUE,"adequate_cell_count"
"SCP1884::127693::Non-inflamed","Plasma::Activated plasma",309,"SCP1884","127693","SCP1884::127693","Non-inflamed",3010,1,0.10265780730897,TRUE,"adequate_cell_count"
"SCP1884::127693::Non-inflamed","Plasma::IgA plasma",36,"SCP1884","127693","SCP1884::127693","Non-inflamed",3010,1,0.0119601328903655,TRUE,"adequate_cell_count"
"SCP1884::127693::Non-inflamed","Plasma::IgG plasma",3,"SCP1884","127693","SCP1884::127693","Non-inflamed",3010,1,0.000996677740863787,FALSE,"low_cell_count"
"SCP1884::127693::Non-inflamed","Plasma::Transitional B",2,"SCP1884","127693","SCP1884::127693","Non-inflamed",3010,1,0.000664451827242525,FALSE,"low_cell_count"
"SCP1884::127693::Non-inflamed","T_NK",742,"SCP1884","127693","SCP1884::127693","Non-inflamed",3010,1,0.246511627906977,TRUE,"adequate_cell_count"
"SCP1884::128346::Non-inflamed","B_cell::ActB3",2,"SCP1884","128346","SCP1884::128346","Non-inflamed",5789,1,0.000345482812230092,FALSE,"low_cell_count"
"SCP1884::128346::Non-inflamed","B_cell::CSM",158,"SCP1884","128346","SCP1884::128346","Non-inflamed",5789,1,0.0272931421661772,TRUE,"adequate_cell_count"
"SCP1884::128346::Non-inflamed","B_cell::Centroblast B",10,"SCP1884","128346","SCP1884::128346","Non-inflamed",5789,1,0.00172741406115046,FALSE,"low_cell_count"
"SCP1884::128346::Non-inflamed","B_cell::Centrocyte B",0,"SCP1884","128346","SCP1884::128346","Non-inflamed",5789,1,0,FALSE,"absent_zero_cells"
"SCP1884::128346::Non-inflamed","B_cell::DN2",14,"SCP1884","128346","SCP1884::128346","Non-inflamed",5789,1,0.00241837968561064,FALSE,"low_cell_count"
"SCP1884::128346::Non-inflamed","B_cell::IgM-only",7,"SCP1884","128346","SCP1884::128346","Non-inflamed",5789,1,0.00120918984280532,FALSE,"low_cell_count"
"SCP1884::128346::Non-inflamed","B_cell::MZ",6,"SCP1884","128346","SCP1884::128346","Non-inflamed",5789,1,0.00103644843669027,FALSE,"low_cell_count"
"SCP1884::128346::Non-inflamed","B_cell::Naïve B",16,"SCP1884","128346","SCP1884::128346","Non-inflamed",5789,1,0.00276386249784073,FALSE,"low_cell_count"
"SCP1884::128346::Non-inflamed","Endothelial",88,"SCP1884","128346","SCP1884::128346","Non-inflamed",5789,1,0.015201243738124,TRUE,"adequate_cell_count"
"SCP1884::128346::Non-inflamed","Epithelial",956,"SCP1884","128346","SCP1884::128346","Non-inflamed",5789,1,0.165140784245984,TRUE,"adequate_cell_count"
"SCP1884::128346::Non-inflamed","Mast",190,"SCP1884","128346","SCP1884::128346","Non-inflamed",5789,1,0.0328208671618587,TRUE,"adequate_cell_count"
"SCP1884::128346::Non-inflamed","Mesenchymal_stromal",231,"SCP1884","128346","SCP1884::128346","Non-inflamed",5789,1,0.0399032648125756,TRUE,"adequate_cell_count"
"SCP1884::128346::Non-inflamed","Myeloid",1127,"SCP1884","128346","SCP1884::128346","Non-inflamed",5789,1,0.194679564691657,TRUE,"adequate_cell_count"
"SCP1884::128346::Non-inflamed","Plasma::Activated plasma",756,"SCP1884","128346","SCP1884::128346","Non-inflamed",5789,1,0.130592503022975,TRUE,"adequate_cell_count"
"SCP1884::128346::Non-inflamed","Plasma::IgA plasma",50,"SCP1884","128346","SCP1884::128346","Non-inflamed",5789,1,0.00863707030575229,TRUE,"adequate_cell_count"
"SCP1884::128346::Non-inflamed","Plasma::IgG plasma",0,"SCP1884","128346","SCP1884::128346","Non-inflamed",5789,1,0,FALSE,"absent_zero_cells"
"SCP1884::128346::Non-inflamed","Plasma::Transitional B",0,"SCP1884","128346","SCP1884::128346","Non-inflamed",5789,1,0,FALSE,"absent_zero_cells"
"SCP1884::128346::Non-inflamed","T_NK",2178,"SCP1884","128346","SCP1884::128346","Non-inflamed",5789,1,0.37623078251857,TRUE,"adequate_cell_count"
"SCP1884::130064::Inflamed","B_cell::ActB3",1,"SCP1884","130064","SCP1884::130064","Inflamed",11565,1,8.64677907479464e-05,FALSE,"low_cell_count"
"SCP1884::130064::Inflamed","B_cell::CSM",81,"SCP1884","130064","SCP1884::130064","Inflamed",11565,1,0.00700389105058366,TRUE,"adequate_cell_count"
"SCP1884::130064::Inflamed","B_cell::Centroblast B",5,"SCP1884","130064","SCP1884::130064","Inflamed",11565,1,0.000432338953739732,FALSE,"low_cell_count"
"SCP1884::130064::Inflamed","B_cell::Centrocyte B",0,"SCP1884","130064","SCP1884::130064","Inflamed",11565,1,0,FALSE,"absent_zero_cells"
"SCP1884::130064::Inflamed","B_cell::DN2",0,"SCP1884","130064","SCP1884::130064","Inflamed",11565,1,0,FALSE,"absent_zero_cells"
"SCP1884::130064::Inflamed","B_cell::IgM-only",0,"SCP1884","130064","SCP1884::130064","Inflamed",11565,1,0,FALSE,"absent_zero_cells"
"SCP1884::130064::Inflamed","B_cell::MZ",0,"SCP1884","130064","SCP1884::130064","Inflamed",11565,1,0,FALSE,"absent_zero_cells"
"SCP1884::130064::Inflamed","B_cell::Naïve B",10,"SCP1884","130064","SCP1884::130064","Inflamed",11565,1,0.000864677907479464,FALSE,"low_cell_count"
"SCP1884::130064::Inflamed","Endothelial",3854,"SCP1884","130064","SCP1884::130064","Inflamed",11565,1,0.333246865542585,TRUE,"adequate_cell_count"
"SCP1884::130064::Inflamed","Epithelial",2955,"SCP1884","130064","SCP1884::130064","Inflamed",11565,1,0.255512321660182,TRUE,"adequate_cell_count"
"SCP1884::130064::Inflamed","Mast",0,"SCP1884","130064","SCP1884::130064","Inflamed",11565,1,0,FALSE,"absent_zero_cells"
"SCP1884::130064::Inflamed","Mesenchymal_stromal",3276,"SCP1884","130064","SCP1884::130064","Inflamed",11565,1,0.283268482490272,TRUE,"adequate_cell_count"
"SCP1884::130064::Inflamed","Myeloid",580,"SCP1884","130064","SCP1884::130064","Inflamed",11565,1,0.0501513186338089,TRUE,"adequate_cell_count"
"SCP1884::130064::Inflamed","Plasma::Activated plasma",0,"SCP1884","130064","SCP1884::130064","Inflamed",11565,1,0,FALSE,"absent_zero_cells"
"SCP1884::130064::Inflamed","Plasma::IgA plasma",590,"SCP1884","130064","SCP1884::130064","Inflamed",11565,1,0.0510159965412884,TRUE,"adequate_cell_count"
"SCP1884::130064::Inflamed","Plasma::IgG plasma",3,"SCP1884","130064","SCP1884::130064","Inflamed",11565,1,0.000259403372243839,FALSE,"low_cell_count"
"SCP1884::130064::Inflamed","Plasma::Transitional B",0,"SCP1884","130064","SCP1884::130064","Inflamed",11565,1,0,FALSE,"absent_zero_cells"
"SCP1884::130064::Inflamed","T_NK",210,"SCP1884","130064","SCP1884::130064","Inflamed",11565,1,0.0181582360570687,TRUE,"adequate_cell_count"
"SCP1884::130064::Non-inflamed","B_cell::ActB3",0,"SCP1884","130064","SCP1884::130064","Non-inflamed",35713,1,0,FALSE,"absent_zero_cells"
"SCP1884::130064::Non-inflamed","B_cell::CSM",411,"SCP1884","130064","SCP1884::130064","Non-inflamed",35713,1,0.0115084143029149,TRUE,"adequate_cell_count"
"SCP1884::130064::Non-inflamed","B_cell::Centroblast B",3,"SCP1884","130064","SCP1884::130064","Non-inflamed",35713,1,8.40030241088679e-05,FALSE,"low_cell_count"
"SCP1884::130064::Non-inflamed","B_cell::Centrocyte B",0,"SCP1884","130064","SCP1884::130064","Non-inflamed",35713,1,0,FALSE,"absent_zero_cells"
"SCP1884::130064::Non-inflamed","B_cell::DN2",1,"SCP1884","130064","SCP1884::130064","Non-inflamed",35713,1,2.80010080362893e-05,FALSE,"low_cell_count"
"SCP1884::130064::Non-inflamed","B_cell::IgM-only",0,"SCP1884","130064","SCP1884::130064","Non-inflamed",35713,1,0,FALSE,"absent_zero_cells"
"SCP1884::130064::Non-inflamed","B_cell::MZ",1,"SCP1884","130064","SCP1884::130064","Non-inflamed",35713,1,2.80010080362893e-05,FALSE,"low_cell_count"
"SCP1884::130064::Non-inflamed","B_cell::Naïve B",30,"SCP1884","130064","SCP1884::130064","Non-inflamed",35713,1,0.000840030241088679,TRUE,"adequate_cell_count"
"SCP1884::130064::Non-inflamed","Endothelial",5583,"SCP1884","130064","SCP1884::130064","Non-inflamed",35713,1,0.156329627866603,TRUE,"adequate_cell_count"
"SCP1884::130064::Non-inflamed","Epithelial",8366,"SCP1884","130064","SCP1884::130064","Non-inflamed",35713,1,0.234256433231596,TRUE,"adequate_cell_count"
"SCP1884::130064::Non-inflamed","Mast",22,"SCP1884","130064","SCP1884::130064","Non-inflamed",35713,1,0.000616022176798365,TRUE,"adequate_cell_count"
"SCP1884::130064::Non-inflamed","Mesenchymal_stromal",10350,"SCP1884","130064","SCP1884::130064","Non-inflamed",35713,1,0.289810433175594,TRUE,"adequate_cell_count"
"SCP1884::130064::Non-inflamed","Myeloid",2967,"SCP1884","130064","SCP1884::130064","Non-inflamed",35713,1,0.0830789908436704,TRUE,"adequate_cell_count"
"SCP1884::130064::Non-inflamed","Plasma::Activated plasma",31,"SCP1884","130064","SCP1884::130064","Non-inflamed",35713,1,0.000868031249124969,TRUE,"adequate_cell_count"
"SCP1884::130064::Non-inflamed","Plasma::IgA plasma",5236,"SCP1884","130064","SCP1884::130064","Non-inflamed",35713,1,0.146613278078011,TRUE,"adequate_cell_count"
"SCP1884::130064::Non-inflamed","Plasma::IgG plasma",28,"SCP1884","130064","SCP1884::130064","Non-inflamed",35713,1,0.000784028225016101,TRUE,"adequate_cell_count"
"SCP1884::130064::Non-inflamed","Plasma::Transitional B",0,"SCP1884","130064","SCP1884::130064","Non-inflamed",35713,1,0,FALSE,"absent_zero_cells"
"SCP1884::130064::Non-inflamed","T_NK",2684,"SCP1884","130064","SCP1884::130064","Non-inflamed",35713,1,0.0751547055694005,TRUE,"adequate_cell_count"
"SCP1884::134300::Inflamed","B_cell::ActB3",0,"SCP1884","134300","SCP1884::134300","Inflamed",2352,1,0,FALSE,"absent_zero_cells"
"SCP1884::134300::Inflamed","B_cell::CSM",24,"SCP1884","134300","SCP1884::134300","Inflamed",2352,1,0.0102040816326531,TRUE,"adequate_cell_count"
"SCP1884::134300::Inflamed","B_cell::Centroblast B",1,"SCP1884","134300","SCP1884::134300","Inflamed",2352,1,0.000425170068027211,FALSE,"low_cell_count"
"SCP1884::134300::Inflamed","B_cell::Centrocyte B",0,"SCP1884","134300","SCP1884::134300","Inflamed",2352,1,0,FALSE,"absent_zero_cells"
"SCP1884::134300::Inflamed","B_cell::DN2",1,"SCP1884","134300","SCP1884::134300","Inflamed",2352,1,0.000425170068027211,FALSE,"low_cell_count"
"SCP1884::134300::Inflamed","B_cell::IgM-only",0,"SCP1884","134300","SCP1884::134300","Inflamed",2352,1,0,FALSE,"absent_zero_cells"
"SCP1884::134300::Inflamed","B_cell::MZ",0,"SCP1884","134300","SCP1884::134300","Inflamed",2352,1,0,FALSE,"absent_zero_cells"
"SCP1884::134300::Inflamed","B_cell::Naïve B",1,"SCP1884","134300","SCP1884::134300","Inflamed",2352,1,0.000425170068027211,FALSE,"low_cell_count"
"SCP1884::134300::Inflamed","Endothelial",216,"SCP1884","134300","SCP1884::134300","Inflamed",2352,1,0.0918367346938776,TRUE,"adequate_cell_count"
"SCP1884::134300::Inflamed","Epithelial",1420,"SCP1884","134300","SCP1884::134300","Inflamed",2352,1,0.603741496598639,TRUE,"adequate_cell_count"
"SCP1884::134300::Inflamed","Mast",7,"SCP1884","134300","SCP1884::134300","Inflamed",2352,1,0.00297619047619048,FALSE,"low_cell_count"
"SCP1884::134300::Inflamed","Mesenchymal_stromal",93,"SCP1884","134300","SCP1884::134300","Inflamed",2352,1,0.0395408163265306,TRUE,"adequate_cell_count"
"SCP1884::134300::Inflamed","Myeloid",190,"SCP1884","134300","SCP1884::134300","Inflamed",2352,1,0.0807823129251701,TRUE,"adequate_cell_count"
"SCP1884::134300::Inflamed","Plasma::Activated plasma",2,"SCP1884","134300","SCP1884::134300","Inflamed",2352,1,0.000850340136054422,FALSE,"low_cell_count"
"SCP1884::134300::Inflamed","Plasma::IgA plasma",207,"SCP1884","134300","SCP1884::134300","Inflamed",2352,1,0.0880102040816327,TRUE,"adequate_cell_count"
"SCP1884::134300::Inflamed","Plasma::IgG plasma",0,"SCP1884","134300","SCP1884::134300","Inflamed",2352,1,0,FALSE,"absent_zero_cells"
"SCP1884::134300::Inflamed","Plasma::Transitional B",0,"SCP1884","134300","SCP1884::134300","Inflamed",2352,1,0,FALSE,"absent_zero_cells"
"SCP1884::134300::Inflamed","T_NK",190,"SCP1884","134300","SCP1884::134300","Inflamed",2352,1,0.0807823129251701,TRUE,"adequate_cell_count"
"SCP1884::134300::Non-inflamed","B_cell::ActB3",0,"SCP1884","134300","SCP1884::134300","Non-inflamed",4480,1,0,FALSE,"absent_zero_cells"
"SCP1884::134300::Non-inflamed","B_cell::CSM",13,"SCP1884","134300","SCP1884::134300","Non-inflamed",4480,1,0.00290178571428571,FALSE,"low_cell_count"
"SCP1884::134300::Non-inflamed","B_cell::Centroblast B",0,"SCP1884","134300","SCP1884::134300","Non-inflamed",4480,1,0,FALSE,"absent_zero_cells"
"SCP1884::134300::Non-inflamed","B_cell::Centrocyte B",0,"SCP1884","134300","SCP1884::134300","Non-inflamed",4480,1,0,FALSE,"absent_zero_cells"
"SCP1884::134300::Non-inflamed","B_cell::DN2",1,"SCP1884","134300","SCP1884::134300","Non-inflamed",4480,1,0.000223214285714286,FALSE,"low_cell_count"
"SCP1884::134300::Non-inflamed","B_cell::IgM-only",0,"SCP1884","134300","SCP1884::134300","Non-inflamed",4480,1,0,FALSE,"absent_zero_cells"
"SCP1884::134300::Non-inflamed","B_cell::MZ",0,"SCP1884","134300","SCP1884::134300","Non-inflamed",4480,1,0,FALSE,"absent_zero_cells"
"SCP1884::134300::Non-inflamed","B_cell::Naïve B",0,"SCP1884","134300","SCP1884::134300","Non-inflamed",4480,1,0,FALSE,"absent_zero_cells"
"SCP1884::134300::Non-inflamed","Endothelial",150,"SCP1884","134300","SCP1884::134300","Non-inflamed",4480,1,0.0334821428571429,TRUE,"adequate_cell_count"
"SCP1884::134300::Non-inflamed","Epithelial",2095,"SCP1884","134300","SCP1884::134300","Non-inflamed",4480,1,0.467633928571429,TRUE,"adequate_cell_count"
"SCP1884::134300::Non-inflamed","Mast",7,"SCP1884","134300","SCP1884::134300","Non-inflamed",4480,1,0.0015625,FALSE,"low_cell_count"
"SCP1884::134300::Non-inflamed","Mesenchymal_stromal",216,"SCP1884","134300","SCP1884::134300","Non-inflamed",4480,1,0.0482142857142857,TRUE,"adequate_cell_count"
"SCP1884::134300::Non-inflamed","Myeloid",436,"SCP1884","134300","SCP1884::134300","Non-inflamed",4480,1,0.0973214285714286,TRUE,"adequate_cell_count"
"SCP1884::134300::Non-inflamed","Plasma::Activated plasma",1,"SCP1884","134300","SCP1884::134300","Non-inflamed",4480,1,0.000223214285714286,FALSE,"low_cell_count"
"SCP1884::134300::Non-inflamed","Plasma::IgA plasma",295,"SCP1884","134300","SCP1884::134300","Non-inflamed",4480,1,0.0658482142857143,TRUE,"adequate_cell_count"
"SCP1884::134300::Non-inflamed","Plasma::IgG plasma",0,"SCP1884","134300","SCP1884::134300","Non-inflamed",4480,1,0,FALSE,"absent_zero_cells"
"SCP1884::134300::Non-inflamed","Plasma::Transitional B",1,"SCP1884","134300","SCP1884::134300","Non-inflamed",4480,1,0.000223214285714286,FALSE,"low_cell_count"
"SCP1884::134300::Non-inflamed","T_NK",1265,"SCP1884","134300","SCP1884::134300","Non-inflamed",4480,1,0.282366071428571,TRUE,"adequate_cell_count"
"SCP1884::134764::Non-inflamed","B_cell::ActB3",1,"SCP1884","134764","SCP1884::134764","Non-inflamed",8843,1,0.000113083795092163,FALSE,"low_cell_count"
"SCP1884::134764::Non-inflamed","B_cell::CSM",102,"SCP1884","134764","SCP1884::134764","Non-inflamed",8843,1,0.0115345470994007,TRUE,"adequate_cell_count"
"SCP1884::134764::Non-inflamed","B_cell::Centroblast B",0,"SCP1884","134764","SCP1884::134764","Non-inflamed",8843,1,0,FALSE,"absent_zero_cells"
"SCP1884::134764::Non-inflamed","B_cell::Centrocyte B",0,"SCP1884","134764","SCP1884::134764","Non-inflamed",8843,1,0,FALSE,"absent_zero_cells"
"SCP1884::134764::Non-inflamed","B_cell::DN2",31,"SCP1884","134764","SCP1884::134764","Non-inflamed",8843,1,0.00350559764785706,TRUE,"adequate_cell_count"
"SCP1884::134764::Non-inflamed","B_cell::IgM-only",15,"SCP1884","134764","SCP1884::134764","Non-inflamed",8843,1,0.00169625692638245,FALSE,"low_cell_count"
"SCP1884::134764::Non-inflamed","B_cell::MZ",2,"SCP1884","134764","SCP1884::134764","Non-inflamed",8843,1,0.000226167590184327,FALSE,"low_cell_count"
"SCP1884::134764::Non-inflamed","B_cell::Naïve B",89,"SCP1884","134764","SCP1884::134764","Non-inflamed",8843,1,0.0100644577632025,TRUE,"adequate_cell_count"
"SCP1884::134764::Non-inflamed","Endothelial",103,"SCP1884","134764","SCP1884::134764","Non-inflamed",8843,1,0.0116476308944928,TRUE,"adequate_cell_count"
"SCP1884::134764::Non-inflamed","Epithelial",3456,"SCP1884","134764","SCP1884::134764","Non-inflamed",8843,1,0.390817595838516,TRUE,"adequate_cell_count"
"SCP1884::134764::Non-inflamed","Mast",234,"SCP1884","134764","SCP1884::134764","Non-inflamed",8843,1,0.0264616080515662,TRUE,"adequate_cell_count"
"SCP1884::134764::Non-inflamed","Mesenchymal_stromal",446,"SCP1884","134764","SCP1884::134764","Non-inflamed",8843,1,0.0504353726111048,TRUE,"adequate_cell_count"
"SCP1884::134764::Non-inflamed","Myeloid",1099,"SCP1884","134764","SCP1884::134764","Non-inflamed",8843,1,0.124279090806287,TRUE,"adequate_cell_count"
"SCP1884::134764::Non-inflamed","Plasma::Activated plasma",389,"SCP1884","134764","SCP1884::134764","Non-inflamed",8843,1,0.0439895962908515,TRUE,"adequate_cell_count"
"SCP1884::134764::Non-inflamed","Plasma::IgA plasma",33,"SCP1884","134764","SCP1884::134764","Non-inflamed",8843,1,0.00373176523804139,TRUE,"adequate_cell_count"
"SCP1884::134764::Non-inflamed","Plasma::IgG plasma",0,"SCP1884","134764","SCP1884::134764","Non-inflamed",8843,1,0,FALSE,"absent_zero_cells"
"SCP1884::134764::Non-inflamed","Plasma::Transitional B",0,"SCP1884","134764","SCP1884::134764","Non-inflamed",8843,1,0,FALSE,"absent_zero_cells"
"SCP1884::134764::Non-inflamed","T_NK",2843,"SCP1884","134764","SCP1884::134764","Non-inflamed",8843,1,0.32149722944702,TRUE,"adequate_cell_count"
"SCP1884::139892::Inflamed","B_cell::ActB3",0,"SCP1884","139892","SCP1884::139892","Inflamed",4763,1,0,FALSE,"absent_zero_cells"
"SCP1884::139892::Inflamed","B_cell::CSM",8,"SCP1884","139892","SCP1884::139892","Inflamed",4763,1,0.00167961368885156,FALSE,"low_cell_count"
"SCP1884::139892::Inflamed","B_cell::Centroblast B",5,"SCP1884","139892","SCP1884::139892","Inflamed",4763,1,0.00104975855553223,FALSE,"low_cell_count"
"SCP1884::139892::Inflamed","B_cell::Centrocyte B",0,"SCP1884","139892","SCP1884::139892","Inflamed",4763,1,0,FALSE,"absent_zero_cells"
"SCP1884::139892::Inflamed","B_cell::DN2",6,"SCP1884","139892","SCP1884::139892","Inflamed",4763,1,0.00125971026663867,FALSE,"low_cell_count"
"SCP1884::139892::Inflamed","B_cell::IgM-only",0,"SCP1884","139892","SCP1884::139892","Inflamed",4763,1,0,FALSE,"absent_zero_cells"
"SCP1884::139892::Inflamed","B_cell::MZ",0,"SCP1884","139892","SCP1884::139892","Inflamed",4763,1,0,FALSE,"absent_zero_cells"
"SCP1884::139892::Inflamed","B_cell::Naïve B",0,"SCP1884","139892","SCP1884::139892","Inflamed",4763,1,0,FALSE,"absent_zero_cells"
"SCP1884::139892::Inflamed","Endothelial",270,"SCP1884","139892","SCP1884::139892","Inflamed",4763,1,0.0566869619987403,TRUE,"adequate_cell_count"
"SCP1884::139892::Inflamed","Epithelial",969,"SCP1884","139892","SCP1884::139892","Inflamed",4763,1,0.203443208062146,TRUE,"adequate_cell_count"
"SCP1884::139892::Inflamed","Mast",154,"SCP1884","139892","SCP1884::139892","Inflamed",4763,1,0.0323325635103926,TRUE,"adequate_cell_count"
"SCP1884::139892::Inflamed","Mesenchymal_stromal",575,"SCP1884","139892","SCP1884::139892","Inflamed",4763,1,0.120722233886206,TRUE,"adequate_cell_count"
"SCP1884::139892::Inflamed","Myeloid",535,"SCP1884","139892","SCP1884::139892","Inflamed",4763,1,0.112324165441948,TRUE,"adequate_cell_count"
"SCP1884::139892::Inflamed","Plasma::Activated plasma",1066,"SCP1884","139892","SCP1884::139892","Inflamed",4763,1,0.223808524039471,TRUE,"adequate_cell_count"
"SCP1884::139892::Inflamed","Plasma::IgA plasma",95,"SCP1884","139892","SCP1884::139892","Inflamed",4763,1,0.0199454125551123,TRUE,"adequate_cell_count"
"SCP1884::139892::Inflamed","Plasma::IgG plasma",12,"SCP1884","139892","SCP1884::139892","Inflamed",4763,1,0.00251942053327735,FALSE,"low_cell_count"
"SCP1884::139892::Inflamed","Plasma::Transitional B",0,"SCP1884","139892","SCP1884::139892","Inflamed",4763,1,0,FALSE,"absent_zero_cells"
"SCP1884::139892::Inflamed","T_NK",1068,"SCP1884","139892","SCP1884::139892","Inflamed",4763,1,0.224228427461684,TRUE,"adequate_cell_count"
"SCP1884::148519::Non-inflamed","B_cell::ActB3",7,"SCP1884","148519","SCP1884::148519","Non-inflamed",7548,1,0.000927397986221516,FALSE,"low_cell_count"
"SCP1884::148519::Non-inflamed","B_cell::CSM",327,"SCP1884","148519","SCP1884::148519","Non-inflamed",7548,1,0.0433227344992051,TRUE,"adequate_cell_count"
"SCP1884::148519::Non-inflamed","B_cell::Centroblast B",56,"SCP1884","148519","SCP1884::148519","Non-inflamed",7548,1,0.00741918388977213,TRUE,"adequate_cell_count"
"SCP1884::148519::Non-inflamed","B_cell::Centrocyte B",3,"SCP1884","148519","SCP1884::148519","Non-inflamed",7548,1,0.000397456279809221,FALSE,"low_cell_count"
"SCP1884::148519::Non-inflamed","B_cell::DN2",145,"SCP1884","148519","SCP1884::148519","Non-inflamed",7548,1,0.0192103868574457,TRUE,"adequate_cell_count"
"SCP1884::148519::Non-inflamed","B_cell::IgM-only",38,"SCP1884","148519","SCP1884::148519","Non-inflamed",7548,1,0.0050344462109168,TRUE,"adequate_cell_count"
"SCP1884::148519::Non-inflamed","B_cell::MZ",32,"SCP1884","148519","SCP1884::148519","Non-inflamed",7548,1,0.00423953365129836,TRUE,"adequate_cell_count"
"SCP1884::148519::Non-inflamed","B_cell::Naïve B",294,"SCP1884","148519","SCP1884::148519","Non-inflamed",7548,1,0.0389507154213037,TRUE,"adequate_cell_count"
"SCP1884::148519::Non-inflamed","Endothelial",95,"SCP1884","148519","SCP1884::148519","Non-inflamed",7548,1,0.012586115527292,TRUE,"adequate_cell_count"
"SCP1884::148519::Non-inflamed","Epithelial",1184,"SCP1884","148519","SCP1884::148519","Non-inflamed",7548,1,0.156862745098039,TRUE,"adequate_cell_count"
"SCP1884::148519::Non-inflamed","Mast",347,"SCP1884","148519","SCP1884::148519","Non-inflamed",7548,1,0.0459724430312666,TRUE,"adequate_cell_count"
"SCP1884::148519::Non-inflamed","Mesenchymal_stromal",419,"SCP1884","148519","SCP1884::148519","Non-inflamed",7548,1,0.0555113937466879,TRUE,"adequate_cell_count"
"SCP1884::148519::Non-inflamed","Myeloid",755,"SCP1884","148519","SCP1884::148519","Non-inflamed",7548,1,0.100026497085321,TRUE,"adequate_cell_count"
"SCP1884::148519::Non-inflamed","Plasma::Activated plasma",735,"SCP1884","148519","SCP1884::148519","Non-inflamed",7548,1,0.0973767885532591,TRUE,"adequate_cell_count"
"SCP1884::148519::Non-inflamed","Plasma::IgA plasma",89,"SCP1884","148519","SCP1884::148519","Non-inflamed",7548,1,0.0117912029676736,TRUE,"adequate_cell_count"
"SCP1884::148519::Non-inflamed","Plasma::IgG plasma",25,"SCP1884","148519","SCP1884::148519","Non-inflamed",7548,1,0.00331213566507684,TRUE,"adequate_cell_count"
"SCP1884::148519::Non-inflamed","Plasma::Transitional B",14,"SCP1884","148519","SCP1884::148519","Non-inflamed",7548,1,0.00185479597244303,FALSE,"low_cell_count"
"SCP1884::148519::Non-inflamed","T_NK",2983,"SCP1884","148519","SCP1884::148519","Non-inflamed",7548,1,0.395204027556969,TRUE,"adequate_cell_count"
"SCP1884::148824::Non-inflamed","B_cell::ActB3",0,"SCP1884","148824","SCP1884::148824","Non-inflamed",9890,1,0,FALSE,"absent_zero_cells"
"SCP1884::148824::Non-inflamed","B_cell::CSM",27,"SCP1884","148824","SCP1884::148824","Non-inflamed",9890,1,0.00273003033367037,TRUE,"adequate_cell_count"
"SCP1884::148824::Non-inflamed","B_cell::Centroblast B",0,"SCP1884","148824","SCP1884::148824","Non-inflamed",9890,1,0,FALSE,"absent_zero_cells"
"SCP1884::148824::Non-inflamed","B_cell::Centrocyte B",0,"SCP1884","148824","SCP1884::148824","Non-inflamed",9890,1,0,FALSE,"absent_zero_cells"
"SCP1884::148824::Non-inflamed","B_cell::DN2",4,"SCP1884","148824","SCP1884::148824","Non-inflamed",9890,1,0.000404448938321537,FALSE,"low_cell_count"
"SCP1884::148824::Non-inflamed","B_cell::IgM-only",1,"SCP1884","148824","SCP1884::148824","Non-inflamed",9890,1,0.000101112234580384,FALSE,"low_cell_count"
"SCP1884::148824::Non-inflamed","B_cell::MZ",0,"SCP1884","148824","SCP1884::148824","Non-inflamed",9890,1,0,FALSE,"absent_zero_cells"
"SCP1884::148824::Non-inflamed","B_cell::Naïve B",6,"SCP1884","148824","SCP1884::148824","Non-inflamed",9890,1,0.000606673407482305,FALSE,"low_cell_count"
"SCP1884::148824::Non-inflamed","Endothelial",47,"SCP1884","148824","SCP1884::148824","Non-inflamed",9890,1,0.00475227502527806,TRUE,"adequate_cell_count"
"SCP1884::148824::Non-inflamed","Epithelial",4392,"SCP1884","148824","SCP1884::148824","Non-inflamed",9890,1,0.444084934277048,TRUE,"adequate_cell_count"
"SCP1884::148824::Non-inflamed","Mast",13,"SCP1884","148824","SCP1884::148824","Non-inflamed",9890,1,0.00131445904954499,FALSE,"low_cell_count"
"SCP1884::148824::Non-inflamed","Mesenchymal_stromal",134,"SCP1884","148824","SCP1884::148824","Non-inflamed",9890,1,0.0135490394337715,TRUE,"adequate_cell_count"
"SCP1884::148824::Non-inflamed","Myeloid",373,"SCP1884","148824","SCP1884::148824","Non-inflamed",9890,1,0.0377148634984833,TRUE,"adequate_cell_count"
"SCP1884::148824::Non-inflamed","Plasma::Activated plasma",389,"SCP1884","148824","SCP1884::148824","Non-inflamed",9890,1,0.0393326592517695,TRUE,"adequate_cell_count"
"SCP1884::148824::Non-inflamed","Plasma::IgA plasma",328,"SCP1884","148824","SCP1884::148824","Non-inflamed",9890,1,0.033164812942366,TRUE,"adequate_cell_count"
"SCP1884::148824::Non-inflamed","Plasma::IgG plasma",3,"SCP1884","148824","SCP1884::148824","Non-inflamed",9890,1,0.000303336703741153,FALSE,"low_cell_count"
"SCP1884::148824::Non-inflamed","Plasma::Transitional B",1,"SCP1884","148824","SCP1884::148824","Non-inflamed",9890,1,0.000101112234580384,FALSE,"low_cell_count"
"SCP1884::148824::Non-inflamed","T_NK",4172,"SCP1884","148824","SCP1884::148824","Non-inflamed",9890,1,0.421840242669363,TRUE,"adequate_cell_count"
"SCP1884::152638::Control","B_cell::ActB3",2,"SCP1884","152638","SCP1884::152638","Control",3162,1,0.000632511068943707,FALSE,"low_cell_count"
"SCP1884::152638::Control","B_cell::CSM",333,"SCP1884","152638","SCP1884::152638","Control",3162,1,0.105313092979127,TRUE,"adequate_cell_count"
"SCP1884::152638::Control","B_cell::Centroblast B",31,"SCP1884","152638","SCP1884::152638","Control",3162,1,0.00980392156862745,TRUE,"adequate_cell_count"
"SCP1884::152638::Control","B_cell::Centrocyte B",33,"SCP1884","152638","SCP1884::152638","Control",3162,1,0.0104364326375712,TRUE,"adequate_cell_count"
"SCP1884::152638::Control","B_cell::DN2",69,"SCP1884","152638","SCP1884::152638","Control",3162,1,0.0218216318785579,TRUE,"adequate_cell_count"
"SCP1884::152638::Control","B_cell::IgM-only",61,"SCP1884","152638","SCP1884::152638","Control",3162,1,0.0192915876027831,TRUE,"adequate_cell_count"
"SCP1884::152638::Control","B_cell::MZ",26,"SCP1884","152638","SCP1884::152638","Control",3162,1,0.00822264389626819,TRUE,"adequate_cell_count"
"SCP1884::152638::Control","B_cell::Naïve B",79,"SCP1884","152638","SCP1884::152638","Control",3162,1,0.0249841872232764,TRUE,"adequate_cell_count"
"SCP1884::152638::Control","Endothelial",49,"SCP1884","152638","SCP1884::152638","Control",3162,1,0.0154965211891208,TRUE,"adequate_cell_count"
"SCP1884::152638::Control","Epithelial",313,"SCP1884","152638","SCP1884::152638","Control",3162,1,0.0989879822896901,TRUE,"adequate_cell_count"
"SCP1884::152638::Control","Mast",128,"SCP1884","152638","SCP1884::152638","Control",3162,1,0.0404807084123972,TRUE,"adequate_cell_count"
"SCP1884::152638::Control","Mesenchymal_stromal",74,"SCP1884","152638","SCP1884::152638","Control",3162,1,0.0234029095509171,TRUE,"adequate_cell_count"
"SCP1884::152638::Control","Myeloid",244,"SCP1884","152638","SCP1884::152638","Control",3162,1,0.0771663504111322,TRUE,"adequate_cell_count"
"SCP1884::152638::Control","Plasma::Activated plasma",202,"SCP1884","152638","SCP1884::152638","Control",3162,1,0.0638836179633144,TRUE,"adequate_cell_count"
"SCP1884::152638::Control","Plasma::IgA plasma",5,"SCP1884","152638","SCP1884::152638","Control",3162,1,0.00158127767235927,FALSE,"low_cell_count"
"SCP1884::152638::Control","Plasma::IgG plasma",3,"SCP1884","152638","SCP1884::152638","Control",3162,1,0.00094876660341556,FALSE,"low_cell_count"
"SCP1884::152638::Control","Plasma::Transitional B",7,"SCP1884","152638","SCP1884::152638","Control",3162,1,0.00221378874130297,FALSE,"low_cell_count"
"SCP1884::152638::Control","T_NK",1503,"SCP1884","152638","SCP1884::152638","Control",3162,1,0.475332068311196,TRUE,"adequate_cell_count"
"SCP1884::157844::Control","B_cell::ActB3",0,"SCP1884","157844","SCP1884::157844","Control",1227,1,0,FALSE,"absent_zero_cells"
"SCP1884::157844::Control","B_cell::CSM",92,"SCP1884","157844","SCP1884::157844","Control",1227,1,0.0749796251018745,TRUE,"adequate_cell_count"
"SCP1884::157844::Control","B_cell::Centroblast B",1,"SCP1884","157844","SCP1884::157844","Control",1227,1,0.000814995925020375,FALSE,"low_cell_count"
"SCP1884::157844::Control","B_cell::Centrocyte B",0,"SCP1884","157844","SCP1884::157844","Control",1227,1,0,FALSE,"absent_zero_cells"
"SCP1884::157844::Control","B_cell::DN2",18,"SCP1884","157844","SCP1884::157844","Control",1227,1,0.0146699266503667,FALSE,"low_cell_count"
"SCP1884::157844::Control","B_cell::IgM-only",0,"SCP1884","157844","SCP1884::157844","Control",1227,1,0,FALSE,"absent_zero_cells"
"SCP1884::157844::Control","B_cell::MZ",3,"SCP1884","157844","SCP1884::157844","Control",1227,1,0.00244498777506113,FALSE,"low_cell_count"
"SCP1884::157844::Control","B_cell::Naïve B",87,"SCP1884","157844","SCP1884::157844","Control",1227,1,0.0709046454767726,TRUE,"adequate_cell_count"
"SCP1884::157844::Control","Endothelial",3,"SCP1884","157844","SCP1884::157844","Control",1227,1,0.00244498777506113,FALSE,"low_cell_count"
"SCP1884::157844::Control","Epithelial",155,"SCP1884","157844","SCP1884::157844","Control",1227,1,0.126324368378158,TRUE,"adequate_cell_count"
"SCP1884::157844::Control","Mast",9,"SCP1884","157844","SCP1884::157844","Control",1227,1,0.00733496332518337,FALSE,"low_cell_count"
"SCP1884::157844::Control","Mesenchymal_stromal",5,"SCP1884","157844","SCP1884::157844","Control",1227,1,0.00407497962510187,FALSE,"low_cell_count"
"SCP1884::157844::Control","Myeloid",36,"SCP1884","157844","SCP1884::157844","Control",1227,1,0.0293398533007335,TRUE,"adequate_cell_count"
"SCP1884::157844::Control","Plasma::Activated plasma",73,"SCP1884","157844","SCP1884::157844","Control",1227,1,0.0594947025264874,TRUE,"adequate_cell_count"
"SCP1884::157844::Control","Plasma::IgA plasma",8,"SCP1884","157844","SCP1884::157844","Control",1227,1,0.006519967400163,FALSE,"low_cell_count"
"SCP1884::157844::Control","Plasma::IgG plasma",1,"SCP1884","157844","SCP1884::157844","Control",1227,1,0.000814995925020375,FALSE,"low_cell_count"
"SCP1884::157844::Control","Plasma::Transitional B",3,"SCP1884","157844","SCP1884::157844","Control",1227,1,0.00244498777506113,FALSE,"low_cell_count"
"SCP1884::157844::Control","T_NK",733,"SCP1884","157844","SCP1884::157844","Control",1227,1,0.597392013039935,TRUE,"adequate_cell_count"
"SCP1884::158108::Control","B_cell::ActB3",0,"SCP1884","158108","SCP1884::158108","Control",12925,1,0,FALSE,"absent_zero_cells"
"SCP1884::158108::Control","B_cell::CSM",281,"SCP1884","158108","SCP1884::158108","Control",12925,1,0.0217408123791103,TRUE,"adequate_cell_count"
"SCP1884::158108::Control","B_cell::Centroblast B",27,"SCP1884","158108","SCP1884::158108","Control",12925,1,0.0020889748549323,TRUE,"adequate_cell_count"
"SCP1884::158108::Control","B_cell::Centrocyte B",9,"SCP1884","158108","SCP1884::158108","Control",12925,1,0.000696324951644101,FALSE,"low_cell_count"
"SCP1884::158108::Control","B_cell::DN2",10,"SCP1884","158108","SCP1884::158108","Control",12925,1,0.000773694390715667,FALSE,"low_cell_count"
"SCP1884::158108::Control","B_cell::IgM-only",0,"SCP1884","158108","SCP1884::158108","Control",12925,1,0,FALSE,"absent_zero_cells"
"SCP1884::158108::Control","B_cell::MZ",7,"SCP1884","158108","SCP1884::158108","Control",12925,1,0.000541586073500967,FALSE,"low_cell_count"
"SCP1884::158108::Control","B_cell::Naïve B",56,"SCP1884","158108","SCP1884::158108","Control",12925,1,0.00433268858800774,TRUE,"adequate_cell_count"
"SCP1884::158108::Control","Endothelial",657,"SCP1884","158108","SCP1884::158108","Control",12925,1,0.0508317214700193,TRUE,"adequate_cell_count"
"SCP1884::158108::Control","Epithelial",6235,"SCP1884","158108","SCP1884::158108","Control",12925,1,0.482398452611219,TRUE,"adequate_cell_count"
"SCP1884::158108::Control","Mast",179,"SCP1884","158108","SCP1884::158108","Control",12925,1,0.0138491295938104,TRUE,"adequate_cell_count"
"SCP1884::158108::Control","Mesenchymal_stromal",2929,"SCP1884","158108","SCP1884::158108","Control",12925,1,0.226615087040619,TRUE,"adequate_cell_count"
"SCP1884::158108::Control","Myeloid",592,"SCP1884","158108","SCP1884::158108","Control",12925,1,0.0458027079303675,TRUE,"adequate_cell_count"
"SCP1884::158108::Control","Plasma::Activated plasma",37,"SCP1884","158108","SCP1884::158108","Control",12925,1,0.00286266924564797,TRUE,"adequate_cell_count"
"SCP1884::158108::Control","Plasma::IgA plasma",438,"SCP1884","158108","SCP1884::158108","Control",12925,1,0.0338878143133462,TRUE,"adequate_cell_count"
"SCP1884::158108::Control","Plasma::IgG plasma",1,"SCP1884","158108","SCP1884::158108","Control",12925,1,7.73694390715667e-05,FALSE,"low_cell_count"
"SCP1884::158108::Control","Plasma::Transitional B",2,"SCP1884","158108","SCP1884::158108","Control",12925,1,0.000154738878143133,FALSE,"low_cell_count"
"SCP1884::158108::Control","T_NK",1465,"SCP1884","158108","SCP1884::158108","Control",12925,1,0.113346228239845,TRUE,"adequate_cell_count"
"SCP1884::158160::Control","B_cell::ActB3",0,"SCP1884","158160","SCP1884::158160","Control",241,1,0,FALSE,"absent_zero_cells"
"SCP1884::158160::Control","B_cell::CSM",0,"SCP1884","158160","SCP1884::158160","Control",241,1,0,FALSE,"absent_zero_cells"
"SCP1884::158160::Control","B_cell::Centroblast B",0,"SCP1884","158160","SCP1884::158160","Control",241,1,0,FALSE,"absent_zero_cells"
"SCP1884::158160::Control","B_cell::Centrocyte B",0,"SCP1884","158160","SCP1884::158160","Control",241,1,0,FALSE,"absent_zero_cells"
"SCP1884::158160::Control","B_cell::DN2",0,"SCP1884","158160","SCP1884::158160","Control",241,1,0,FALSE,"absent_zero_cells"
"SCP1884::158160::Control","B_cell::IgM-only",0,"SCP1884","158160","SCP1884::158160","Control",241,1,0,FALSE,"absent_zero_cells"
"SCP1884::158160::Control","B_cell::MZ",0,"SCP1884","158160","SCP1884::158160","Control",241,1,0,FALSE,"absent_zero_cells"
"SCP1884::158160::Control","B_cell::Naïve B",0,"SCP1884","158160","SCP1884::158160","Control",241,1,0,FALSE,"absent_zero_cells"
"SCP1884::158160::Control","Endothelial",0,"SCP1884","158160","SCP1884::158160","Control",241,1,0,FALSE,"absent_zero_cells"
"SCP1884::158160::Control","Epithelial",169,"SCP1884","158160","SCP1884::158160","Control",241,1,0.701244813278008,TRUE,"adequate_cell_count"
"SCP1884::158160::Control","Mast",0,"SCP1884","158160","SCP1884::158160","Control",241,1,0,FALSE,"absent_zero_cells"
"SCP1884::158160::Control","Mesenchymal_stromal",3,"SCP1884","158160","SCP1884::158160","Control",241,1,0.012448132780083,FALSE,"low_cell_count"
"SCP1884::158160::Control","Myeloid",15,"SCP1884","158160","SCP1884::158160","Control",241,1,0.0622406639004149,FALSE,"low_cell_count"
"SCP1884::158160::Control","Plasma::Activated plasma",5,"SCP1884","158160","SCP1884::158160","Control",241,1,0.020746887966805,FALSE,"low_cell_count"
"SCP1884::158160::Control","Plasma::IgA plasma",2,"SCP1884","158160","SCP1884::158160","Control",241,1,0.00829875518672199,FALSE,"low_cell_count"
"SCP1884::158160::Control","Plasma::IgG plasma",0,"SCP1884","158160","SCP1884::158160","Control",241,1,0,FALSE,"absent_zero_cells"
"SCP1884::158160::Control","Plasma::Transitional B",0,"SCP1884","158160","SCP1884::158160","Control",241,1,0,FALSE,"absent_zero_cells"
"SCP1884::158160::Control","T_NK",47,"SCP1884","158160","SCP1884::158160","Control",241,1,0.195020746887967,TRUE,"adequate_cell_count"
"SCP1884::158891::Non-inflamed","B_cell::ActB3",72,"SCP1884","158891","SCP1884::158891","Non-inflamed",7930,1,0.00907944514501892,TRUE,"adequate_cell_count"
"SCP1884::158891::Non-inflamed","B_cell::CSM",973,"SCP1884","158891","SCP1884::158891","Non-inflamed",7930,1,0.122698612862547,TRUE,"adequate_cell_count"
"SCP1884::158891::Non-inflamed","B_cell::Centroblast B",153,"SCP1884","158891","SCP1884::158891","Non-inflamed",7930,1,0.0192938209331652,TRUE,"adequate_cell_count"
"SCP1884::158891::Non-inflamed","B_cell::Centrocyte B",109,"SCP1884","158891","SCP1884::158891","Non-inflamed",7930,1,0.0137452711223203,TRUE,"adequate_cell_count"
"SCP1884::158891::Non-inflamed","B_cell::DN2",35,"SCP1884","158891","SCP1884::158891","Non-inflamed",7930,1,0.00441361916771753,TRUE,"adequate_cell_count"
"SCP1884::158891::Non-inflamed","B_cell::IgM-only",8,"SCP1884","158891","SCP1884::158891","Non-inflamed",7930,1,0.00100882723833544,FALSE,"low_cell_count"
"SCP1884::158891::Non-inflamed","B_cell::MZ",27,"SCP1884","158891","SCP1884::158891","Non-inflamed",7930,1,0.00340479192938209,TRUE,"adequate_cell_count"
"SCP1884::158891::Non-inflamed","B_cell::Naïve B",236,"SCP1884","158891","SCP1884::158891","Non-inflamed",7930,1,0.0297604035308953,TRUE,"adequate_cell_count"
"SCP1884::158891::Non-inflamed","Endothelial",89,"SCP1884","158891","SCP1884::158891","Non-inflamed",7930,1,0.0112232030264817,TRUE,"adequate_cell_count"
"SCP1884::158891::Non-inflamed","Epithelial",1712,"SCP1884","158891","SCP1884::158891","Non-inflamed",7930,1,0.215889029003783,TRUE,"adequate_cell_count"
"SCP1884::158891::Non-inflamed","Mast",86,"SCP1884","158891","SCP1884::158891","Non-inflamed",7930,1,0.0108448928121059,TRUE,"adequate_cell_count"
"SCP1884::158891::Non-inflamed","Mesenchymal_stromal",335,"SCP1884","158891","SCP1884::158891","Non-inflamed",7930,1,0.0422446406052963,TRUE,"adequate_cell_count"
"SCP1884::158891::Non-inflamed","Myeloid",801,"SCP1884","158891","SCP1884::158891","Non-inflamed",7930,1,0.101008827238335,TRUE,"adequate_cell_count"
"SCP1884::158891::Non-inflamed","Plasma::Activated plasma",406,"SCP1884","158891","SCP1884::158891","Non-inflamed",7930,1,0.0511979823455233,TRUE,"adequate_cell_count"
"SCP1884::158891::Non-inflamed","Plasma::IgA plasma",56,"SCP1884","158891","SCP1884::158891","Non-inflamed",7930,1,0.00706179066834805,TRUE,"adequate_cell_count"
"SCP1884::158891::Non-inflamed","Plasma::IgG plasma",4,"SCP1884","158891","SCP1884::158891","Non-inflamed",7930,1,0.000504413619167718,FALSE,"low_cell_count"
"SCP1884::158891::Non-inflamed","Plasma::Transitional B",1,"SCP1884","158891","SCP1884::158891","Non-inflamed",7930,1,0.000126103404791929,FALSE,"low_cell_count"
"SCP1884::158891::Non-inflamed","T_NK",2827,"SCP1884","158891","SCP1884::158891","Non-inflamed",7930,1,0.356494325346784,TRUE,"adequate_cell_count"
"SCP1884::165697::Non-inflamed","B_cell::ActB3",20,"SCP1884","165697","SCP1884::165697","Non-inflamed",7971,1,0.00250909547108268,TRUE,"adequate_cell_count"
"SCP1884::165697::Non-inflamed","B_cell::CSM",244,"SCP1884","165697","SCP1884::165697","Non-inflamed",7971,1,0.0306109647472086,TRUE,"adequate_cell_count"
"SCP1884::165697::Non-inflamed","B_cell::Centroblast B",0,"SCP1884","165697","SCP1884::165697","Non-inflamed",7971,1,0,FALSE,"absent_zero_cells"
"SCP1884::165697::Non-inflamed","B_cell::Centrocyte B",0,"SCP1884","165697","SCP1884::165697","Non-inflamed",7971,1,0,FALSE,"absent_zero_cells"
"SCP1884::165697::Non-inflamed","B_cell::DN2",9,"SCP1884","165697","SCP1884::165697","Non-inflamed",7971,1,0.0011290929619872,FALSE,"low_cell_count"
"SCP1884::165697::Non-inflamed","B_cell::IgM-only",9,"SCP1884","165697","SCP1884::165697","Non-inflamed",7971,1,0.0011290929619872,FALSE,"low_cell_count"
"SCP1884::165697::Non-inflamed","B_cell::MZ",1,"SCP1884","165697","SCP1884::165697","Non-inflamed",7971,1,0.000125454773554134,FALSE,"low_cell_count"
"SCP1884::165697::Non-inflamed","B_cell::Naïve B",38,"SCP1884","165697","SCP1884::165697","Non-inflamed",7971,1,0.00476728139505708,TRUE,"adequate_cell_count"
"SCP1884::165697::Non-inflamed","Endothelial",179,"SCP1884","165697","SCP1884::165697","Non-inflamed",7971,1,0.0224564044661899,TRUE,"adequate_cell_count"
"SCP1884::165697::Non-inflamed","Epithelial",2044,"SCP1884","165697","SCP1884::165697","Non-inflamed",7971,1,0.256429557144649,TRUE,"adequate_cell_count"
"SCP1884::165697::Non-inflamed","Mast",80,"SCP1884","165697","SCP1884::165697","Non-inflamed",7971,1,0.0100363818843307,TRUE,"adequate_cell_count"
"SCP1884::165697::Non-inflamed","Mesenchymal_stromal",518,"SCP1884","165697","SCP1884::165697","Non-inflamed",7971,1,0.0649855727010413,TRUE,"adequate_cell_count"
"SCP1884::165697::Non-inflamed","Myeloid",804,"SCP1884","165697","SCP1884::165697","Non-inflamed",7971,1,0.100865637937524,TRUE,"adequate_cell_count"
"SCP1884::165697::Non-inflamed","Plasma::Activated plasma",593,"SCP1884","165697","SCP1884::165697","Non-inflamed",7971,1,0.0743946807176013,TRUE,"adequate_cell_count"
"SCP1884::165697::Non-inflamed","Plasma::IgA plasma",213,"SCP1884","165697","SCP1884::165697","Non-inflamed",7971,1,0.0267218667670305,TRUE,"adequate_cell_count"
"SCP1884::165697::Non-inflamed","Plasma::IgG plasma",6,"SCP1884","165697","SCP1884::165697","Non-inflamed",7971,1,0.000752728641324802,FALSE,"low_cell_count"
"SCP1884::165697::Non-inflamed","Plasma::Transitional B",25,"SCP1884","165697","SCP1884::165697","Non-inflamed",7971,1,0.00313636933885334,TRUE,"adequate_cell_count"
"SCP1884::165697::Non-inflamed","T_NK",3188,"SCP1884","165697","SCP1884::165697","Non-inflamed",7971,1,0.399949818090578,TRUE,"adequate_cell_count"
"SCP1884::166301::Non-inflamed","B_cell::ActB3",0,"SCP1884","166301","SCP1884::166301","Non-inflamed",40361,1,0,FALSE,"absent_zero_cells"
"SCP1884::166301::Non-inflamed","B_cell::CSM",17,"SCP1884","166301","SCP1884::166301","Non-inflamed",40361,1,0.00042119868189589,FALSE,"low_cell_count"
"SCP1884::166301::Non-inflamed","B_cell::Centroblast B",5,"SCP1884","166301","SCP1884::166301","Non-inflamed",40361,1,0.000123881965263497,FALSE,"low_cell_count"
"SCP1884::166301::Non-inflamed","B_cell::Centrocyte B",0,"SCP1884","166301","SCP1884::166301","Non-inflamed",40361,1,0,FALSE,"absent_zero_cells"
"SCP1884::166301::Non-inflamed","B_cell::DN2",1,"SCP1884","166301","SCP1884::166301","Non-inflamed",40361,1,2.47763930526994e-05,FALSE,"low_cell_count"
"SCP1884::166301::Non-inflamed","B_cell::IgM-only",0,"SCP1884","166301","SCP1884::166301","Non-inflamed",40361,1,0,FALSE,"absent_zero_cells"
"SCP1884::166301::Non-inflamed","B_cell::MZ",0,"SCP1884","166301","SCP1884::166301","Non-inflamed",40361,1,0,FALSE,"absent_zero_cells"
"SCP1884::166301::Non-inflamed","B_cell::Naïve B",2,"SCP1884","166301","SCP1884::166301","Non-inflamed",40361,1,4.95527861053988e-05,FALSE,"low_cell_count"
"SCP1884::166301::Non-inflamed","Endothelial",997,"SCP1884","166301","SCP1884::166301","Non-inflamed",40361,1,0.0247020638735413,TRUE,"adequate_cell_count"
"SCP1884::166301::Non-inflamed","Epithelial",34040,"SCP1884","166301","SCP1884::166301","Non-inflamed",40361,1,0.843388419513887,TRUE,"adequate_cell_count"
"SCP1884::166301::Non-inflamed","Mast",2,"SCP1884","166301","SCP1884::166301","Non-inflamed",40361,1,4.95527861053988e-05,FALSE,"low_cell_count"
"SCP1884::166301::Non-inflamed","Mesenchymal_stromal",1638,"SCP1884","166301","SCP1884::166301","Non-inflamed",40361,1,0.0405837318203216,TRUE,"adequate_cell_count"
"SCP1884::166301::Non-inflamed","Myeloid",2741,"SCP1884","166301","SCP1884::166301","Non-inflamed",40361,1,0.067912093357449,TRUE,"adequate_cell_count"
"SCP1884::166301::Non-inflamed","Plasma::Activated plasma",0,"SCP1884","166301","SCP1884::166301","Non-inflamed",40361,1,0,FALSE,"absent_zero_cells"
"SCP1884::166301::Non-inflamed","Plasma::IgA plasma",800,"SCP1884","166301","SCP1884::166301","Non-inflamed",40361,1,0.0198211144421595,TRUE,"adequate_cell_count"
"SCP1884::166301::Non-inflamed","Plasma::IgG plasma",0,"SCP1884","166301","SCP1884::166301","Non-inflamed",40361,1,0,FALSE,"absent_zero_cells"
"SCP1884::166301::Non-inflamed","Plasma::Transitional B",0,"SCP1884","166301","SCP1884::166301","Non-inflamed",40361,1,0,FALSE,"absent_zero_cells"
"SCP1884::166301::Non-inflamed","T_NK",118,"SCP1884","166301","SCP1884::166301","Non-inflamed",40361,1,0.00292361438021853,TRUE,"adequate_cell_count"
"SCP1884::168051::Non-inflamed","B_cell::ActB3",0,"SCP1884","168051","SCP1884::168051","Non-inflamed",8554,1,0,FALSE,"absent_zero_cells"
"SCP1884::168051::Non-inflamed","B_cell::CSM",39,"SCP1884","168051","SCP1884::168051","Non-inflamed",8554,1,0.00455927051671733,TRUE,"adequate_cell_count"
"SCP1884::168051::Non-inflamed","B_cell::Centroblast B",2,"SCP1884","168051","SCP1884::168051","Non-inflamed",8554,1,0.000233808744447042,FALSE,"low_cell_count"
"SCP1884::168051::Non-inflamed","B_cell::Centrocyte B",0,"SCP1884","168051","SCP1884::168051","Non-inflamed",8554,1,0,FALSE,"absent_zero_cells"
"SCP1884::168051::Non-inflamed","B_cell::DN2",19,"SCP1884","168051","SCP1884::168051","Non-inflamed",8554,1,0.0022211830722469,FALSE,"low_cell_count"
"SCP1884::168051::Non-inflamed","B_cell::IgM-only",3,"SCP1884","168051","SCP1884::168051","Non-inflamed",8554,1,0.000350713116670563,FALSE,"low_cell_count"
"SCP1884::168051::Non-inflamed","B_cell::MZ",0,"SCP1884","168051","SCP1884::168051","Non-inflamed",8554,1,0,FALSE,"absent_zero_cells"
"SCP1884::168051::Non-inflamed","B_cell::Naïve B",4,"SCP1884","168051","SCP1884::168051","Non-inflamed",8554,1,0.000467617488894085,FALSE,"low_cell_count"
"SCP1884::168051::Non-inflamed","Endothelial",73,"SCP1884","168051","SCP1884::168051","Non-inflamed",8554,1,0.00853401917231705,TRUE,"adequate_cell_count"
"SCP1884::168051::Non-inflamed","Epithelial",2906,"SCP1884","168051","SCP1884::168051","Non-inflamed",8554,1,0.339724105681553,TRUE,"adequate_cell_count"
"SCP1884::168051::Non-inflamed","Mast",204,"SCP1884","168051","SCP1884::168051","Non-inflamed",8554,1,0.0238484919335983,TRUE,"adequate_cell_count"
"SCP1884::168051::Non-inflamed","Mesenchymal_stromal",432,"SCP1884","168051","SCP1884::168051","Non-inflamed",8554,1,0.0505026888005611,TRUE,"adequate_cell_count"
"SCP1884::168051::Non-inflamed","Myeloid",1324,"SCP1884","168051","SCP1884::168051","Non-inflamed",8554,1,0.154781388823942,TRUE,"adequate_cell_count"
"SCP1884::168051::Non-inflamed","Plasma::Activated plasma",570,"SCP1884","168051","SCP1884::168051","Non-inflamed",8554,1,0.0666354921674071,TRUE,"adequate_cell_count"
"SCP1884::168051::Non-inflamed","Plasma::IgA plasma",125,"SCP1884","168051","SCP1884::168051","Non-inflamed",8554,1,0.0146130465279401,TRUE,"adequate_cell_count"
"SCP1884::168051::Non-inflamed","Plasma::IgG plasma",1,"SCP1884","168051","SCP1884::168051","Non-inflamed",8554,1,0.000116904372223521,FALSE,"low_cell_count"
"SCP1884::168051::Non-inflamed","Plasma::Transitional B",0,"SCP1884","168051","SCP1884::168051","Non-inflamed",8554,1,0,FALSE,"absent_zero_cells"
"SCP1884::168051::Non-inflamed","T_NK",2852,"SCP1884","168051","SCP1884::168051","Non-inflamed",8554,1,0.333411269581482,TRUE,"adequate_cell_count"
"SCP1884::171336::Non-inflamed","B_cell::ActB3",0,"SCP1884","171336","SCP1884::171336","Non-inflamed",5515,1,0,FALSE,"absent_zero_cells"
"SCP1884::171336::Non-inflamed","B_cell::CSM",0,"SCP1884","171336","SCP1884::171336","Non-inflamed",5515,1,0,FALSE,"absent_zero_cells"
"SCP1884::171336::Non-inflamed","B_cell::Centroblast B",4,"SCP1884","171336","SCP1884::171336","Non-inflamed",5515,1,0.000725294650951949,FALSE,"low_cell_count"
"SCP1884::171336::Non-inflamed","B_cell::Centrocyte B",0,"SCP1884","171336","SCP1884::171336","Non-inflamed",5515,1,0,FALSE,"absent_zero_cells"
"SCP1884::171336::Non-inflamed","B_cell::DN2",0,"SCP1884","171336","SCP1884::171336","Non-inflamed",5515,1,0,FALSE,"absent_zero_cells"
"SCP1884::171336::Non-inflamed","B_cell::IgM-only",0,"SCP1884","171336","SCP1884::171336","Non-inflamed",5515,1,0,FALSE,"absent_zero_cells"
"SCP1884::171336::Non-inflamed","B_cell::MZ",0,"SCP1884","171336","SCP1884::171336","Non-inflamed",5515,1,0,FALSE,"absent_zero_cells"
"SCP1884::171336::Non-inflamed","B_cell::Naïve B",0,"SCP1884","171336","SCP1884::171336","Non-inflamed",5515,1,0,FALSE,"absent_zero_cells"
"SCP1884::171336::Non-inflamed","Endothelial",234,"SCP1884","171336","SCP1884::171336","Non-inflamed",5515,1,0.042429737080689,TRUE,"adequate_cell_count"
"SCP1884::171336::Non-inflamed","Epithelial",1070,"SCP1884","171336","SCP1884::171336","Non-inflamed",5515,1,0.194016319129646,TRUE,"adequate_cell_count"
"SCP1884::171336::Non-inflamed","Mast",294,"SCP1884","171336","SCP1884::171336","Non-inflamed",5515,1,0.0533091568449683,TRUE,"adequate_cell_count"
"SCP1884::171336::Non-inflamed","Mesenchymal_stromal",202,"SCP1884","171336","SCP1884::171336","Non-inflamed",5515,1,0.0366273798730734,TRUE,"adequate_cell_count"
"SCP1884::171336::Non-inflamed","Myeloid",1641,"SCP1884","171336","SCP1884::171336","Non-inflamed",5515,1,0.297552130553037,TRUE,"adequate_cell_count"
"SCP1884::171336::Non-inflamed","Plasma::Activated plasma",116,"SCP1884","171336","SCP1884::171336","Non-inflamed",5515,1,0.0210335448776065,TRUE,"adequate_cell_count"
"SCP1884::171336::Non-inflamed","Plasma::IgA plasma",10,"SCP1884","171336","SCP1884::171336","Non-inflamed",5515,1,0.00181323662737987,FALSE,"low_cell_count"
"SCP1884::171336::Non-inflamed","Plasma::IgG plasma",3,"SCP1884","171336","SCP1884::171336","Non-inflamed",5515,1,0.000543970988213962,FALSE,"low_cell_count"
"SCP1884::171336::Non-inflamed","Plasma::Transitional B",0,"SCP1884","171336","SCP1884::171336","Non-inflamed",5515,1,0,FALSE,"absent_zero_cells"
"SCP1884::171336::Non-inflamed","T_NK",1941,"SCP1884","171336","SCP1884::171336","Non-inflamed",5515,1,0.351949229374433,TRUE,"adequate_cell_count"
"SCP1884::172428::Non-inflamed","B_cell::ActB3",11,"SCP1884","172428","SCP1884::172428","Non-inflamed",7728,1,0.00142339544513458,FALSE,"low_cell_count"
"SCP1884::172428::Non-inflamed","B_cell::CSM",1011,"SCP1884","172428","SCP1884::172428","Non-inflamed",7728,1,0.13082298136646,TRUE,"adequate_cell_count"
"SCP1884::172428::Non-inflamed","B_cell::Centroblast B",117,"SCP1884","172428","SCP1884::172428","Non-inflamed",7728,1,0.015139751552795,TRUE,"adequate_cell_count"
"SCP1884::172428::Non-inflamed","B_cell::Centrocyte B",78,"SCP1884","172428","SCP1884::172428","Non-inflamed",7728,1,0.0100931677018634,TRUE,"adequate_cell_count"
"SCP1884::172428::Non-inflamed","B_cell::DN2",24,"SCP1884","172428","SCP1884::172428","Non-inflamed",7728,1,0.0031055900621118,TRUE,"adequate_cell_count"
"SCP1884::172428::Non-inflamed","B_cell::IgM-only",9,"SCP1884","172428","SCP1884::172428","Non-inflamed",7728,1,0.00116459627329193,FALSE,"low_cell_count"
"SCP1884::172428::Non-inflamed","B_cell::MZ",80,"SCP1884","172428","SCP1884::172428","Non-inflamed",7728,1,0.010351966873706,TRUE,"adequate_cell_count"
"SCP1884::172428::Non-inflamed","B_cell::Naïve B",323,"SCP1884","172428","SCP1884::172428","Non-inflamed",7728,1,0.041796066252588,TRUE,"adequate_cell_count"
"SCP1884::172428::Non-inflamed","Endothelial",96,"SCP1884","172428","SCP1884::172428","Non-inflamed",7728,1,0.0124223602484472,TRUE,"adequate_cell_count"
"SCP1884::172428::Non-inflamed","Epithelial",1611,"SCP1884","172428","SCP1884::172428","Non-inflamed",7728,1,0.208462732919255,TRUE,"adequate_cell_count"
"SCP1884::172428::Non-inflamed","Mast",245,"SCP1884","172428","SCP1884::172428","Non-inflamed",7728,1,0.0317028985507246,TRUE,"adequate_cell_count"
"SCP1884::172428::Non-inflamed","Mesenchymal_stromal",237,"SCP1884","172428","SCP1884::172428","Non-inflamed",7728,1,0.030667701863354,TRUE,"adequate_cell_count"
"SCP1884::172428::Non-inflamed","Myeloid",937,"SCP1884","172428","SCP1884::172428","Non-inflamed",7728,1,0.121247412008282,TRUE,"adequate_cell_count"
"SCP1884::172428::Non-inflamed","Plasma::Activated plasma",211,"SCP1884","172428","SCP1884::172428","Non-inflamed",7728,1,0.0273033126293996,TRUE,"adequate_cell_count"
"SCP1884::172428::Non-inflamed","Plasma::IgA plasma",44,"SCP1884","172428","SCP1884::172428","Non-inflamed",7728,1,0.0056935817805383,TRUE,"adequate_cell_count"
"SCP1884::172428::Non-inflamed","Plasma::IgG plasma",1,"SCP1884","172428","SCP1884::172428","Non-inflamed",7728,1,0.000129399585921325,FALSE,"low_cell_count"
"SCP1884::172428::Non-inflamed","Plasma::Transitional B",8,"SCP1884","172428","SCP1884::172428","Non-inflamed",7728,1,0.0010351966873706,FALSE,"low_cell_count"
"SCP1884::172428::Non-inflamed","T_NK",2685,"SCP1884","172428","SCP1884::172428","Non-inflamed",7728,1,0.347437888198758,TRUE,"adequate_cell_count"
"SCP1884::174364::Non-inflamed","B_cell::ActB3",7,"SCP1884","174364","SCP1884::174364","Non-inflamed",5578,1,0.00125493008246683,FALSE,"low_cell_count"
"SCP1884::174364::Non-inflamed","B_cell::CSM",168,"SCP1884","174364","SCP1884::174364","Non-inflamed",5578,1,0.030118321979204,TRUE,"adequate_cell_count"
"SCP1884::174364::Non-inflamed","B_cell::Centroblast B",50,"SCP1884","174364","SCP1884::174364","Non-inflamed",5578,1,0.00896378630333453,TRUE,"adequate_cell_count"
"SCP1884::174364::Non-inflamed","B_cell::Centrocyte B",35,"SCP1884","174364","SCP1884::174364","Non-inflamed",5578,1,0.00627465041233417,TRUE,"adequate_cell_count"
"SCP1884::174364::Non-inflamed","B_cell::DN2",4,"SCP1884","174364","SCP1884::174364","Non-inflamed",5578,1,0.000717102904266762,FALSE,"low_cell_count"
"SCP1884::174364::Non-inflamed","B_cell::IgM-only",4,"SCP1884","174364","SCP1884::174364","Non-inflamed",5578,1,0.000717102904266762,FALSE,"low_cell_count"
"SCP1884::174364::Non-inflamed","B_cell::MZ",9,"SCP1884","174364","SCP1884::174364","Non-inflamed",5578,1,0.00161348153460022,FALSE,"low_cell_count"
"SCP1884::174364::Non-inflamed","B_cell::Naïve B",100,"SCP1884","174364","SCP1884::174364","Non-inflamed",5578,1,0.0179275726066691,TRUE,"adequate_cell_count"
"SCP1884::174364::Non-inflamed","Endothelial",72,"SCP1884","174364","SCP1884::174364","Non-inflamed",5578,1,0.0129078522768017,TRUE,"adequate_cell_count"
"SCP1884::174364::Non-inflamed","Epithelial",2620,"SCP1884","174364","SCP1884::174364","Non-inflamed",5578,1,0.469702402294729,TRUE,"adequate_cell_count"
"SCP1884::174364::Non-inflamed","Mast",29,"SCP1884","174364","SCP1884::174364","Non-inflamed",5578,1,0.00519899605593403,TRUE,"adequate_cell_count"
"SCP1884::174364::Non-inflamed","Mesenchymal_stromal",271,"SCP1884","174364","SCP1884::174364","Non-inflamed",5578,1,0.0485837217640731,TRUE,"adequate_cell_count"
"SCP1884::174364::Non-inflamed","Myeloid",327,"SCP1884","174364","SCP1884::174364","Non-inflamed",5578,1,0.0586231624238078,TRUE,"adequate_cell_count"
"SCP1884::174364::Non-inflamed","Plasma::Activated plasma",359,"SCP1884","174364","SCP1884::174364","Non-inflamed",5578,1,0.0643599856579419,TRUE,"adequate_cell_count"
"SCP1884::174364::Non-inflamed","Plasma::IgA plasma",77,"SCP1884","174364","SCP1884::174364","Non-inflamed",5578,1,0.0138042309071352,TRUE,"adequate_cell_count"
"SCP1884::174364::Non-inflamed","Plasma::IgG plasma",0,"SCP1884","174364","SCP1884::174364","Non-inflamed",5578,1,0,FALSE,"absent_zero_cells"
"SCP1884::174364::Non-inflamed","Plasma::Transitional B",0,"SCP1884","174364","SCP1884::174364","Non-inflamed",5578,1,0,FALSE,"absent_zero_cells"
"SCP1884::174364::Non-inflamed","T_NK",1446,"SCP1884","174364","SCP1884::174364","Non-inflamed",5578,1,0.259232699892435,TRUE,"adequate_cell_count"
"SCP1884::176196::Non-inflamed","B_cell::ActB3",1,"SCP1884","176196","SCP1884::176196","Non-inflamed",6605,1,0.000151400454201363,FALSE,"low_cell_count"
"SCP1884::176196::Non-inflamed","B_cell::CSM",53,"SCP1884","176196","SCP1884::176196","Non-inflamed",6605,1,0.00802422407267222,TRUE,"adequate_cell_count"
"SCP1884::176196::Non-inflamed","B_cell::Centroblast B",0,"SCP1884","176196","SCP1884::176196","Non-inflamed",6605,1,0,FALSE,"absent_zero_cells"
"SCP1884::176196::Non-inflamed","B_cell::Centrocyte B",0,"SCP1884","176196","SCP1884::176196","Non-inflamed",6605,1,0,FALSE,"absent_zero_cells"
"SCP1884::176196::Non-inflamed","B_cell::DN2",29,"SCP1884","176196","SCP1884::176196","Non-inflamed",6605,1,0.00439061317183952,TRUE,"adequate_cell_count"
"SCP1884::176196::Non-inflamed","B_cell::IgM-only",1,"SCP1884","176196","SCP1884::176196","Non-inflamed",6605,1,0.000151400454201363,FALSE,"low_cell_count"
"SCP1884::176196::Non-inflamed","B_cell::MZ",0,"SCP1884","176196","SCP1884::176196","Non-inflamed",6605,1,0,FALSE,"absent_zero_cells"
"SCP1884::176196::Non-inflamed","B_cell::Naïve B",15,"SCP1884","176196","SCP1884::176196","Non-inflamed",6605,1,0.00227100681302044,FALSE,"low_cell_count"
"SCP1884::176196::Non-inflamed","Endothelial",161,"SCP1884","176196","SCP1884::176196","Non-inflamed",6605,1,0.0243754731264194,TRUE,"adequate_cell_count"
"SCP1884::176196::Non-inflamed","Epithelial",1261,"SCP1884","176196","SCP1884::176196","Non-inflamed",6605,1,0.190915972747918,TRUE,"adequate_cell_count"
"SCP1884::176196::Non-inflamed","Mast",186,"SCP1884","176196","SCP1884::176196","Non-inflamed",6605,1,0.0281604844814534,TRUE,"adequate_cell_count"
"SCP1884::176196::Non-inflamed","Mesenchymal_stromal",444,"SCP1884","176196","SCP1884::176196","Non-inflamed",6605,1,0.067221801665405,TRUE,"adequate_cell_count"
"SCP1884::176196::Non-inflamed","Myeloid",1078,"SCP1884","176196","SCP1884::176196","Non-inflamed",6605,1,0.163209689629069,TRUE,"adequate_cell_count"
"SCP1884::176196::Non-inflamed","Plasma::Activated plasma",388,"SCP1884","176196","SCP1884::176196","Non-inflamed",6605,1,0.0587433762301287,TRUE,"adequate_cell_count"
"SCP1884::176196::Non-inflamed","Plasma::IgA plasma",61,"SCP1884","176196","SCP1884::176196","Non-inflamed",6605,1,0.00923542770628312,TRUE,"adequate_cell_count"
"SCP1884::176196::Non-inflamed","Plasma::IgG plasma",0,"SCP1884","176196","SCP1884::176196","Non-inflamed",6605,1,0,FALSE,"absent_zero_cells"
"SCP1884::176196::Non-inflamed","Plasma::Transitional B",0,"SCP1884","176196","SCP1884::176196","Non-inflamed",6605,1,0,FALSE,"absent_zero_cells"
"SCP1884::176196::Non-inflamed","T_NK",2927,"SCP1884","176196","SCP1884::176196","Non-inflamed",6605,1,0.443149129447388,TRUE,"adequate_cell_count"
"SCP1884::178961::Inflamed","B_cell::ActB3",4,"SCP1884","178961","SCP1884::178961","Inflamed",3531,1,0.0011328235627301,FALSE,"low_cell_count"
"SCP1884::178961::Inflamed","B_cell::CSM",70,"SCP1884","178961","SCP1884::178961","Inflamed",3531,1,0.0198244123477768,TRUE,"adequate_cell_count"
"SCP1884::178961::Inflamed","B_cell::Centroblast B",53,"SCP1884","178961","SCP1884::178961","Inflamed",3531,1,0.0150099122061739,TRUE,"adequate_cell_count"
"SCP1884::178961::Inflamed","B_cell::Centrocyte B",55,"SCP1884","178961","SCP1884::178961","Inflamed",3531,1,0.0155763239875389,TRUE,"adequate_cell_count"
"SCP1884::178961::Inflamed","B_cell::DN2",101,"SCP1884","178961","SCP1884::178961","Inflamed",3531,1,0.0286037949589351,TRUE,"adequate_cell_count"
"SCP1884::178961::Inflamed","B_cell::IgM-only",40,"SCP1884","178961","SCP1884::178961","Inflamed",3531,1,0.011328235627301,TRUE,"adequate_cell_count"
"SCP1884::178961::Inflamed","B_cell::MZ",12,"SCP1884","178961","SCP1884::178961","Inflamed",3531,1,0.00339847068819031,FALSE,"low_cell_count"
"SCP1884::178961::Inflamed","B_cell::Naïve B",56,"SCP1884","178961","SCP1884::178961","Inflamed",3531,1,0.0158595298782215,TRUE,"adequate_cell_count"
"SCP1884::178961::Inflamed","Endothelial",63,"SCP1884","178961","SCP1884::178961","Inflamed",3531,1,0.0178419711129991,TRUE,"adequate_cell_count"
"SCP1884::178961::Inflamed","Epithelial",1840,"SCP1884","178961","SCP1884::178961","Inflamed",3531,1,0.521098838855848,TRUE,"adequate_cell_count"
"SCP1884::178961::Inflamed","Mast",125,"SCP1884","178961","SCP1884::178961","Inflamed",3531,1,0.0354007363353158,TRUE,"adequate_cell_count"
"SCP1884::178961::Inflamed","Mesenchymal_stromal",188,"SCP1884","178961","SCP1884::178961","Inflamed",3531,1,0.0532427074483149,TRUE,"adequate_cell_count"
"SCP1884::178961::Inflamed","Myeloid",303,"SCP1884","178961","SCP1884::178961","Inflamed",3531,1,0.0858113848768054,TRUE,"adequate_cell_count"
"SCP1884::178961::Inflamed","Plasma::Activated plasma",186,"SCP1884","178961","SCP1884::178961","Inflamed",3531,1,0.0526762956669499,TRUE,"adequate_cell_count"
"SCP1884::178961::Inflamed","Plasma::IgA plasma",43,"SCP1884","178961","SCP1884::178961","Inflamed",3531,1,0.0121778532993486,TRUE,"adequate_cell_count"
"SCP1884::178961::Inflamed","Plasma::IgG plasma",11,"SCP1884","178961","SCP1884::178961","Inflamed",3531,1,0.00311526479750779,FALSE,"low_cell_count"
"SCP1884::178961::Inflamed","Plasma::Transitional B",2,"SCP1884","178961","SCP1884::178961","Inflamed",3531,1,0.000566411781365052,FALSE,"low_cell_count"
"SCP1884::178961::Inflamed","T_NK",379,"SCP1884","178961","SCP1884::178961","Inflamed",3531,1,0.107335032568677,TRUE,"adequate_cell_count"
"SCP1884::180749::Control","B_cell::ActB3",0,"SCP1884","180749","SCP1884::180749","Control",1002,1,0,FALSE,"absent_zero_cells"
"SCP1884::180749::Control","B_cell::CSM",0,"SCP1884","180749","SCP1884::180749","Control",1002,1,0,FALSE,"absent_zero_cells"
"SCP1884::180749::Control","B_cell::Centroblast B",0,"SCP1884","180749","SCP1884::180749","Control",1002,1,0,FALSE,"absent_zero_cells"
"SCP1884::180749::Control","B_cell::Centrocyte B",0,"SCP1884","180749","SCP1884::180749","Control",1002,1,0,FALSE,"absent_zero_cells"
"SCP1884::180749::Control","B_cell::DN2",0,"SCP1884","180749","SCP1884::180749","Control",1002,1,0,FALSE,"absent_zero_cells"
"SCP1884::180749::Control","B_cell::IgM-only",0,"SCP1884","180749","SCP1884::180749","Control",1002,1,0,FALSE,"absent_zero_cells"
"SCP1884::180749::Control","B_cell::MZ",0,"SCP1884","180749","SCP1884::180749","Control",1002,1,0,FALSE,"absent_zero_cells"
"SCP1884::180749::Control","B_cell::Naïve B",0,"SCP1884","180749","SCP1884::180749","Control",1002,1,0,FALSE,"absent_zero_cells"
"SCP1884::180749::Control","Endothelial",0,"SCP1884","180749","SCP1884::180749","Control",1002,1,0,FALSE,"absent_zero_cells"
"SCP1884::180749::Control","Epithelial",613,"SCP1884","180749","SCP1884::180749","Control",1002,1,0.611776447105788,TRUE,"adequate_cell_count"
"SCP1884::180749::Control","Mast",0,"SCP1884","180749","SCP1884::180749","Control",1002,1,0,FALSE,"absent_zero_cells"
"SCP1884::180749::Control","Mesenchymal_stromal",0,"SCP1884","180749","SCP1884::180749","Control",1002,1,0,FALSE,"absent_zero_cells"
"SCP1884::180749::Control","Myeloid",29,"SCP1884","180749","SCP1884::180749","Control",1002,1,0.0289421157684631,TRUE,"adequate_cell_count"
"SCP1884::180749::Control","Plasma::Activated plasma",0,"SCP1884","180749","SCP1884::180749","Control",1002,1,0,FALSE,"absent_zero_cells"
"SCP1884::180749::Control","Plasma::IgA plasma",0,"SCP1884","180749","SCP1884::180749","Control",1002,1,0,FALSE,"absent_zero_cells"
"SCP1884::180749::Control","Plasma::IgG plasma",0,"SCP1884","180749","SCP1884::180749","Control",1002,1,0,FALSE,"absent_zero_cells"
"SCP1884::180749::Control","Plasma::Transitional B",0,"SCP1884","180749","SCP1884::180749","Control",1002,1,0,FALSE,"absent_zero_cells"
"SCP1884::180749::Control","T_NK",360,"SCP1884","180749","SCP1884::180749","Control",1002,1,0.359281437125749,TRUE,"adequate_cell_count"
"SCP1884::180844::Control","B_cell::ActB3",1,"SCP1884","180844","SCP1884::180844","Control",10091,1,9.90982063224656e-05,FALSE,"low_cell_count"
"SCP1884::180844::Control","B_cell::CSM",69,"SCP1884","180844","SCP1884::180844","Control",10091,1,0.00683777623625012,TRUE,"adequate_cell_count"
"SCP1884::180844::Control","B_cell::Centroblast B",78,"SCP1884","180844","SCP1884::180844","Control",10091,1,0.00772966009315231,TRUE,"adequate_cell_count"
"SCP1884::180844::Control","B_cell::Centrocyte B",1,"SCP1884","180844","SCP1884::180844","Control",10091,1,9.90982063224656e-05,FALSE,"low_cell_count"
"SCP1884::180844::Control","B_cell::DN2",3,"SCP1884","180844","SCP1884::180844","Control",10091,1,0.000297294618967397,FALSE,"low_cell_count"
"SCP1884::180844::Control","B_cell::IgM-only",0,"SCP1884","180844","SCP1884::180844","Control",10091,1,0,FALSE,"absent_zero_cells"
"SCP1884::180844::Control","B_cell::MZ",2,"SCP1884","180844","SCP1884::180844","Control",10091,1,0.000198196412644931,FALSE,"low_cell_count"
"SCP1884::180844::Control","B_cell::Naïve B",17,"SCP1884","180844","SCP1884::180844","Control",10091,1,0.00168466950748191,FALSE,"low_cell_count"
"SCP1884::180844::Control","Endothelial",88,"SCP1884","180844","SCP1884::180844","Control",10091,1,0.00872064215637697,TRUE,"adequate_cell_count"
"SCP1884::180844::Control","Epithelial",8043,"SCP1884","180844","SCP1884::180844","Control",10091,1,0.797046873451591,TRUE,"adequate_cell_count"
"SCP1884::180844::Control","Mast",4,"SCP1884","180844","SCP1884::180844","Control",10091,1,0.000396392825289862,FALSE,"low_cell_count"
"SCP1884::180844::Control","Mesenchymal_stromal",542,"SCP1884","180844","SCP1884::180844","Control",10091,1,0.0537112278267763,TRUE,"adequate_cell_count"
"SCP1884::180844::Control","Myeloid",170,"SCP1884","180844","SCP1884::180844","Control",10091,1,0.0168466950748191,TRUE,"adequate_cell_count"
"SCP1884::180844::Control","Plasma::Activated plasma",8,"SCP1884","180844","SCP1884::180844","Control",10091,1,0.000792785650579725,FALSE,"low_cell_count"
"SCP1884::180844::Control","Plasma::IgA plasma",734,"SCP1884","180844","SCP1884::180844","Control",10091,1,0.0727380834406897,TRUE,"adequate_cell_count"
"SCP1884::180844::Control","Plasma::IgG plasma",9,"SCP1884","180844","SCP1884::180844","Control",10091,1,0.00089188385690219,FALSE,"low_cell_count"
"SCP1884::180844::Control","Plasma::Transitional B",5,"SCP1884","180844","SCP1884::180844","Control",10091,1,0.000495491031612328,FALSE,"low_cell_count"
"SCP1884::180844::Control","T_NK",317,"SCP1884","180844","SCP1884::180844","Control",10091,1,0.0314141314042216,TRUE,"adequate_cell_count"
"SCP1884::182231::Inflamed","B_cell::ActB3",2,"SCP1884","182231","SCP1884::182231","Inflamed",3693,1,0.000541565123206066,FALSE,"low_cell_count"
"SCP1884::182231::Inflamed","B_cell::CSM",609,"SCP1884","182231","SCP1884::182231","Inflamed",3693,1,0.164906580016247,TRUE,"adequate_cell_count"
"SCP1884::182231::Inflamed","B_cell::Centroblast B",23,"SCP1884","182231","SCP1884::182231","Inflamed",3693,1,0.00622799891686975,TRUE,"adequate_cell_count"
"SCP1884::182231::Inflamed","B_cell::Centrocyte B",11,"SCP1884","182231","SCP1884::182231","Inflamed",3693,1,0.00297860817763336,FALSE,"low_cell_count"
"SCP1884::182231::Inflamed","B_cell::DN2",76,"SCP1884","182231","SCP1884::182231","Inflamed",3693,1,0.0205794746818305,TRUE,"adequate_cell_count"
"SCP1884::182231::Inflamed","B_cell::IgM-only",186,"SCP1884","182231","SCP1884::182231","Inflamed",3693,1,0.0503655564581641,TRUE,"adequate_cell_count"
"SCP1884::182231::Inflamed","B_cell::MZ",61,"SCP1884","182231","SCP1884::182231","Inflamed",3693,1,0.016517736257785,TRUE,"adequate_cell_count"
"SCP1884::182231::Inflamed","B_cell::Naïve B",152,"SCP1884","182231","SCP1884::182231","Inflamed",3693,1,0.041158949363661,TRUE,"adequate_cell_count"
"SCP1884::182231::Inflamed","Endothelial",21,"SCP1884","182231","SCP1884::182231","Inflamed",3693,1,0.00568643379366369,TRUE,"adequate_cell_count"
"SCP1884::182231::Inflamed","Epithelial",429,"SCP1884","182231","SCP1884::182231","Inflamed",3693,1,0.116165718927701,TRUE,"adequate_cell_count"
"SCP1884::182231::Inflamed","Mast",76,"SCP1884","182231","SCP1884::182231","Inflamed",3693,1,0.0205794746818305,TRUE,"adequate_cell_count"
"SCP1884::182231::Inflamed","Mesenchymal_stromal",73,"SCP1884","182231","SCP1884::182231","Inflamed",3693,1,0.0197671269970214,TRUE,"adequate_cell_count"
"SCP1884::182231::Inflamed","Myeloid",411,"SCP1884","182231","SCP1884::182231","Inflamed",3693,1,0.111291632818846,TRUE,"adequate_cell_count"
"SCP1884::182231::Inflamed","Plasma::Activated plasma",247,"SCP1884","182231","SCP1884::182231","Inflamed",3693,1,0.0668832927159491,TRUE,"adequate_cell_count"
"SCP1884::182231::Inflamed","Plasma::IgA plasma",16,"SCP1884","182231","SCP1884::182231","Inflamed",3693,1,0.00433252098564852,FALSE,"low_cell_count"
"SCP1884::182231::Inflamed","Plasma::IgG plasma",5,"SCP1884","182231","SCP1884::182231","Inflamed",3693,1,0.00135391280801516,FALSE,"low_cell_count"
"SCP1884::182231::Inflamed","Plasma::Transitional B",5,"SCP1884","182231","SCP1884::182231","Inflamed",3693,1,0.00135391280801516,FALSE,"low_cell_count"
"SCP1884::182231::Inflamed","T_NK",1290,"SCP1884","182231","SCP1884::182231","Inflamed",3693,1,0.349309504467912,TRUE,"adequate_cell_count"
"SCP1884::183146::Non-inflamed","B_cell::ActB3",0,"SCP1884","183146","SCP1884::183146","Non-inflamed",3124,1,0,FALSE,"absent_zero_cells"
"SCP1884::183146::Non-inflamed","B_cell::CSM",3,"SCP1884","183146","SCP1884::183146","Non-inflamed",3124,1,0.000960307298335467,FALSE,"low_cell_count"
"SCP1884::183146::Non-inflamed","B_cell::Centroblast B",0,"SCP1884","183146","SCP1884::183146","Non-inflamed",3124,1,0,FALSE,"absent_zero_cells"
"SCP1884::183146::Non-inflamed","B_cell::Centrocyte B",0,"SCP1884","183146","SCP1884::183146","Non-inflamed",3124,1,0,FALSE,"absent_zero_cells"
"SCP1884::183146::Non-inflamed","B_cell::DN2",1,"SCP1884","183146","SCP1884::183146","Non-inflamed",3124,1,0.000320102432778489,FALSE,"low_cell_count"
"SCP1884::183146::Non-inflamed","B_cell::IgM-only",0,"SCP1884","183146","SCP1884::183146","Non-inflamed",3124,1,0,FALSE,"absent_zero_cells"
"SCP1884::183146::Non-inflamed","B_cell::MZ",0,"SCP1884","183146","SCP1884::183146","Non-inflamed",3124,1,0,FALSE,"absent_zero_cells"
"SCP1884::183146::Non-inflamed","B_cell::Naïve B",1,"SCP1884","183146","SCP1884::183146","Non-inflamed",3124,1,0.000320102432778489,FALSE,"low_cell_count"
"SCP1884::183146::Non-inflamed","Endothelial",109,"SCP1884","183146","SCP1884::183146","Non-inflamed",3124,1,0.0348911651728553,TRUE,"adequate_cell_count"
"SCP1884::183146::Non-inflamed","Epithelial",1315,"SCP1884","183146","SCP1884::183146","Non-inflamed",3124,1,0.420934699103713,TRUE,"adequate_cell_count"
"SCP1884::183146::Non-inflamed","Mast",23,"SCP1884","183146","SCP1884::183146","Non-inflamed",3124,1,0.00736235595390525,TRUE,"adequate_cell_count"
"SCP1884::183146::Non-inflamed","Mesenchymal_stromal",280,"SCP1884","183146","SCP1884::183146","Non-inflamed",3124,1,0.089628681177977,TRUE,"adequate_cell_count"
"SCP1884::183146::Non-inflamed","Myeloid",141,"SCP1884","183146","SCP1884::183146","Non-inflamed",3124,1,0.045134443021767,TRUE,"adequate_cell_count"
"SCP1884::183146::Non-inflamed","Plasma::Activated plasma",43,"SCP1884","183146","SCP1884::183146","Non-inflamed",3124,1,0.013764404609475,TRUE,"adequate_cell_count"
"SCP1884::183146::Non-inflamed","Plasma::IgA plasma",133,"SCP1884","183146","SCP1884::183146","Non-inflamed",3124,1,0.0425736235595391,TRUE,"adequate_cell_count"
"SCP1884::183146::Non-inflamed","Plasma::IgG plasma",0,"SCP1884","183146","SCP1884::183146","Non-inflamed",3124,1,0,FALSE,"absent_zero_cells"
"SCP1884::183146::Non-inflamed","Plasma::Transitional B",0,"SCP1884","183146","SCP1884::183146","Non-inflamed",3124,1,0,FALSE,"absent_zero_cells"
"SCP1884::183146::Non-inflamed","T_NK",1075,"SCP1884","183146","SCP1884::183146","Non-inflamed",3124,1,0.344110115236876,TRUE,"adequate_cell_count"
"SCP1884::189696::Non-inflamed","B_cell::ActB3",0,"SCP1884","189696","SCP1884::189696","Non-inflamed",2615,1,0,FALSE,"absent_zero_cells"
"SCP1884::189696::Non-inflamed","B_cell::CSM",3,"SCP1884","189696","SCP1884::189696","Non-inflamed",2615,1,0.0011472275334608,FALSE,"low_cell_count"
"SCP1884::189696::Non-inflamed","B_cell::Centroblast B",0,"SCP1884","189696","SCP1884::189696","Non-inflamed",2615,1,0,FALSE,"absent_zero_cells"
"SCP1884::189696::Non-inflamed","B_cell::Centrocyte B",0,"SCP1884","189696","SCP1884::189696","Non-inflamed",2615,1,0,FALSE,"absent_zero_cells"
"SCP1884::189696::Non-inflamed","B_cell::DN2",1,"SCP1884","189696","SCP1884::189696","Non-inflamed",2615,1,0.000382409177820268,FALSE,"low_cell_count"
"SCP1884::189696::Non-inflamed","B_cell::IgM-only",0,"SCP1884","189696","SCP1884::189696","Non-inflamed",2615,1,0,FALSE,"absent_zero_cells"
"SCP1884::189696::Non-inflamed","B_cell::MZ",0,"SCP1884","189696","SCP1884::189696","Non-inflamed",2615,1,0,FALSE,"absent_zero_cells"
"SCP1884::189696::Non-inflamed","B_cell::Naïve B",5,"SCP1884","189696","SCP1884::189696","Non-inflamed",2615,1,0.00191204588910134,FALSE,"low_cell_count"
"SCP1884::189696::Non-inflamed","Endothelial",62,"SCP1884","189696","SCP1884::189696","Non-inflamed",2615,1,0.0237093690248566,TRUE,"adequate_cell_count"
"SCP1884::189696::Non-inflamed","Epithelial",905,"SCP1884","189696","SCP1884::189696","Non-inflamed",2615,1,0.346080305927342,TRUE,"adequate_cell_count"
"SCP1884::189696::Non-inflamed","Mast",68,"SCP1884","189696","SCP1884::189696","Non-inflamed",2615,1,0.0260038240917782,TRUE,"adequate_cell_count"
"SCP1884::189696::Non-inflamed","Mesenchymal_stromal",150,"SCP1884","189696","SCP1884::189696","Non-inflamed",2615,1,0.0573613766730402,TRUE,"adequate_cell_count"
"SCP1884::189696::Non-inflamed","Myeloid",200,"SCP1884","189696","SCP1884::189696","Non-inflamed",2615,1,0.0764818355640535,TRUE,"adequate_cell_count"
"SCP1884::189696::Non-inflamed","Plasma::Activated plasma",166,"SCP1884","189696","SCP1884::189696","Non-inflamed",2615,1,0.0634799235181644,TRUE,"adequate_cell_count"
"SCP1884::189696::Non-inflamed","Plasma::IgA plasma",12,"SCP1884","189696","SCP1884::189696","Non-inflamed",2615,1,0.00458891013384321,FALSE,"low_cell_count"
"SCP1884::189696::Non-inflamed","Plasma::IgG plasma",0,"SCP1884","189696","SCP1884::189696","Non-inflamed",2615,1,0,FALSE,"absent_zero_cells"
"SCP1884::189696::Non-inflamed","Plasma::Transitional B",0,"SCP1884","189696","SCP1884::189696","Non-inflamed",2615,1,0,FALSE,"absent_zero_cells"
"SCP1884::189696::Non-inflamed","T_NK",1043,"SCP1884","189696","SCP1884::189696","Non-inflamed",2615,1,0.398852772466539,TRUE,"adequate_cell_count"
"SCP1884::191305::Inflamed","B_cell::ActB3",0,"SCP1884","191305","SCP1884::191305","Inflamed",2768,1,0,FALSE,"absent_zero_cells"
"SCP1884::191305::Inflamed","B_cell::CSM",7,"SCP1884","191305","SCP1884::191305","Inflamed",2768,1,0.00252890173410405,FALSE,"low_cell_count"
"SCP1884::191305::Inflamed","B_cell::Centroblast B",0,"SCP1884","191305","SCP1884::191305","Inflamed",2768,1,0,FALSE,"absent_zero_cells"
"SCP1884::191305::Inflamed","B_cell::Centrocyte B",0,"SCP1884","191305","SCP1884::191305","Inflamed",2768,1,0,FALSE,"absent_zero_cells"
"SCP1884::191305::Inflamed","B_cell::DN2",4,"SCP1884","191305","SCP1884::191305","Inflamed",2768,1,0.00144508670520231,FALSE,"low_cell_count"
"SCP1884::191305::Inflamed","B_cell::IgM-only",0,"SCP1884","191305","SCP1884::191305","Inflamed",2768,1,0,FALSE,"absent_zero_cells"
"SCP1884::191305::Inflamed","B_cell::MZ",0,"SCP1884","191305","SCP1884::191305","Inflamed",2768,1,0,FALSE,"absent_zero_cells"
"SCP1884::191305::Inflamed","B_cell::Naïve B",0,"SCP1884","191305","SCP1884::191305","Inflamed",2768,1,0,FALSE,"absent_zero_cells"
"SCP1884::191305::Inflamed","Endothelial",25,"SCP1884","191305","SCP1884::191305","Inflamed",2768,1,0.00903179190751445,TRUE,"adequate_cell_count"
"SCP1884::191305::Inflamed","Epithelial",1104,"SCP1884","191305","SCP1884::191305","Inflamed",2768,1,0.398843930635838,TRUE,"adequate_cell_count"
"SCP1884::191305::Inflamed","Mast",91,"SCP1884","191305","SCP1884::191305","Inflamed",2768,1,0.0328757225433526,TRUE,"adequate_cell_count"
"SCP1884::191305::Inflamed","Mesenchymal_stromal",112,"SCP1884","191305","SCP1884::191305","Inflamed",2768,1,0.0404624277456647,TRUE,"adequate_cell_count"
"SCP1884::191305::Inflamed","Myeloid",282,"SCP1884","191305","SCP1884::191305","Inflamed",2768,1,0.101878612716763,TRUE,"adequate_cell_count"
"SCP1884::191305::Inflamed","Plasma::Activated plasma",133,"SCP1884","191305","SCP1884::191305","Inflamed",2768,1,0.0480491329479769,TRUE,"adequate_cell_count"
"SCP1884::191305::Inflamed","Plasma::IgA plasma",124,"SCP1884","191305","SCP1884::191305","Inflamed",2768,1,0.0447976878612717,TRUE,"adequate_cell_count"
"SCP1884::191305::Inflamed","Plasma::IgG plasma",592,"SCP1884","191305","SCP1884::191305","Inflamed",2768,1,0.213872832369942,TRUE,"adequate_cell_count"
"SCP1884::191305::Inflamed","Plasma::Transitional B",0,"SCP1884","191305","SCP1884::191305","Inflamed",2768,1,0,FALSE,"absent_zero_cells"
"SCP1884::191305::Inflamed","T_NK",294,"SCP1884","191305","SCP1884::191305","Inflamed",2768,1,0.10621387283237,TRUE,"adequate_cell_count"
"SCP1884::191305::Non-inflamed","B_cell::ActB3",0,"SCP1884","191305","SCP1884::191305","Non-inflamed",3982,1,0,FALSE,"absent_zero_cells"
"SCP1884::191305::Non-inflamed","B_cell::CSM",30,"SCP1884","191305","SCP1884::191305","Non-inflamed",3982,1,0.00753390256152687,TRUE,"adequate_cell_count"
"SCP1884::191305::Non-inflamed","B_cell::Centroblast B",13,"SCP1884","191305","SCP1884::191305","Non-inflamed",3982,1,0.00326469110999498,FALSE,"low_cell_count"
"SCP1884::191305::Non-inflamed","B_cell::Centrocyte B",16,"SCP1884","191305","SCP1884::191305","Non-inflamed",3982,1,0.00401808136614766,FALSE,"low_cell_count"
"SCP1884::191305::Non-inflamed","B_cell::DN2",19,"SCP1884","191305","SCP1884::191305","Non-inflamed",3982,1,0.00477147162230035,FALSE,"low_cell_count"
"SCP1884::191305::Non-inflamed","B_cell::IgM-only",3,"SCP1884","191305","SCP1884::191305","Non-inflamed",3982,1,0.000753390256152687,FALSE,"low_cell_count"
"SCP1884::191305::Non-inflamed","B_cell::MZ",0,"SCP1884","191305","SCP1884::191305","Non-inflamed",3982,1,0,FALSE,"absent_zero_cells"
"SCP1884::191305::Non-inflamed","B_cell::Naïve B",1,"SCP1884","191305","SCP1884::191305","Non-inflamed",3982,1,0.000251130085384229,FALSE,"low_cell_count"
"SCP1884::191305::Non-inflamed","Endothelial",94,"SCP1884","191305","SCP1884::191305","Non-inflamed",3982,1,0.0236062280261175,TRUE,"adequate_cell_count"
"SCP1884::191305::Non-inflamed","Epithelial",1210,"SCP1884","191305","SCP1884::191305","Non-inflamed",3982,1,0.303867403314917,TRUE,"adequate_cell_count"
"SCP1884::191305::Non-inflamed","Mast",273,"SCP1884","191305","SCP1884::191305","Non-inflamed",3982,1,0.0685585133098945,TRUE,"adequate_cell_count"
"SCP1884::191305::Non-inflamed","Mesenchymal_stromal",261,"SCP1884","191305","SCP1884::191305","Non-inflamed",3982,1,0.0655449522852838,TRUE,"adequate_cell_count"
"SCP1884::191305::Non-inflamed","Myeloid",631,"SCP1884","191305","SCP1884::191305","Non-inflamed",3982,1,0.158463083877449,TRUE,"adequate_cell_count"
"SCP1884::191305::Non-inflamed","Plasma::Activated plasma",197,"SCP1884","191305","SCP1884::191305","Non-inflamed",3982,1,0.0494726268206931,TRUE,"adequate_cell_count"
"SCP1884::191305::Non-inflamed","Plasma::IgA plasma",39,"SCP1884","191305","SCP1884::191305","Non-inflamed",3982,1,0.00979407332998493,TRUE,"adequate_cell_count"
"SCP1884::191305::Non-inflamed","Plasma::IgG plasma",17,"SCP1884","191305","SCP1884::191305","Non-inflamed",3982,1,0.00426921145153189,FALSE,"low_cell_count"
"SCP1884::191305::Non-inflamed","Plasma::Transitional B",1,"SCP1884","191305","SCP1884::191305","Non-inflamed",3982,1,0.000251130085384229,FALSE,"low_cell_count"
"SCP1884::191305::Non-inflamed","T_NK",1177,"SCP1884","191305","SCP1884::191305","Non-inflamed",3982,1,0.295580110497238,TRUE,"adequate_cell_count"
"SCP1884::192985::Non-inflamed","B_cell::ActB3",0,"SCP1884","192985","SCP1884::192985","Non-inflamed",2159,1,0,FALSE,"absent_zero_cells"
"SCP1884::192985::Non-inflamed","B_cell::CSM",36,"SCP1884","192985","SCP1884::192985","Non-inflamed",2159,1,0.0166743862899491,TRUE,"adequate_cell_count"
"SCP1884::192985::Non-inflamed","B_cell::Centroblast B",3,"SCP1884","192985","SCP1884::192985","Non-inflamed",2159,1,0.00138953219082909,FALSE,"low_cell_count"
"SCP1884::192985::Non-inflamed","B_cell::Centrocyte B",0,"SCP1884","192985","SCP1884::192985","Non-inflamed",2159,1,0,FALSE,"absent_zero_cells"
"SCP1884::192985::Non-inflamed","B_cell::DN2",10,"SCP1884","192985","SCP1884::192985","Non-inflamed",2159,1,0.00463177396943029,FALSE,"low_cell_count"
"SCP1884::192985::Non-inflamed","B_cell::IgM-only",1,"SCP1884","192985","SCP1884::192985","Non-inflamed",2159,1,0.000463177396943029,FALSE,"low_cell_count"
"SCP1884::192985::Non-inflamed","B_cell::MZ",0,"SCP1884","192985","SCP1884::192985","Non-inflamed",2159,1,0,FALSE,"absent_zero_cells"
"SCP1884::192985::Non-inflamed","B_cell::Naïve B",15,"SCP1884","192985","SCP1884::192985","Non-inflamed",2159,1,0.00694766095414544,FALSE,"low_cell_count"
"SCP1884::192985::Non-inflamed","Endothelial",43,"SCP1884","192985","SCP1884::192985","Non-inflamed",2159,1,0.0199166280685503,TRUE,"adequate_cell_count"
"SCP1884::192985::Non-inflamed","Epithelial",691,"SCP1884","192985","SCP1884::192985","Non-inflamed",2159,1,0.320055581287633,TRUE,"adequate_cell_count"
"SCP1884::192985::Non-inflamed","Mast",150,"SCP1884","192985","SCP1884::192985","Non-inflamed",2159,1,0.0694766095414544,TRUE,"adequate_cell_count"
"SCP1884::192985::Non-inflamed","Mesenchymal_stromal",203,"SCP1884","192985","SCP1884::192985","Non-inflamed",2159,1,0.0940250115794349,TRUE,"adequate_cell_count"
"SCP1884::192985::Non-inflamed","Myeloid",134,"SCP1884","192985","SCP1884::192985","Non-inflamed",2159,1,0.0620657711903659,TRUE,"adequate_cell_count"
"SCP1884::192985::Non-inflamed","Plasma::Activated plasma",186,"SCP1884","192985","SCP1884::192985","Non-inflamed",2159,1,0.0861509958314034,TRUE,"adequate_cell_count"
"SCP1884::192985::Non-inflamed","Plasma::IgA plasma",94,"SCP1884","192985","SCP1884::192985","Non-inflamed",2159,1,0.0435386753126447,TRUE,"adequate_cell_count"
"SCP1884::192985::Non-inflamed","Plasma::IgG plasma",0,"SCP1884","192985","SCP1884::192985","Non-inflamed",2159,1,0,FALSE,"absent_zero_cells"
"SCP1884::192985::Non-inflamed","Plasma::Transitional B",0,"SCP1884","192985","SCP1884::192985","Non-inflamed",2159,1,0,FALSE,"absent_zero_cells"
"SCP1884::192985::Non-inflamed","T_NK",593,"SCP1884","192985","SCP1884::192985","Non-inflamed",2159,1,0.274664196387216,TRUE,"adequate_cell_count"
"SCP1884::195045::Non-inflamed","B_cell::ActB3",2,"SCP1884","195045","SCP1884::195045","Non-inflamed",6822,1,0.000293169158604515,FALSE,"low_cell_count"
"SCP1884::195045::Non-inflamed","B_cell::CSM",41,"SCP1884","195045","SCP1884::195045","Non-inflamed",6822,1,0.00600996775139255,TRUE,"adequate_cell_count"
"SCP1884::195045::Non-inflamed","B_cell::Centroblast B",0,"SCP1884","195045","SCP1884::195045","Non-inflamed",6822,1,0,FALSE,"absent_zero_cells"
"SCP1884::195045::Non-inflamed","B_cell::Centrocyte B",0,"SCP1884","195045","SCP1884::195045","Non-inflamed",6822,1,0,FALSE,"absent_zero_cells"
"SCP1884::195045::Non-inflamed","B_cell::DN2",8,"SCP1884","195045","SCP1884::195045","Non-inflamed",6822,1,0.00117267663441806,FALSE,"low_cell_count"
"SCP1884::195045::Non-inflamed","B_cell::IgM-only",0,"SCP1884","195045","SCP1884::195045","Non-inflamed",6822,1,0,FALSE,"absent_zero_cells"
"SCP1884::195045::Non-inflamed","B_cell::MZ",0,"SCP1884","195045","SCP1884::195045","Non-inflamed",6822,1,0,FALSE,"absent_zero_cells"
"SCP1884::195045::Non-inflamed","B_cell::Naïve B",7,"SCP1884","195045","SCP1884::195045","Non-inflamed",6822,1,0.0010260920551158,FALSE,"low_cell_count"
"SCP1884::195045::Non-inflamed","Endothelial",68,"SCP1884","195045","SCP1884::195045","Non-inflamed",6822,1,0.0099677513925535,TRUE,"adequate_cell_count"
"SCP1884::195045::Non-inflamed","Epithelial",1106,"SCP1884","195045","SCP1884::195045","Non-inflamed",6822,1,0.162122544708297,TRUE,"adequate_cell_count"
"SCP1884::195045::Non-inflamed","Mast",496,"SCP1884","195045","SCP1884::195045","Non-inflamed",6822,1,0.0727059513339197,TRUE,"adequate_cell_count"
"SCP1884::195045::Non-inflamed","Mesenchymal_stromal",490,"SCP1884","195045","SCP1884::195045","Non-inflamed",6822,1,0.0718264438581061,TRUE,"adequate_cell_count"
"SCP1884::195045::Non-inflamed","Myeloid",794,"SCP1884","195045","SCP1884::195045","Non-inflamed",6822,1,0.116388155965992,TRUE,"adequate_cell_count"
"SCP1884::195045::Non-inflamed","Plasma::Activated plasma",1091,"SCP1884","195045","SCP1884::195045","Non-inflamed",6822,1,0.159923776018763,TRUE,"adequate_cell_count"
"SCP1884::195045::Non-inflamed","Plasma::IgA plasma",145,"SCP1884","195045","SCP1884::195045","Non-inflamed",6822,1,0.0212547639988273,TRUE,"adequate_cell_count"
"SCP1884::195045::Non-inflamed","Plasma::IgG plasma",2,"SCP1884","195045","SCP1884::195045","Non-inflamed",6822,1,0.000293169158604515,FALSE,"low_cell_count"
"SCP1884::195045::Non-inflamed","Plasma::Transitional B",0,"SCP1884","195045","SCP1884::195045","Non-inflamed",6822,1,0,FALSE,"absent_zero_cells"
"SCP1884::195045::Non-inflamed","T_NK",2572,"SCP1884","195045","SCP1884::195045","Non-inflamed",6822,1,0.377015537965406,TRUE,"adequate_cell_count"
"SCP1884::199129::Control","B_cell::ActB3",0,"SCP1884","199129","SCP1884::199129","Control",1123,1,0,FALSE,"absent_zero_cells"
"SCP1884::199129::Control","B_cell::CSM",0,"SCP1884","199129","SCP1884::199129","Control",1123,1,0,FALSE,"absent_zero_cells"
"SCP1884::199129::Control","B_cell::Centroblast B",0,"SCP1884","199129","SCP1884::199129","Control",1123,1,0,FALSE,"absent_zero_cells"
"SCP1884::199129::Control","B_cell::Centrocyte B",0,"SCP1884","199129","SCP1884::199129","Control",1123,1,0,FALSE,"absent_zero_cells"
"SCP1884::199129::Control","B_cell::DN2",0,"SCP1884","199129","SCP1884::199129","Control",1123,1,0,FALSE,"absent_zero_cells"
"SCP1884::199129::Control","B_cell::IgM-only",0,"SCP1884","199129","SCP1884::199129","Control",1123,1,0,FALSE,"absent_zero_cells"
"SCP1884::199129::Control","B_cell::MZ",0,"SCP1884","199129","SCP1884::199129","Control",1123,1,0,FALSE,"absent_zero_cells"
"SCP1884::199129::Control","B_cell::Naïve B",0,"SCP1884","199129","SCP1884::199129","Control",1123,1,0,FALSE,"absent_zero_cells"
"SCP1884::199129::Control","Endothelial",0,"SCP1884","199129","SCP1884::199129","Control",1123,1,0,FALSE,"absent_zero_cells"
"SCP1884::199129::Control","Epithelial",1034,"SCP1884","199129","SCP1884::199129","Control",1123,1,0.920747996438112,TRUE,"adequate_cell_count"
"SCP1884::199129::Control","Mast",0,"SCP1884","199129","SCP1884::199129","Control",1123,1,0,FALSE,"absent_zero_cells"
"SCP1884::199129::Control","Mesenchymal_stromal",0,"SCP1884","199129","SCP1884::199129","Control",1123,1,0,FALSE,"absent_zero_cells"
"SCP1884::199129::Control","Myeloid",0,"SCP1884","199129","SCP1884::199129","Control",1123,1,0,FALSE,"absent_zero_cells"
"SCP1884::199129::Control","Plasma::Activated plasma",0,"SCP1884","199129","SCP1884::199129","Control",1123,1,0,FALSE,"absent_zero_cells"
"SCP1884::199129::Control","Plasma::IgA plasma",0,"SCP1884","199129","SCP1884::199129","Control",1123,1,0,FALSE,"absent_zero_cells"
"SCP1884::199129::Control","Plasma::IgG plasma",0,"SCP1884","199129","SCP1884::199129","Control",1123,1,0,FALSE,"absent_zero_cells"
"SCP1884::199129::Control","Plasma::Transitional B",0,"SCP1884","199129","SCP1884::199129","Control",1123,1,0,FALSE,"absent_zero_cells"
"SCP1884::199129::Control","T_NK",89,"SCP1884","199129","SCP1884::199129","Control",1123,1,0.0792520035618878,TRUE,"adequate_cell_count"
"SCP2959::100397::Non-stricture","B_cell::ActB3",13,"SCP2959","100397","SCP2959::100397","Non-stricture",4586,1,0.0028347143480157,FALSE,"low_cell_count"
"SCP2959::100397::Non-stricture","B_cell::CSM",41,"SCP2959","100397","SCP2959::100397","Non-stricture",4586,1,0.00894025294374182,TRUE,"adequate_cell_count"
"SCP2959::100397::Non-stricture","B_cell::Centroblast B",35,"SCP2959","100397","SCP2959::100397","Non-stricture",4586,1,0.00763192324465765,TRUE,"adequate_cell_count"
"SCP2959::100397::Non-stricture","B_cell::Centrocyte B",10,"SCP2959","100397","SCP2959::100397","Non-stricture",4586,1,0.00218054949847362,FALSE,"low_cell_count"
"SCP2959::100397::Non-stricture","B_cell::DN2",11,"SCP2959","100397","SCP2959::100397","Non-stricture",4586,1,0.00239860444832098,FALSE,"low_cell_count"
"SCP2959::100397::Non-stricture","B_cell::IgM-only",0,"SCP2959","100397","SCP2959::100397","Non-stricture",4586,1,0,FALSE,"absent_zero_cells"
"SCP2959::100397::Non-stricture","B_cell::MZ",2,"SCP2959","100397","SCP2959::100397","Non-stricture",4586,1,0.000436109899694723,FALSE,"low_cell_count"
"SCP2959::100397::Non-stricture","B_cell::Naïve B",34,"SCP2959","100397","SCP2959::100397","Non-stricture",4586,1,0.00741386829481029,TRUE,"adequate_cell_count"
"SCP2959::100397::Non-stricture","Endothelial",115,"SCP2959","100397","SCP2959::100397","Non-stricture",4586,1,0.0250763192324466,TRUE,"adequate_cell_count"
"SCP2959::100397::Non-stricture","Epithelial",1798,"SCP2959","100397","SCP2959::100397","Non-stricture",4586,1,0.392062799825556,TRUE,"adequate_cell_count"
"SCP2959::100397::Non-stricture","Mast",193,"SCP2959","100397","SCP2959::100397","Non-stricture",4586,1,0.0420846053205408,TRUE,"adequate_cell_count"
"SCP2959::100397::Non-stricture","Mesenchymal_stromal",308,"SCP2959","100397","SCP2959::100397","Non-stricture",4586,1,0.0671609245529873,TRUE,"adequate_cell_count"
"SCP2959::100397::Non-stricture","Myeloid",260,"SCP2959","100397","SCP2959::100397","Non-stricture",4586,1,0.056694286960314,TRUE,"adequate_cell_count"
"SCP2959::100397::Non-stricture","Plasma::Activated plasma",140,"SCP2959","100397","SCP2959::100397","Non-stricture",4586,1,0.0305276929786306,TRUE,"adequate_cell_count"
"SCP2959::100397::Non-stricture","Plasma::IgA plasma",1193,"SCP2959","100397","SCP2959::100397","Non-stricture",4586,1,0.260139555167902,TRUE,"adequate_cell_count"
"SCP2959::100397::Non-stricture","Plasma::IgG plasma",47,"SCP2959","100397","SCP2959::100397","Non-stricture",4586,1,0.010248582642826,TRUE,"adequate_cell_count"
"SCP2959::100397::Non-stricture","Plasma::Transitional B",0,"SCP2959","100397","SCP2959::100397","Non-stricture",4586,1,0,FALSE,"absent_zero_cells"
"SCP2959::100397::Non-stricture","T_NK",386,"SCP2959","100397","SCP2959::100397","Non-stricture",4586,1,0.0841692106410816,TRUE,"adequate_cell_count"
"SCP2959::100397::Stricture","B_cell::ActB3",32,"SCP2959","100397","SCP2959::100397","Stricture",2452,1,0.0130505709624796,TRUE,"adequate_cell_count"
"SCP2959::100397::Stricture","B_cell::CSM",23,"SCP2959","100397","SCP2959::100397","Stricture",2452,1,0.00938009787928222,TRUE,"adequate_cell_count"
"SCP2959::100397::Stricture","B_cell::Centroblast B",4,"SCP2959","100397","SCP2959::100397","Stricture",2452,1,0.00163132137030995,FALSE,"low_cell_count"
"SCP2959::100397::Stricture","B_cell::Centrocyte B",1,"SCP2959","100397","SCP2959::100397","Stricture",2452,1,0.000407830342577488,FALSE,"low_cell_count"
"SCP2959::100397::Stricture","B_cell::DN2",7,"SCP2959","100397","SCP2959::100397","Stricture",2452,1,0.00285481239804241,FALSE,"low_cell_count"
"SCP2959::100397::Stricture","B_cell::IgM-only",1,"SCP2959","100397","SCP2959::100397","Stricture",2452,1,0.000407830342577488,FALSE,"low_cell_count"
"SCP2959::100397::Stricture","B_cell::MZ",0,"SCP2959","100397","SCP2959::100397","Stricture",2452,1,0,FALSE,"absent_zero_cells"
"SCP2959::100397::Stricture","B_cell::Naïve B",10,"SCP2959","100397","SCP2959::100397","Stricture",2452,1,0.00407830342577488,FALSE,"low_cell_count"
"SCP2959::100397::Stricture","Endothelial",25,"SCP2959","100397","SCP2959::100397","Stricture",2452,1,0.0101957585644372,TRUE,"adequate_cell_count"
"SCP2959::100397::Stricture","Epithelial",1720,"SCP2959","100397","SCP2959::100397","Stricture",2452,1,0.701468189233279,TRUE,"adequate_cell_count"
"SCP2959::100397::Stricture","Mast",7,"SCP2959","100397","SCP2959::100397","Stricture",2452,1,0.00285481239804241,FALSE,"low_cell_count"
"SCP2959::100397::Stricture","Mesenchymal_stromal",64,"SCP2959","100397","SCP2959::100397","Stricture",2452,1,0.0261011419249592,TRUE,"adequate_cell_count"
"SCP2959::100397::Stricture","Myeloid",202,"SCP2959","100397","SCP2959::100397","Stricture",2452,1,0.0823817292006525,TRUE,"adequate_cell_count"
"SCP2959::100397::Stricture","Plasma::Activated plasma",24,"SCP2959","100397","SCP2959::100397","Stricture",2452,1,0.0097879282218597,TRUE,"adequate_cell_count"
"SCP2959::100397::Stricture","Plasma::IgA plasma",193,"SCP2959","100397","SCP2959::100397","Stricture",2452,1,0.0787112561174551,TRUE,"adequate_cell_count"
"SCP2959::100397::Stricture","Plasma::IgG plasma",28,"SCP2959","100397","SCP2959::100397","Stricture",2452,1,0.0114192495921697,TRUE,"adequate_cell_count"
"SCP2959::100397::Stricture","Plasma::Transitional B",0,"SCP2959","100397","SCP2959::100397","Stricture",2452,1,0,FALSE,"absent_zero_cells"
"SCP2959::100397::Stricture","T_NK",111,"SCP2959","100397","SCP2959::100397","Stricture",2452,1,0.0452691680261011,TRUE,"adequate_cell_count"
"SCP2959::100629::Non-stricture","B_cell::ActB3",3,"SCP2959","100629","SCP2959::100629","Non-stricture",2751,1,0.00109051254089422,FALSE,"low_cell_count"
"SCP2959::100629::Non-stricture","B_cell::CSM",28,"SCP2959","100629","SCP2959::100629","Non-stricture",2751,1,0.0101781170483461,TRUE,"adequate_cell_count"
"SCP2959::100629::Non-stricture","B_cell::Centroblast B",0,"SCP2959","100629","SCP2959::100629","Non-stricture",2751,1,0,FALSE,"absent_zero_cells"
"SCP2959::100629::Non-stricture","B_cell::Centrocyte B",0,"SCP2959","100629","SCP2959::100629","Non-stricture",2751,1,0,FALSE,"absent_zero_cells"
"SCP2959::100629::Non-stricture","B_cell::DN2",26,"SCP2959","100629","SCP2959::100629","Non-stricture",2751,1,0.00945110868774991,TRUE,"adequate_cell_count"
"SCP2959::100629::Non-stricture","B_cell::IgM-only",0,"SCP2959","100629","SCP2959::100629","Non-stricture",2751,1,0,FALSE,"absent_zero_cells"
"SCP2959::100629::Non-stricture","B_cell::MZ",0,"SCP2959","100629","SCP2959::100629","Non-stricture",2751,1,0,FALSE,"absent_zero_cells"
"SCP2959::100629::Non-stricture","B_cell::Naïve B",4,"SCP2959","100629","SCP2959::100629","Non-stricture",2751,1,0.00145401672119229,FALSE,"low_cell_count"
"SCP2959::100629::Non-stricture","Endothelial",74,"SCP2959","100629","SCP2959::100629","Non-stricture",2751,1,0.0268993093420574,TRUE,"adequate_cell_count"
"SCP2959::100629::Non-stricture","Epithelial",1237,"SCP2959","100629","SCP2959::100629","Non-stricture",2751,1,0.449654671028717,TRUE,"adequate_cell_count"
"SCP2959::100629::Non-stricture","Mast",126,"SCP2959","100629","SCP2959::100629","Non-stricture",2751,1,0.0458015267175573,TRUE,"adequate_cell_count"
"SCP2959::100629::Non-stricture","Mesenchymal_stromal",232,"SCP2959","100629","SCP2959::100629","Non-stricture",2751,1,0.084332969829153,TRUE,"adequate_cell_count"
"SCP2959::100629::Non-stricture","Myeloid",215,"SCP2959","100629","SCP2959::100629","Non-stricture",2751,1,0.0781533987640858,TRUE,"adequate_cell_count"
"SCP2959::100629::Non-stricture","Plasma::Activated plasma",137,"SCP2959","100629","SCP2959::100629","Non-stricture",2751,1,0.0498000727008361,TRUE,"adequate_cell_count"
"SCP2959::100629::Non-stricture","Plasma::IgA plasma",54,"SCP2959","100629","SCP2959::100629","Non-stricture",2751,1,0.019629225736096,TRUE,"adequate_cell_count"
"SCP2959::100629::Non-stricture","Plasma::IgG plasma",5,"SCP2959","100629","SCP2959::100629","Non-stricture",2751,1,0.00181752090149037,FALSE,"low_cell_count"
"SCP2959::100629::Non-stricture","Plasma::Transitional B",0,"SCP2959","100629","SCP2959::100629","Non-stricture",2751,1,0,FALSE,"absent_zero_cells"
"SCP2959::100629::Non-stricture","T_NK",610,"SCP2959","100629","SCP2959::100629","Non-stricture",2751,1,0.221737549981825,TRUE,"adequate_cell_count"
"SCP2959::100629::Stricture","B_cell::ActB3",19,"SCP2959","100629","SCP2959::100629","Stricture",2957,1,0.00642543118025025,FALSE,"low_cell_count"
"SCP2959::100629::Stricture","B_cell::CSM",55,"SCP2959","100629","SCP2959::100629","Stricture",2957,1,0.0185999323638823,TRUE,"adequate_cell_count"
"SCP2959::100629::Stricture","B_cell::Centroblast B",3,"SCP2959","100629","SCP2959::100629","Stricture",2957,1,0.00101454176530267,FALSE,"low_cell_count"
"SCP2959::100629::Stricture","B_cell::Centrocyte B",0,"SCP2959","100629","SCP2959::100629","Stricture",2957,1,0,FALSE,"absent_zero_cells"
"SCP2959::100629::Stricture","B_cell::DN2",22,"SCP2959","100629","SCP2959::100629","Stricture",2957,1,0.00743997294555293,TRUE,"adequate_cell_count"
"SCP2959::100629::Stricture","B_cell::IgM-only",12,"SCP2959","100629","SCP2959::100629","Stricture",2957,1,0.00405816706121069,FALSE,"low_cell_count"
"SCP2959::100629::Stricture","B_cell::MZ",1,"SCP2959","100629","SCP2959::100629","Stricture",2957,1,0.000338180588434224,FALSE,"low_cell_count"
"SCP2959::100629::Stricture","B_cell::Naïve B",51,"SCP2959","100629","SCP2959::100629","Stricture",2957,1,0.0172472100101454,TRUE,"adequate_cell_count"
"SCP2959::100629::Stricture","Endothelial",58,"SCP2959","100629","SCP2959::100629","Stricture",2957,1,0.019614474129185,TRUE,"adequate_cell_count"
"SCP2959::100629::Stricture","Epithelial",1182,"SCP2959","100629","SCP2959::100629","Stricture",2957,1,0.399729455529253,TRUE,"adequate_cell_count"
"SCP2959::100629::Stricture","Mast",34,"SCP2959","100629","SCP2959::100629","Stricture",2957,1,0.0114981400067636,TRUE,"adequate_cell_count"
"SCP2959::100629::Stricture","Mesenchymal_stromal",123,"SCP2959","100629","SCP2959::100629","Stricture",2957,1,0.0415962123774095,TRUE,"adequate_cell_count"
"SCP2959::100629::Stricture","Myeloid",127,"SCP2959","100629","SCP2959::100629","Stricture",2957,1,0.0429489347311464,TRUE,"adequate_cell_count"
"SCP2959::100629::Stricture","Plasma::Activated plasma",219,"SCP2959","100629","SCP2959::100629","Stricture",2957,1,0.074061548867095,TRUE,"adequate_cell_count"
"SCP2959::100629::Stricture","Plasma::IgA plasma",84,"SCP2959","100629","SCP2959::100629","Stricture",2957,1,0.0284071694284748,TRUE,"adequate_cell_count"
"SCP2959::100629::Stricture","Plasma::IgG plasma",46,"SCP2959","100629","SCP2959::100629","Stricture",2957,1,0.0155563070679743,TRUE,"adequate_cell_count"
"SCP2959::100629::Stricture","Plasma::Transitional B",2,"SCP2959","100629","SCP2959::100629","Stricture",2957,1,0.000676361176868448,FALSE,"low_cell_count"
"SCP2959::100629::Stricture","T_NK",919,"SCP2959","100629","SCP2959::100629","Stricture",2957,1,0.310787960771052,TRUE,"adequate_cell_count"
"SCP2959::103292::Stricture","B_cell::ActB3",7,"SCP2959","103292","SCP2959::103292","Stricture",1549,1,0.00451904454486766,FALSE,"low_cell_count"
"SCP2959::103292::Stricture","B_cell::CSM",84,"SCP2959","103292","SCP2959::103292","Stricture",1549,1,0.0542285345384119,TRUE,"adequate_cell_count"
"SCP2959::103292::Stricture","B_cell::Centroblast B",11,"SCP2959","103292","SCP2959::103292","Stricture",1549,1,0.00710135571336346,FALSE,"low_cell_count"
"SCP2959::103292::Stricture","B_cell::Centrocyte B",1,"SCP2959","103292","SCP2959::103292","Stricture",1549,1,0.000645577792123951,FALSE,"low_cell_count"
"SCP2959::103292::Stricture","B_cell::DN2",40,"SCP2959","103292","SCP2959::103292","Stricture",1549,1,0.025823111684958,TRUE,"adequate_cell_count"
"SCP2959::103292::Stricture","B_cell::IgM-only",14,"SCP2959","103292","SCP2959::103292","Stricture",1549,1,0.00903808908973531,FALSE,"low_cell_count"
"SCP2959::103292::Stricture","B_cell::MZ",7,"SCP2959","103292","SCP2959::103292","Stricture",1549,1,0.00451904454486766,FALSE,"low_cell_count"
"SCP2959::103292::Stricture","B_cell::Naïve B",19,"SCP2959","103292","SCP2959::103292","Stricture",1549,1,0.0122659780503551,FALSE,"low_cell_count"
"SCP2959::103292::Stricture","Endothelial",0,"SCP2959","103292","SCP2959::103292","Stricture",1549,1,0,FALSE,"absent_zero_cells"
"SCP2959::103292::Stricture","Epithelial",204,"SCP2959","103292","SCP2959::103292","Stricture",1549,1,0.131697869593286,TRUE,"adequate_cell_count"
"SCP2959::103292::Stricture","Mast",5,"SCP2959","103292","SCP2959::103292","Stricture",1549,1,0.00322788896061975,FALSE,"low_cell_count"
"SCP2959::103292::Stricture","Mesenchymal_stromal",27,"SCP2959","103292","SCP2959::103292","Stricture",1549,1,0.0174306003873467,TRUE,"adequate_cell_count"
"SCP2959::103292::Stricture","Myeloid",368,"SCP2959","103292","SCP2959::103292","Stricture",1549,1,0.237572627501614,TRUE,"adequate_cell_count"
"SCP2959::103292::Stricture","Plasma::Activated plasma",6,"SCP2959","103292","SCP2959::103292","Stricture",1549,1,0.00387346675274371,FALSE,"low_cell_count"
"SCP2959::103292::Stricture","Plasma::IgA plasma",10,"SCP2959","103292","SCP2959::103292","Stricture",1549,1,0.00645577792123951,FALSE,"low_cell_count"
"SCP2959::103292::Stricture","Plasma::IgG plasma",15,"SCP2959","103292","SCP2959::103292","Stricture",1549,1,0.00968366688185926,FALSE,"low_cell_count"
"SCP2959::103292::Stricture","Plasma::Transitional B",0,"SCP2959","103292","SCP2959::103292","Stricture",1549,1,0,FALSE,"absent_zero_cells"
"SCP2959::103292::Stricture","T_NK",731,"SCP2959","103292","SCP2959::103292","Stricture",1549,1,0.471917366042608,TRUE,"adequate_cell_count"
"SCP2959::105387::Non-stricture","B_cell::ActB3",0,"SCP2959","105387","SCP2959::105387","Non-stricture",6695,1,0,FALSE,"absent_zero_cells"
"SCP2959::105387::Non-stricture","B_cell::CSM",2,"SCP2959","105387","SCP2959::105387","Non-stricture",6695,1,0.000298730395817775,FALSE,"low_cell_count"
"SCP2959::105387::Non-stricture","B_cell::Centroblast B",3,"SCP2959","105387","SCP2959::105387","Non-stricture",6695,1,0.000448095593726662,FALSE,"low_cell_count"
"SCP2959::105387::Non-stricture","B_cell::Centrocyte B",0,"SCP2959","105387","SCP2959::105387","Non-stricture",6695,1,0,FALSE,"absent_zero_cells"
"SCP2959::105387::Non-stricture","B_cell::DN2",0,"SCP2959","105387","SCP2959::105387","Non-stricture",6695,1,0,FALSE,"absent_zero_cells"
"SCP2959::105387::Non-stricture","B_cell::IgM-only",0,"SCP2959","105387","SCP2959::105387","Non-stricture",6695,1,0,FALSE,"absent_zero_cells"
"SCP2959::105387::Non-stricture","B_cell::MZ",0,"SCP2959","105387","SCP2959::105387","Non-stricture",6695,1,0,FALSE,"absent_zero_cells"
"SCP2959::105387::Non-stricture","B_cell::Naïve B",0,"SCP2959","105387","SCP2959::105387","Non-stricture",6695,1,0,FALSE,"absent_zero_cells"
"SCP2959::105387::Non-stricture","Endothelial",1,"SCP2959","105387","SCP2959::105387","Non-stricture",6695,1,0.000149365197908887,FALSE,"low_cell_count"
"SCP2959::105387::Non-stricture","Epithelial",6586,"SCP2959","105387","SCP2959::105387","Non-stricture",6695,1,0.983719193427931,TRUE,"adequate_cell_count"
"SCP2959::105387::Non-stricture","Mast",2,"SCP2959","105387","SCP2959::105387","Non-stricture",6695,1,0.000298730395817775,FALSE,"low_cell_count"
"SCP2959::105387::Non-stricture","Mesenchymal_stromal",0,"SCP2959","105387","SCP2959::105387","Non-stricture",6695,1,0,FALSE,"absent_zero_cells"
"SCP2959::105387::Non-stricture","Myeloid",34,"SCP2959","105387","SCP2959::105387","Non-stricture",6695,1,0.00507841672890217,TRUE,"adequate_cell_count"
"SCP2959::105387::Non-stricture","Plasma::Activated plasma",2,"SCP2959","105387","SCP2959::105387","Non-stricture",6695,1,0.000298730395817775,FALSE,"low_cell_count"
"SCP2959::105387::Non-stricture","Plasma::IgA plasma",6,"SCP2959","105387","SCP2959::105387","Non-stricture",6695,1,0.000896191187453323,FALSE,"low_cell_count"
"SCP2959::105387::Non-stricture","Plasma::IgG plasma",0,"SCP2959","105387","SCP2959::105387","Non-stricture",6695,1,0,FALSE,"absent_zero_cells"
"SCP2959::105387::Non-stricture","Plasma::Transitional B",0,"SCP2959","105387","SCP2959::105387","Non-stricture",6695,1,0,FALSE,"absent_zero_cells"
"SCP2959::105387::Non-stricture","T_NK",59,"SCP2959","105387","SCP2959::105387","Non-stricture",6695,1,0.00881254667662435,TRUE,"adequate_cell_count"
"SCP2959::105387::Stricture","B_cell::ActB3",1,"SCP2959","105387","SCP2959::105387","Stricture",5649,1,0.000177022481855196,FALSE,"low_cell_count"
"SCP2959::105387::Stricture","B_cell::CSM",3,"SCP2959","105387","SCP2959::105387","Stricture",5649,1,0.000531067445565587,FALSE,"low_cell_count"
"SCP2959::105387::Stricture","B_cell::Centroblast B",0,"SCP2959","105387","SCP2959::105387","Stricture",5649,1,0,FALSE,"absent_zero_cells"
"SCP2959::105387::Stricture","B_cell::Centrocyte B",0,"SCP2959","105387","SCP2959::105387","Stricture",5649,1,0,FALSE,"absent_zero_cells"
"SCP2959::105387::Stricture","B_cell::DN2",0,"SCP2959","105387","SCP2959::105387","Stricture",5649,1,0,FALSE,"absent_zero_cells"
"SCP2959::105387::Stricture","B_cell::IgM-only",0,"SCP2959","105387","SCP2959::105387","Stricture",5649,1,0,FALSE,"absent_zero_cells"
"SCP2959::105387::Stricture","B_cell::MZ",0,"SCP2959","105387","SCP2959::105387","Stricture",5649,1,0,FALSE,"absent_zero_cells"
"SCP2959::105387::Stricture","B_cell::Naïve B",0,"SCP2959","105387","SCP2959::105387","Stricture",5649,1,0,FALSE,"absent_zero_cells"
"SCP2959::105387::Stricture","Endothelial",14,"SCP2959","105387","SCP2959::105387","Stricture",5649,1,0.00247831474597274,FALSE,"low_cell_count"
"SCP2959::105387::Stricture","Epithelial",5464,"SCP2959","105387","SCP2959::105387","Stricture",5649,1,0.967250840856789,TRUE,"adequate_cell_count"
"SCP2959::105387::Stricture","Mast",5,"SCP2959","105387","SCP2959::105387","Stricture",5649,1,0.000885112409275978,FALSE,"low_cell_count"
"SCP2959::105387::Stricture","Mesenchymal_stromal",0,"SCP2959","105387","SCP2959::105387","Stricture",5649,1,0,FALSE,"absent_zero_cells"
"SCP2959::105387::Stricture","Myeloid",51,"SCP2959","105387","SCP2959::105387","Stricture",5649,1,0.00902814657461498,TRUE,"adequate_cell_count"
"SCP2959::105387::Stricture","Plasma::Activated plasma",3,"SCP2959","105387","SCP2959::105387","Stricture",5649,1,0.000531067445565587,FALSE,"low_cell_count"
"SCP2959::105387::Stricture","Plasma::IgA plasma",5,"SCP2959","105387","SCP2959::105387","Stricture",5649,1,0.000885112409275978,FALSE,"low_cell_count"
"SCP2959::105387::Stricture","Plasma::IgG plasma",0,"SCP2959","105387","SCP2959::105387","Stricture",5649,1,0,FALSE,"absent_zero_cells"
"SCP2959::105387::Stricture","Plasma::Transitional B",0,"SCP2959","105387","SCP2959::105387","Stricture",5649,1,0,FALSE,"absent_zero_cells"
"SCP2959::105387::Stricture","T_NK",103,"SCP2959","105387","SCP2959::105387","Stricture",5649,1,0.0182333156310852,TRUE,"adequate_cell_count"
"SCP2959::105446::Stricture","B_cell::ActB3",1,"SCP2959","105446","SCP2959::105446","Stricture",561,1,0.0017825311942959,FALSE,"low_cell_count"
"SCP2959::105446::Stricture","B_cell::CSM",9,"SCP2959","105446","SCP2959::105446","Stricture",561,1,0.0160427807486631,FALSE,"low_cell_count"
"SCP2959::105446::Stricture","B_cell::Centroblast B",0,"SCP2959","105446","SCP2959::105446","Stricture",561,1,0,FALSE,"absent_zero_cells"
"SCP2959::105446::Stricture","B_cell::Centrocyte B",0,"SCP2959","105446","SCP2959::105446","Stricture",561,1,0,FALSE,"absent_zero_cells"
"SCP2959::105446::Stricture","B_cell::DN2",4,"SCP2959","105446","SCP2959::105446","Stricture",561,1,0.0071301247771836,FALSE,"low_cell_count"
"SCP2959::105446::Stricture","B_cell::IgM-only",0,"SCP2959","105446","SCP2959::105446","Stricture",561,1,0,FALSE,"absent_zero_cells"
"SCP2959::105446::Stricture","B_cell::MZ",0,"SCP2959","105446","SCP2959::105446","Stricture",561,1,0,FALSE,"absent_zero_cells"
"SCP2959::105446::Stricture","B_cell::Naïve B",3,"SCP2959","105446","SCP2959::105446","Stricture",561,1,0.0053475935828877,FALSE,"low_cell_count"
"SCP2959::105446::Stricture","Endothelial",14,"SCP2959","105446","SCP2959::105446","Stricture",561,1,0.0249554367201426,FALSE,"low_cell_count"
"SCP2959::105446::Stricture","Epithelial",5,"SCP2959","105446","SCP2959::105446","Stricture",561,1,0.0089126559714795,FALSE,"low_cell_count"
"SCP2959::105446::Stricture","Mast",71,"SCP2959","105446","SCP2959::105446","Stricture",561,1,0.126559714795009,TRUE,"adequate_cell_count"
"SCP2959::105446::Stricture","Mesenchymal_stromal",75,"SCP2959","105446","SCP2959::105446","Stricture",561,1,0.133689839572193,TRUE,"adequate_cell_count"
"SCP2959::105446::Stricture","Myeloid",65,"SCP2959","105446","SCP2959::105446","Stricture",561,1,0.115864527629234,TRUE,"adequate_cell_count"
"SCP2959::105446::Stricture","Plasma::Activated plasma",36,"SCP2959","105446","SCP2959::105446","Stricture",561,1,0.0641711229946524,TRUE,"adequate_cell_count"
"SCP2959::105446::Stricture","Plasma::IgA plasma",44,"SCP2959","105446","SCP2959::105446","Stricture",561,1,0.0784313725490196,TRUE,"adequate_cell_count"
"SCP2959::105446::Stricture","Plasma::IgG plasma",4,"SCP2959","105446","SCP2959::105446","Stricture",561,1,0.0071301247771836,FALSE,"low_cell_count"
"SCP2959::105446::Stricture","Plasma::Transitional B",0,"SCP2959","105446","SCP2959::105446","Stricture",561,1,0,FALSE,"absent_zero_cells"
"SCP2959::105446::Stricture","T_NK",230,"SCP2959","105446","SCP2959::105446","Stricture",561,1,0.409982174688057,TRUE,"adequate_cell_count"
"SCP2959::105569::Non-stricture","B_cell::ActB3",4,"SCP2959","105569","SCP2959::105569","Non-stricture",3285,1,0.00121765601217656,FALSE,"low_cell_count"
"SCP2959::105569::Non-stricture","B_cell::CSM",27,"SCP2959","105569","SCP2959::105569","Non-stricture",3285,1,0.00821917808219178,TRUE,"adequate_cell_count"
"SCP2959::105569::Non-stricture","B_cell::Centroblast B",4,"SCP2959","105569","SCP2959::105569","Non-stricture",3285,1,0.00121765601217656,FALSE,"low_cell_count"
"SCP2959::105569::Non-stricture","B_cell::Centrocyte B",0,"SCP2959","105569","SCP2959::105569","Non-stricture",3285,1,0,FALSE,"absent_zero_cells"
"SCP2959::105569::Non-stricture","B_cell::DN2",6,"SCP2959","105569","SCP2959::105569","Non-stricture",3285,1,0.00182648401826484,FALSE,"low_cell_count"
"SCP2959::105569::Non-stricture","B_cell::IgM-only",3,"SCP2959","105569","SCP2959::105569","Non-stricture",3285,1,0.00091324200913242,FALSE,"low_cell_count"
"SCP2959::105569::Non-stricture","B_cell::MZ",2,"SCP2959","105569","SCP2959::105569","Non-stricture",3285,1,0.00060882800608828,FALSE,"low_cell_count"
"SCP2959::105569::Non-stricture","B_cell::Naïve B",16,"SCP2959","105569","SCP2959::105569","Non-stricture",3285,1,0.00487062404870624,FALSE,"low_cell_count"
"SCP2959::105569::Non-stricture","Endothelial",10,"SCP2959","105569","SCP2959::105569","Non-stricture",3285,1,0.0030441400304414,FALSE,"low_cell_count"
"SCP2959::105569::Non-stricture","Epithelial",561,"SCP2959","105569","SCP2959::105569","Non-stricture",3285,1,0.170776255707763,TRUE,"adequate_cell_count"
"SCP2959::105569::Non-stricture","Mast",5,"SCP2959","105569","SCP2959::105569","Non-stricture",3285,1,0.0015220700152207,FALSE,"low_cell_count"
"SCP2959::105569::Non-stricture","Mesenchymal_stromal",5,"SCP2959","105569","SCP2959::105569","Non-stricture",3285,1,0.0015220700152207,FALSE,"low_cell_count"
"SCP2959::105569::Non-stricture","Myeloid",2341,"SCP2959","105569","SCP2959::105569","Non-stricture",3285,1,0.712633181126332,TRUE,"adequate_cell_count"
"SCP2959::105569::Non-stricture","Plasma::Activated plasma",0,"SCP2959","105569","SCP2959::105569","Non-stricture",3285,1,0,FALSE,"absent_zero_cells"
"SCP2959::105569::Non-stricture","Plasma::IgA plasma",10,"SCP2959","105569","SCP2959::105569","Non-stricture",3285,1,0.0030441400304414,FALSE,"low_cell_count"
"SCP2959::105569::Non-stricture","Plasma::IgG plasma",10,"SCP2959","105569","SCP2959::105569","Non-stricture",3285,1,0.0030441400304414,FALSE,"low_cell_count"
"SCP2959::105569::Non-stricture","Plasma::Transitional B",0,"SCP2959","105569","SCP2959::105569","Non-stricture",3285,1,0,FALSE,"absent_zero_cells"
"SCP2959::105569::Non-stricture","T_NK",281,"SCP2959","105569","SCP2959::105569","Non-stricture",3285,1,0.0855403348554034,TRUE,"adequate_cell_count"
"SCP2959::105569::Stricture","B_cell::ActB3",28,"SCP2959","105569","SCP2959::105569","Stricture",4178,1,0.00670177118238392,TRUE,"adequate_cell_count"
"SCP2959::105569::Stricture","B_cell::CSM",55,"SCP2959","105569","SCP2959::105569","Stricture",4178,1,0.0131641933939684,TRUE,"adequate_cell_count"
"SCP2959::105569::Stricture","B_cell::Centroblast B",10,"SCP2959","105569","SCP2959::105569","Stricture",4178,1,0.00239348970799426,FALSE,"low_cell_count"
"SCP2959::105569::Stricture","B_cell::Centrocyte B",0,"SCP2959","105569","SCP2959::105569","Stricture",4178,1,0,FALSE,"absent_zero_cells"
"SCP2959::105569::Stricture","B_cell::DN2",17,"SCP2959","105569","SCP2959::105569","Stricture",4178,1,0.00406893250359023,FALSE,"low_cell_count"
"SCP2959::105569::Stricture","B_cell::IgM-only",19,"SCP2959","105569","SCP2959::105569","Stricture",4178,1,0.00454763044518909,FALSE,"low_cell_count"
"SCP2959::105569::Stricture","B_cell::MZ",6,"SCP2959","105569","SCP2959::105569","Stricture",4178,1,0.00143609382479655,FALSE,"low_cell_count"
"SCP2959::105569::Stricture","B_cell::Naïve B",112,"SCP2959","105569","SCP2959::105569","Stricture",4178,1,0.0268070847295357,TRUE,"adequate_cell_count"
"SCP2959::105569::Stricture","Endothelial",15,"SCP2959","105569","SCP2959::105569","Stricture",4178,1,0.00359023456199138,FALSE,"low_cell_count"
"SCP2959::105569::Stricture","Epithelial",1341,"SCP2959","105569","SCP2959::105569","Stricture",4178,1,0.32096696984203,TRUE,"adequate_cell_count"
"SCP2959::105569::Stricture","Mast",32,"SCP2959","105569","SCP2959::105569","Stricture",4178,1,0.00765916706558162,TRUE,"adequate_cell_count"
"SCP2959::105569::Stricture","Mesenchymal_stromal",26,"SCP2959","105569","SCP2959::105569","Stricture",4178,1,0.00622307324078506,TRUE,"adequate_cell_count"
"SCP2959::105569::Stricture","Myeloid",1321,"SCP2959","105569","SCP2959::105569","Stricture",4178,1,0.316179990426041,TRUE,"adequate_cell_count"
"SCP2959::105569::Stricture","Plasma::Activated plasma",30,"SCP2959","105569","SCP2959::105569","Stricture",4178,1,0.00718046912398277,TRUE,"adequate_cell_count"
"SCP2959::105569::Stricture","Plasma::IgA plasma",85,"SCP2959","105569","SCP2959::105569","Stricture",4178,1,0.0203446625179512,TRUE,"adequate_cell_count"
"SCP2959::105569::Stricture","Plasma::IgG plasma",50,"SCP2959","105569","SCP2959::105569","Stricture",4178,1,0.0119674485399713,TRUE,"adequate_cell_count"
"SCP2959::105569::Stricture","Plasma::Transitional B",0,"SCP2959","105569","SCP2959::105569","Stricture",4178,1,0,FALSE,"absent_zero_cells"
"SCP2959::105569::Stricture","T_NK",1031,"SCP2959","105569","SCP2959::105569","Stricture",4178,1,0.246768788894208,TRUE,"adequate_cell_count"
"SCP2959::110201::Non-stricture","B_cell::ActB3",0,"SCP2959","110201","SCP2959::110201","Non-stricture",4199,1,0,FALSE,"absent_zero_cells"
"SCP2959::110201::Non-stricture","B_cell::CSM",1,"SCP2959","110201","SCP2959::110201","Non-stricture",4199,1,0.000238151940938319,FALSE,"low_cell_count"
"SCP2959::110201::Non-stricture","B_cell::Centroblast B",0,"SCP2959","110201","SCP2959::110201","Non-stricture",4199,1,0,FALSE,"absent_zero_cells"
"SCP2959::110201::Non-stricture","B_cell::Centrocyte B",0,"SCP2959","110201","SCP2959::110201","Non-stricture",4199,1,0,FALSE,"absent_zero_cells"
"SCP2959::110201::Non-stricture","B_cell::DN2",0,"SCP2959","110201","SCP2959::110201","Non-stricture",4199,1,0,FALSE,"absent_zero_cells"
"SCP2959::110201::Non-stricture","B_cell::IgM-only",0,"SCP2959","110201","SCP2959::110201","Non-stricture",4199,1,0,FALSE,"absent_zero_cells"
"SCP2959::110201::Non-stricture","B_cell::MZ",0,"SCP2959","110201","SCP2959::110201","Non-stricture",4199,1,0,FALSE,"absent_zero_cells"
"SCP2959::110201::Non-stricture","B_cell::Naïve B",0,"SCP2959","110201","SCP2959::110201","Non-stricture",4199,1,0,FALSE,"absent_zero_cells"
"SCP2959::110201::Non-stricture","Endothelial",0,"SCP2959","110201","SCP2959::110201","Non-stricture",4199,1,0,FALSE,"absent_zero_cells"
"SCP2959::110201::Non-stricture","Epithelial",4043,"SCP2959","110201","SCP2959::110201","Non-stricture",4199,1,0.962848297213622,TRUE,"adequate_cell_count"
"SCP2959::110201::Non-stricture","Mast",0,"SCP2959","110201","SCP2959::110201","Non-stricture",4199,1,0,FALSE,"absent_zero_cells"
"SCP2959::110201::Non-stricture","Mesenchymal_stromal",3,"SCP2959","110201","SCP2959::110201","Non-stricture",4199,1,0.000714455822814956,FALSE,"low_cell_count"
"SCP2959::110201::Non-stricture","Myeloid",44,"SCP2959","110201","SCP2959::110201","Non-stricture",4199,1,0.010478685401286,TRUE,"adequate_cell_count"
"SCP2959::110201::Non-stricture","Plasma::Activated plasma",0,"SCP2959","110201","SCP2959::110201","Non-stricture",4199,1,0,FALSE,"absent_zero_cells"
"SCP2959::110201::Non-stricture","Plasma::IgA plasma",0,"SCP2959","110201","SCP2959::110201","Non-stricture",4199,1,0,FALSE,"absent_zero_cells"
"SCP2959::110201::Non-stricture","Plasma::IgG plasma",0,"SCP2959","110201","SCP2959::110201","Non-stricture",4199,1,0,FALSE,"absent_zero_cells"
"SCP2959::110201::Non-stricture","Plasma::Transitional B",0,"SCP2959","110201","SCP2959::110201","Non-stricture",4199,1,0,FALSE,"absent_zero_cells"
"SCP2959::110201::Non-stricture","T_NK",108,"SCP2959","110201","SCP2959::110201","Non-stricture",4199,1,0.0257204096213384,TRUE,"adequate_cell_count"
"SCP2959::110201::Stricture","B_cell::ActB3",0,"SCP2959","110201","SCP2959::110201","Stricture",6872,1,0,FALSE,"absent_zero_cells"
"SCP2959::110201::Stricture","B_cell::CSM",0,"SCP2959","110201","SCP2959::110201","Stricture",6872,1,0,FALSE,"absent_zero_cells"
"SCP2959::110201::Stricture","B_cell::Centroblast B",0,"SCP2959","110201","SCP2959::110201","Stricture",6872,1,0,FALSE,"absent_zero_cells"
"SCP2959::110201::Stricture","B_cell::Centrocyte B",0,"SCP2959","110201","SCP2959::110201","Stricture",6872,1,0,FALSE,"absent_zero_cells"
"SCP2959::110201::Stricture","B_cell::DN2",0,"SCP2959","110201","SCP2959::110201","Stricture",6872,1,0,FALSE,"absent_zero_cells"
"SCP2959::110201::Stricture","B_cell::IgM-only",0,"SCP2959","110201","SCP2959::110201","Stricture",6872,1,0,FALSE,"absent_zero_cells"
"SCP2959::110201::Stricture","B_cell::MZ",0,"SCP2959","110201","SCP2959::110201","Stricture",6872,1,0,FALSE,"absent_zero_cells"
"SCP2959::110201::Stricture","B_cell::Naïve B",0,"SCP2959","110201","SCP2959::110201","Stricture",6872,1,0,FALSE,"absent_zero_cells"
"SCP2959::110201::Stricture","Endothelial",0,"SCP2959","110201","SCP2959::110201","Stricture",6872,1,0,FALSE,"absent_zero_cells"
"SCP2959::110201::Stricture","Epithelial",6769,"SCP2959","110201","SCP2959::110201","Stricture",6872,1,0.985011641443539,TRUE,"adequate_cell_count"
"SCP2959::110201::Stricture","Mast",0,"SCP2959","110201","SCP2959::110201","Stricture",6872,1,0,FALSE,"absent_zero_cells"
"SCP2959::110201::Stricture","Mesenchymal_stromal",4,"SCP2959","110201","SCP2959::110201","Stricture",6872,1,0.000582072176949942,FALSE,"low_cell_count"
"SCP2959::110201::Stricture","Myeloid",53,"SCP2959","110201","SCP2959::110201","Stricture",6872,1,0.00771245634458673,TRUE,"adequate_cell_count"
"SCP2959::110201::Stricture","Plasma::Activated plasma",7,"SCP2959","110201","SCP2959::110201","Stricture",6872,1,0.0010186263096624,FALSE,"low_cell_count"
"SCP2959::110201::Stricture","Plasma::IgA plasma",23,"SCP2959","110201","SCP2959::110201","Stricture",6872,1,0.00334691501746217,TRUE,"adequate_cell_count"
"SCP2959::110201::Stricture","Plasma::IgG plasma",3,"SCP2959","110201","SCP2959::110201","Stricture",6872,1,0.000436554132712456,FALSE,"low_cell_count"
"SCP2959::110201::Stricture","Plasma::Transitional B",0,"SCP2959","110201","SCP2959::110201","Stricture",6872,1,0,FALSE,"absent_zero_cells"
"SCP2959::110201::Stricture","T_NK",13,"SCP2959","110201","SCP2959::110201","Stricture",6872,1,0.00189173457508731,FALSE,"low_cell_count"
"SCP2959::1107081::Control","B_cell::ActB3",0,"SCP2959","1107081","SCP2959::1107081","Control",1642,1,0,FALSE,"absent_zero_cells"
"SCP2959::1107081::Control","B_cell::CSM",0,"SCP2959","1107081","SCP2959::1107081","Control",1642,1,0,FALSE,"absent_zero_cells"
"SCP2959::1107081::Control","B_cell::Centroblast B",0,"SCP2959","1107081","SCP2959::1107081","Control",1642,1,0,FALSE,"absent_zero_cells"
"SCP2959::1107081::Control","B_cell::Centrocyte B",0,"SCP2959","1107081","SCP2959::1107081","Control",1642,1,0,FALSE,"absent_zero_cells"
"SCP2959::1107081::Control","B_cell::DN2",0,"SCP2959","1107081","SCP2959::1107081","Control",1642,1,0,FALSE,"absent_zero_cells"
"SCP2959::1107081::Control","B_cell::IgM-only",0,"SCP2959","1107081","SCP2959::1107081","Control",1642,1,0,FALSE,"absent_zero_cells"
"SCP2959::1107081::Control","B_cell::MZ",0,"SCP2959","1107081","SCP2959::1107081","Control",1642,1,0,FALSE,"absent_zero_cells"
"SCP2959::1107081::Control","B_cell::Naïve B",0,"SCP2959","1107081","SCP2959::1107081","Control",1642,1,0,FALSE,"absent_zero_cells"
"SCP2959::1107081::Control","Endothelial",0,"SCP2959","1107081","SCP2959::1107081","Control",1642,1,0,FALSE,"absent_zero_cells"
"SCP2959::1107081::Control","Epithelial",1209,"SCP2959","1107081","SCP2959::1107081","Control",1642,1,0.736297198538368,TRUE,"adequate_cell_count"
"SCP2959::1107081::Control","Mast",0,"SCP2959","1107081","SCP2959::1107081","Control",1642,1,0,FALSE,"absent_zero_cells"
"SCP2959::1107081::Control","Mesenchymal_stromal",0,"SCP2959","1107081","SCP2959::1107081","Control",1642,1,0,FALSE,"absent_zero_cells"
"SCP2959::1107081::Control","Myeloid",16,"SCP2959","1107081","SCP2959::1107081","Control",1642,1,0.0097442143727162,FALSE,"low_cell_count"
"SCP2959::1107081::Control","Plasma::Activated plasma",0,"SCP2959","1107081","SCP2959::1107081","Control",1642,1,0,FALSE,"absent_zero_cells"
"SCP2959::1107081::Control","Plasma::IgA plasma",0,"SCP2959","1107081","SCP2959::1107081","Control",1642,1,0,FALSE,"absent_zero_cells"
"SCP2959::1107081::Control","Plasma::IgG plasma",0,"SCP2959","1107081","SCP2959::1107081","Control",1642,1,0,FALSE,"absent_zero_cells"
"SCP2959::1107081::Control","Plasma::Transitional B",0,"SCP2959","1107081","SCP2959::1107081","Control",1642,1,0,FALSE,"absent_zero_cells"
"SCP2959::1107081::Control","T_NK",417,"SCP2959","1107081","SCP2959::1107081","Control",1642,1,0.253958587088916,TRUE,"adequate_cell_count"
"SCP2959::110748::Non-stricture","B_cell::ActB3",3,"SCP2959","110748","SCP2959::110748","Non-stricture",8463,1,0.000354484225451967,FALSE,"low_cell_count"
"SCP2959::110748::Non-stricture","B_cell::CSM",107,"SCP2959","110748","SCP2959::110748","Non-stricture",8463,1,0.0126432707077868,TRUE,"adequate_cell_count"
"SCP2959::110748::Non-stricture","B_cell::Centroblast B",1,"SCP2959","110748","SCP2959::110748","Non-stricture",8463,1,0.000118161408483989,FALSE,"low_cell_count"
"SCP2959::110748::Non-stricture","B_cell::Centrocyte B",0,"SCP2959","110748","SCP2959::110748","Non-stricture",8463,1,0,FALSE,"absent_zero_cells"
"SCP2959::110748::Non-stricture","B_cell::DN2",5,"SCP2959","110748","SCP2959::110748","Non-stricture",8463,1,0.000590807042419946,FALSE,"low_cell_count"
"SCP2959::110748::Non-stricture","B_cell::IgM-only",4,"SCP2959","110748","SCP2959::110748","Non-stricture",8463,1,0.000472645633935957,FALSE,"low_cell_count"
"SCP2959::110748::Non-stricture","B_cell::MZ",1,"SCP2959","110748","SCP2959::110748","Non-stricture",8463,1,0.000118161408483989,FALSE,"low_cell_count"
"SCP2959::110748::Non-stricture","B_cell::Naïve B",11,"SCP2959","110748","SCP2959::110748","Non-stricture",8463,1,0.00129977549332388,FALSE,"low_cell_count"
"SCP2959::110748::Non-stricture","Endothelial",260,"SCP2959","110748","SCP2959::110748","Non-stricture",8463,1,0.0307219662058372,TRUE,"adequate_cell_count"
"SCP2959::110748::Non-stricture","Epithelial",5812,"SCP2959","110748","SCP2959::110748","Non-stricture",8463,1,0.686754106108945,TRUE,"adequate_cell_count"
"SCP2959::110748::Non-stricture","Mast",26,"SCP2959","110748","SCP2959::110748","Non-stricture",8463,1,0.00307219662058372,TRUE,"adequate_cell_count"
"SCP2959::110748::Non-stricture","Mesenchymal_stromal",531,"SCP2959","110748","SCP2959::110748","Non-stricture",8463,1,0.0627437079049982,TRUE,"adequate_cell_count"
"SCP2959::110748::Non-stricture","Myeloid",372,"SCP2959","110748","SCP2959::110748","Non-stricture",8463,1,0.043956043956044,TRUE,"adequate_cell_count"
"SCP2959::110748::Non-stricture","Plasma::Activated plasma",47,"SCP2959","110748","SCP2959::110748","Non-stricture",8463,1,0.00555358619874749,TRUE,"adequate_cell_count"
"SCP2959::110748::Non-stricture","Plasma::IgA plasma",511,"SCP2959","110748","SCP2959::110748","Non-stricture",8463,1,0.0603804797353184,TRUE,"adequate_cell_count"
"SCP2959::110748::Non-stricture","Plasma::IgG plasma",103,"SCP2959","110748","SCP2959::110748","Non-stricture",8463,1,0.0121706250738509,TRUE,"adequate_cell_count"
"SCP2959::110748::Non-stricture","Plasma::Transitional B",1,"SCP2959","110748","SCP2959::110748","Non-stricture",8463,1,0.000118161408483989,FALSE,"low_cell_count"
"SCP2959::110748::Non-stricture","T_NK",668,"SCP2959","110748","SCP2959::110748","Non-stricture",8463,1,0.0789318208673047,TRUE,"adequate_cell_count"
"SCP2959::110748::Stricture","B_cell::ActB3",274,"SCP2959","110748","SCP2959::110748","Stricture",19068,1,0.0143696245017831,TRUE,"adequate_cell_count"
"SCP2959::110748::Stricture","B_cell::CSM",1401,"SCP2959","110748","SCP2959::110748","Stricture",19068,1,0.0734738829452486,TRUE,"adequate_cell_count"
"SCP2959::110748::Stricture","B_cell::Centroblast B",563,"SCP2959","110748","SCP2959::110748","Stricture",19068,1,0.0295259072792112,TRUE,"adequate_cell_count"
"SCP2959::110748::Stricture","B_cell::Centrocyte B",276,"SCP2959","110748","SCP2959::110748","Stricture",19068,1,0.0144745122718691,TRUE,"adequate_cell_count"
"SCP2959::110748::Stricture","B_cell::DN2",182,"SCP2959","110748","SCP2959::110748","Stricture",19068,1,0.00954478707782673,TRUE,"adequate_cell_count"
"SCP2959::110748::Stricture","B_cell::IgM-only",577,"SCP2959","110748","SCP2959::110748","Stricture",19068,1,0.0302601216698133,TRUE,"adequate_cell_count"
"SCP2959::110748::Stricture","B_cell::MZ",240,"SCP2959","110748","SCP2959::110748","Stricture",19068,1,0.012586532410321,TRUE,"adequate_cell_count"
"SCP2959::110748::Stricture","B_cell::Naïve B",2451,"SCP2959","110748","SCP2959::110748","Stricture",19068,1,0.128539962240403,TRUE,"adequate_cell_count"
"SCP2959::110748::Stricture","Endothelial",65,"SCP2959","110748","SCP2959::110748","Stricture",19068,1,0.00340885252779526,TRUE,"adequate_cell_count"
"SCP2959::110748::Stricture","Epithelial",4562,"SCP2959","110748","SCP2959::110748","Stricture",19068,1,0.239249003566184,TRUE,"adequate_cell_count"
"SCP2959::110748::Stricture","Mast",23,"SCP2959","110748","SCP2959::110748","Stricture",19068,1,0.00120620935598909,TRUE,"adequate_cell_count"
"SCP2959::110748::Stricture","Mesenchymal_stromal",117,"SCP2959","110748","SCP2959::110748","Stricture",19068,1,0.00613593455003147,TRUE,"adequate_cell_count"
"SCP2959::110748::Stricture","Myeloid",1090,"SCP2959","110748","SCP2959::110748","Stricture",19068,1,0.0571638346968743,TRUE,"adequate_cell_count"
"SCP2959::110748::Stricture","Plasma::Activated plasma",39,"SCP2959","110748","SCP2959::110748","Stricture",19068,1,0.00204531151667716,TRUE,"adequate_cell_count"
"SCP2959::110748::Stricture","Plasma::IgA plasma",73,"SCP2959","110748","SCP2959::110748","Stricture",19068,1,0.00382840360813929,TRUE,"adequate_cell_count"
"SCP2959::110748::Stricture","Plasma::IgG plasma",472,"SCP2959","110748","SCP2959::110748","Stricture",19068,1,0.0247535137402979,TRUE,"adequate_cell_count"
"SCP2959::110748::Stricture","Plasma::Transitional B",47,"SCP2959","110748","SCP2959::110748","Stricture",19068,1,0.00246486259702119,TRUE,"adequate_cell_count"
"SCP2959::110748::Stricture","T_NK",6616,"SCP2959","110748","SCP2959::110748","Stricture",19068,1,0.346968743444514,TRUE,"adequate_cell_count"
"SCP2959::110763::Control","B_cell::ActB3",184,"SCP2959","110763","SCP2959::110763","Control",5348,1,0.0344053851907255,TRUE,"adequate_cell_count"
"SCP2959::110763::Control","B_cell::CSM",176,"SCP2959","110763","SCP2959::110763","Control",5348,1,0.0329094988780853,TRUE,"adequate_cell_count"
"SCP2959::110763::Control","B_cell::Centroblast B",133,"SCP2959","110763","SCP2959::110763","Control",5348,1,0.024869109947644,TRUE,"adequate_cell_count"
"SCP2959::110763::Control","B_cell::Centrocyte B",66,"SCP2959","110763","SCP2959::110763","Control",5348,1,0.012341062079282,TRUE,"adequate_cell_count"
"SCP2959::110763::Control","B_cell::DN2",5,"SCP2959","110763","SCP2959::110763","Control",5348,1,0.000934928945400149,FALSE,"low_cell_count"
"SCP2959::110763::Control","B_cell::IgM-only",1,"SCP2959","110763","SCP2959::110763","Control",5348,1,0.00018698578908003,FALSE,"low_cell_count"
"SCP2959::110763::Control","B_cell::MZ",8,"SCP2959","110763","SCP2959::110763","Control",5348,1,0.00149588631264024,FALSE,"low_cell_count"
"SCP2959::110763::Control","B_cell::Naïve B",272,"SCP2959","110763","SCP2959::110763","Control",5348,1,0.0508601346297681,TRUE,"adequate_cell_count"
"SCP2959::110763::Control","Endothelial",119,"SCP2959","110763","SCP2959::110763","Control",5348,1,0.0222513089005236,TRUE,"adequate_cell_count"
"SCP2959::110763::Control","Epithelial",3015,"SCP2959","110763","SCP2959::110763","Control",5348,1,0.56376215407629,TRUE,"adequate_cell_count"
"SCP2959::110763::Control","Mast",97,"SCP2959","110763","SCP2959::110763","Control",5348,1,0.0181376215407629,TRUE,"adequate_cell_count"
"SCP2959::110763::Control","Mesenchymal_stromal",180,"SCP2959","110763","SCP2959::110763","Control",5348,1,0.0336574420344054,TRUE,"adequate_cell_count"
"SCP2959::110763::Control","Myeloid",169,"SCP2959","110763","SCP2959::110763","Control",5348,1,0.0316005983545251,TRUE,"adequate_cell_count"
"SCP2959::110763::Control","Plasma::Activated plasma",98,"SCP2959","110763","SCP2959::110763","Control",5348,1,0.0183246073298429,TRUE,"adequate_cell_count"
"SCP2959::110763::Control","Plasma::IgA plasma",597,"SCP2959","110763","SCP2959::110763","Control",5348,1,0.111630516080778,TRUE,"adequate_cell_count"
"SCP2959::110763::Control","Plasma::IgG plasma",2,"SCP2959","110763","SCP2959::110763","Control",5348,1,0.00037397157816006,FALSE,"low_cell_count"
"SCP2959::110763::Control","Plasma::Transitional B",2,"SCP2959","110763","SCP2959::110763","Control",5348,1,0.00037397157816006,FALSE,"low_cell_count"
"SCP2959::110763::Control","T_NK",224,"SCP2959","110763","SCP2959::110763","Control",5348,1,0.0418848167539267,TRUE,"adequate_cell_count"
"SCP2959::1108107::Control","B_cell::ActB3",0,"SCP2959","1108107","SCP2959::1108107","Control",2493,1,0,FALSE,"absent_zero_cells"
"SCP2959::1108107::Control","B_cell::CSM",17,"SCP2959","1108107","SCP2959::1108107","Control",2493,1,0.00681909346169274,FALSE,"low_cell_count"
"SCP2959::1108107::Control","B_cell::Centroblast B",1,"SCP2959","1108107","SCP2959::1108107","Control",2493,1,0.000401123144805455,FALSE,"low_cell_count"
"SCP2959::1108107::Control","B_cell::Centrocyte B",1,"SCP2959","1108107","SCP2959::1108107","Control",2493,1,0.000401123144805455,FALSE,"low_cell_count"
"SCP2959::1108107::Control","B_cell::DN2",3,"SCP2959","1108107","SCP2959::1108107","Control",2493,1,0.00120336943441637,FALSE,"low_cell_count"
"SCP2959::1108107::Control","B_cell::IgM-only",0,"SCP2959","1108107","SCP2959::1108107","Control",2493,1,0,FALSE,"absent_zero_cells"
"SCP2959::1108107::Control","B_cell::MZ",1,"SCP2959","1108107","SCP2959::1108107","Control",2493,1,0.000401123144805455,FALSE,"low_cell_count"
"SCP2959::1108107::Control","B_cell::Naïve B",1,"SCP2959","1108107","SCP2959::1108107","Control",2493,1,0.000401123144805455,FALSE,"low_cell_count"
"SCP2959::1108107::Control","Endothelial",13,"SCP2959","1108107","SCP2959::1108107","Control",2493,1,0.00521460088247092,FALSE,"low_cell_count"
"SCP2959::1108107::Control","Epithelial",1335,"SCP2959","1108107","SCP2959::1108107","Control",2493,1,0.535499398315283,TRUE,"adequate_cell_count"
"SCP2959::1108107::Control","Mast",82,"SCP2959","1108107","SCP2959::1108107","Control",2493,1,0.0328920978740473,TRUE,"adequate_cell_count"
"SCP2959::1108107::Control","Mesenchymal_stromal",74,"SCP2959","1108107","SCP2959::1108107","Control",2493,1,0.0296831127156037,TRUE,"adequate_cell_count"
"SCP2959::1108107::Control","Myeloid",162,"SCP2959","1108107","SCP2959::1108107","Control",2493,1,0.0649819494584838,TRUE,"adequate_cell_count"
"SCP2959::1108107::Control","Plasma::Activated plasma",116,"SCP2959","1108107","SCP2959::1108107","Control",2493,1,0.0465302847974328,TRUE,"adequate_cell_count"
"SCP2959::1108107::Control","Plasma::IgA plasma",28,"SCP2959","1108107","SCP2959::1108107","Control",2493,1,0.0112314480545527,TRUE,"adequate_cell_count"
"SCP2959::1108107::Control","Plasma::IgG plasma",3,"SCP2959","1108107","SCP2959::1108107","Control",2493,1,0.00120336943441637,FALSE,"low_cell_count"
"SCP2959::1108107::Control","Plasma::Transitional B",0,"SCP2959","1108107","SCP2959::1108107","Control",2493,1,0,FALSE,"absent_zero_cells"
"SCP2959::1108107::Control","T_NK",656,"SCP2959","1108107","SCP2959::1108107","Control",2493,1,0.263136782992379,TRUE,"adequate_cell_count"
"SCP2959::1108108::Control","B_cell::ActB3",0,"SCP2959","1108108","SCP2959::1108108","Control",8019,1,0,FALSE,"absent_zero_cells"
"SCP2959::1108108::Control","B_cell::CSM",0,"SCP2959","1108108","SCP2959::1108108","Control",8019,1,0,FALSE,"absent_zero_cells"
"SCP2959::1108108::Control","B_cell::Centroblast B",0,"SCP2959","1108108","SCP2959::1108108","Control",8019,1,0,FALSE,"absent_zero_cells"
"SCP2959::1108108::Control","B_cell::Centrocyte B",0,"SCP2959","1108108","SCP2959::1108108","Control",8019,1,0,FALSE,"absent_zero_cells"
"SCP2959::1108108::Control","B_cell::DN2",0,"SCP2959","1108108","SCP2959::1108108","Control",8019,1,0,FALSE,"absent_zero_cells"
"SCP2959::1108108::Control","B_cell::IgM-only",0,"SCP2959","1108108","SCP2959::1108108","Control",8019,1,0,FALSE,"absent_zero_cells"
"SCP2959::1108108::Control","B_cell::MZ",0,"SCP2959","1108108","SCP2959::1108108","Control",8019,1,0,FALSE,"absent_zero_cells"
"SCP2959::1108108::Control","B_cell::Naïve B",0,"SCP2959","1108108","SCP2959::1108108","Control",8019,1,0,FALSE,"absent_zero_cells"
"SCP2959::1108108::Control","Endothelial",0,"SCP2959","1108108","SCP2959::1108108","Control",8019,1,0,FALSE,"absent_zero_cells"
"SCP2959::1108108::Control","Epithelial",7901,"SCP2959","1108108","SCP2959::1108108","Control",8019,1,0.985284948247911,TRUE,"adequate_cell_count"
"SCP2959::1108108::Control","Mast",1,"SCP2959","1108108","SCP2959::1108108","Control",8019,1,0.000124703828407532,FALSE,"low_cell_count"
"SCP2959::1108108::Control","Mesenchymal_stromal",0,"SCP2959","1108108","SCP2959::1108108","Control",8019,1,0,FALSE,"absent_zero_cells"
"SCP2959::1108108::Control","Myeloid",1,"SCP2959","1108108","SCP2959::1108108","Control",8019,1,0.000124703828407532,FALSE,"low_cell_count"
"SCP2959::1108108::Control","Plasma::Activated plasma",0,"SCP2959","1108108","SCP2959::1108108","Control",8019,1,0,FALSE,"absent_zero_cells"
"SCP2959::1108108::Control","Plasma::IgA plasma",0,"SCP2959","1108108","SCP2959::1108108","Control",8019,1,0,FALSE,"absent_zero_cells"
"SCP2959::1108108::Control","Plasma::IgG plasma",0,"SCP2959","1108108","SCP2959::1108108","Control",8019,1,0,FALSE,"absent_zero_cells"
"SCP2959::1108108::Control","Plasma::Transitional B",0,"SCP2959","1108108","SCP2959::1108108","Control",8019,1,0,FALSE,"absent_zero_cells"
"SCP2959::1108108::Control","T_NK",116,"SCP2959","1108108","SCP2959::1108108","Control",8019,1,0.0144656440952737,TRUE,"adequate_cell_count"
"SCP2959::1108121::Control","B_cell::ActB3",12,"SCP2959","1108121","SCP2959::1108121","Control",3576,1,0.00335570469798658,FALSE,"low_cell_count"
"SCP2959::1108121::Control","B_cell::CSM",455,"SCP2959","1108121","SCP2959::1108121","Control",3576,1,0.127237136465324,TRUE,"adequate_cell_count"
"SCP2959::1108121::Control","B_cell::Centroblast B",33,"SCP2959","1108121","SCP2959::1108121","Control",3576,1,0.00922818791946309,TRUE,"adequate_cell_count"
"SCP2959::1108121::Control","B_cell::Centrocyte B",34,"SCP2959","1108121","SCP2959::1108121","Control",3576,1,0.00950782997762864,TRUE,"adequate_cell_count"
"SCP2959::1108121::Control","B_cell::DN2",80,"SCP2959","1108121","SCP2959::1108121","Control",3576,1,0.0223713646532438,TRUE,"adequate_cell_count"
"SCP2959::1108121::Control","B_cell::IgM-only",61,"SCP2959","1108121","SCP2959::1108121","Control",3576,1,0.0170581655480984,TRUE,"adequate_cell_count"
"SCP2959::1108121::Control","B_cell::MZ",28,"SCP2959","1108121","SCP2959::1108121","Control",3576,1,0.00782997762863535,TRUE,"adequate_cell_count"
"SCP2959::1108121::Control","B_cell::Naïve B",122,"SCP2959","1108121","SCP2959::1108121","Control",3576,1,0.0341163310961969,TRUE,"adequate_cell_count"
"SCP2959::1108121::Control","Endothelial",56,"SCP2959","1108121","SCP2959::1108121","Control",3576,1,0.0156599552572707,TRUE,"adequate_cell_count"
"SCP2959::1108121::Control","Epithelial",586,"SCP2959","1108121","SCP2959::1108121","Control",3576,1,0.163870246085011,TRUE,"adequate_cell_count"
"SCP2959::1108121::Control","Mast",150,"SCP2959","1108121","SCP2959::1108121","Control",3576,1,0.0419463087248322,TRUE,"adequate_cell_count"
"SCP2959::1108121::Control","Mesenchymal_stromal",78,"SCP2959","1108121","SCP2959::1108121","Control",3576,1,0.0218120805369128,TRUE,"adequate_cell_count"
"SCP2959::1108121::Control","Myeloid",224,"SCP2959","1108121","SCP2959::1108121","Control",3576,1,0.0626398210290828,TRUE,"adequate_cell_count"
"SCP2959::1108121::Control","Plasma::Activated plasma",27,"SCP2959","1108121","SCP2959::1108121","Control",3576,1,0.0075503355704698,TRUE,"adequate_cell_count"
"SCP2959::1108121::Control","Plasma::IgA plasma",9,"SCP2959","1108121","SCP2959::1108121","Control",3576,1,0.00251677852348993,FALSE,"low_cell_count"
"SCP2959::1108121::Control","Plasma::IgG plasma",6,"SCP2959","1108121","SCP2959::1108121","Control",3576,1,0.00167785234899329,FALSE,"low_cell_count"
"SCP2959::1108121::Control","Plasma::Transitional B",0,"SCP2959","1108121","SCP2959::1108121","Control",3576,1,0,FALSE,"absent_zero_cells"
"SCP2959::1108121::Control","T_NK",1615,"SCP2959","1108121","SCP2959::1108121","Control",3576,1,0.45162192393736,TRUE,"adequate_cell_count"
"SCP2959::1108152::Control","B_cell::ActB3",0,"SCP2959","1108152","SCP2959::1108152","Control",403,1,0,FALSE,"absent_zero_cells"
"SCP2959::1108152::Control","B_cell::CSM",0,"SCP2959","1108152","SCP2959::1108152","Control",403,1,0,FALSE,"absent_zero_cells"
"SCP2959::1108152::Control","B_cell::Centroblast B",0,"SCP2959","1108152","SCP2959::1108152","Control",403,1,0,FALSE,"absent_zero_cells"
"SCP2959::1108152::Control","B_cell::Centrocyte B",0,"SCP2959","1108152","SCP2959::1108152","Control",403,1,0,FALSE,"absent_zero_cells"
"SCP2959::1108152::Control","B_cell::DN2",0,"SCP2959","1108152","SCP2959::1108152","Control",403,1,0,FALSE,"absent_zero_cells"
"SCP2959::1108152::Control","B_cell::IgM-only",0,"SCP2959","1108152","SCP2959::1108152","Control",403,1,0,FALSE,"absent_zero_cells"
"SCP2959::1108152::Control","B_cell::MZ",0,"SCP2959","1108152","SCP2959::1108152","Control",403,1,0,FALSE,"absent_zero_cells"
"SCP2959::1108152::Control","B_cell::Naïve B",0,"SCP2959","1108152","SCP2959::1108152","Control",403,1,0,FALSE,"absent_zero_cells"
"SCP2959::1108152::Control","Endothelial",0,"SCP2959","1108152","SCP2959::1108152","Control",403,1,0,FALSE,"absent_zero_cells"
"SCP2959::1108152::Control","Epithelial",309,"SCP2959","1108152","SCP2959::1108152","Control",403,1,0.766749379652605,TRUE,"adequate_cell_count"
"SCP2959::1108152::Control","Mast",4,"SCP2959","1108152","SCP2959::1108152","Control",403,1,0.00992555831265509,FALSE,"low_cell_count"
"SCP2959::1108152::Control","Mesenchymal_stromal",5,"SCP2959","1108152","SCP2959::1108152","Control",403,1,0.0124069478908189,FALSE,"low_cell_count"
"SCP2959::1108152::Control","Myeloid",17,"SCP2959","1108152","SCP2959::1108152","Control",403,1,0.0421836228287841,FALSE,"low_cell_count"
"SCP2959::1108152::Control","Plasma::Activated plasma",2,"SCP2959","1108152","SCP2959::1108152","Control",403,1,0.00496277915632754,FALSE,"low_cell_count"
"SCP2959::1108152::Control","Plasma::IgA plasma",3,"SCP2959","1108152","SCP2959::1108152","Control",403,1,0.00744416873449132,FALSE,"low_cell_count"
"SCP2959::1108152::Control","Plasma::IgG plasma",0,"SCP2959","1108152","SCP2959::1108152","Control",403,1,0,FALSE,"absent_zero_cells"
"SCP2959::1108152::Control","Plasma::Transitional B",0,"SCP2959","1108152","SCP2959::1108152","Control",403,1,0,FALSE,"absent_zero_cells"
"SCP2959::1108152::Control","T_NK",63,"SCP2959","1108152","SCP2959::1108152","Control",403,1,0.156327543424318,TRUE,"adequate_cell_count"
"SCP2959::1108156::Control","B_cell::ActB3",33,"SCP2959","1108156","SCP2959::1108156","Control",11881,1,0.00277754397777965,TRUE,"adequate_cell_count"
"SCP2959::1108156::Control","B_cell::CSM",556,"SCP2959","1108156","SCP2959::1108156","Control",11881,1,0.0467974076256208,TRUE,"adequate_cell_count"
"SCP2959::1108156::Control","B_cell::Centroblast B",5,"SCP2959","1108156","SCP2959::1108156","Control",11881,1,0.00042083999663328,FALSE,"low_cell_count"
"SCP2959::1108156::Control","B_cell::Centrocyte B",2,"SCP2959","1108156","SCP2959::1108156","Control",11881,1,0.000168335998653312,FALSE,"low_cell_count"
"SCP2959::1108156::Control","B_cell::DN2",19,"SCP2959","1108156","SCP2959::1108156","Control",11881,1,0.00159919198720646,FALSE,"low_cell_count"
"SCP2959::1108156::Control","B_cell::IgM-only",10,"SCP2959","1108156","SCP2959::1108156","Control",11881,1,0.00084167999326656,FALSE,"low_cell_count"
"SCP2959::1108156::Control","B_cell::MZ",13,"SCP2959","1108156","SCP2959::1108156","Control",11881,1,0.00109418399124653,FALSE,"low_cell_count"
"SCP2959::1108156::Control","B_cell::Naïve B",47,"SCP2959","1108156","SCP2959::1108156","Control",11881,1,0.00395589596835283,TRUE,"adequate_cell_count"
"SCP2959::1108156::Control","Endothelial",33,"SCP2959","1108156","SCP2959::1108156","Control",11881,1,0.00277754397777965,TRUE,"adequate_cell_count"
"SCP2959::1108156::Control","Epithelial",10170,"SCP2959","1108156","SCP2959::1108156","Control",11881,1,0.855988553152092,TRUE,"adequate_cell_count"
"SCP2959::1108156::Control","Mast",37,"SCP2959","1108156","SCP2959::1108156","Control",11881,1,0.00311421597508627,TRUE,"adequate_cell_count"
"SCP2959::1108156::Control","Mesenchymal_stromal",90,"SCP2959","1108156","SCP2959::1108156","Control",11881,1,0.00757511993939904,TRUE,"adequate_cell_count"
"SCP2959::1108156::Control","Myeloid",177,"SCP2959","1108156","SCP2959::1108156","Control",11881,1,0.0148977358808181,TRUE,"adequate_cell_count"
"SCP2959::1108156::Control","Plasma::Activated plasma",32,"SCP2959","1108156","SCP2959::1108156","Control",11881,1,0.00269337597845299,TRUE,"adequate_cell_count"
"SCP2959::1108156::Control","Plasma::IgA plasma",81,"SCP2959","1108156","SCP2959::1108156","Control",11881,1,0.00681760794545914,TRUE,"adequate_cell_count"
"SCP2959::1108156::Control","Plasma::IgG plasma",29,"SCP2959","1108156","SCP2959::1108156","Control",11881,1,0.00244087198047302,TRUE,"adequate_cell_count"
"SCP2959::1108156::Control","Plasma::Transitional B",0,"SCP2959","1108156","SCP2959::1108156","Control",11881,1,0,FALSE,"absent_zero_cells"
"SCP2959::1108156::Control","T_NK",547,"SCP2959","1108156","SCP2959::1108156","Control",11881,1,0.0460398956316808,TRUE,"adequate_cell_count"
"SCP2959::111891::Control","B_cell::ActB3",2,"SCP2959","111891","SCP2959::111891","Control",3641,1,0.000549299642955232,FALSE,"low_cell_count"
"SCP2959::111891::Control","B_cell::CSM",4,"SCP2959","111891","SCP2959::111891","Control",3641,1,0.00109859928591046,FALSE,"low_cell_count"
"SCP2959::111891::Control","B_cell::Centroblast B",0,"SCP2959","111891","SCP2959::111891","Control",3641,1,0,FALSE,"absent_zero_cells"
"SCP2959::111891::Control","B_cell::Centrocyte B",0,"SCP2959","111891","SCP2959::111891","Control",3641,1,0,FALSE,"absent_zero_cells"
"SCP2959::111891::Control","B_cell::DN2",1,"SCP2959","111891","SCP2959::111891","Control",3641,1,0.000274649821477616,FALSE,"low_cell_count"
"SCP2959::111891::Control","B_cell::IgM-only",0,"SCP2959","111891","SCP2959::111891","Control",3641,1,0,FALSE,"absent_zero_cells"
"SCP2959::111891::Control","B_cell::MZ",0,"SCP2959","111891","SCP2959::111891","Control",3641,1,0,FALSE,"absent_zero_cells"
"SCP2959::111891::Control","B_cell::Naïve B",1,"SCP2959","111891","SCP2959::111891","Control",3641,1,0.000274649821477616,FALSE,"low_cell_count"
"SCP2959::111891::Control","Endothelial",13,"SCP2959","111891","SCP2959::111891","Control",3641,1,0.00357044767920901,FALSE,"low_cell_count"
"SCP2959::111891::Control","Epithelial",3013,"SCP2959","111891","SCP2959::111891","Control",3641,1,0.827519912112057,TRUE,"adequate_cell_count"
"SCP2959::111891::Control","Mast",5,"SCP2959","111891","SCP2959::111891","Control",3641,1,0.00137324910738808,FALSE,"low_cell_count"
"SCP2959::111891::Control","Mesenchymal_stromal",13,"SCP2959","111891","SCP2959::111891","Control",3641,1,0.00357044767920901,FALSE,"low_cell_count"
"SCP2959::111891::Control","Myeloid",64,"SCP2959","111891","SCP2959::111891","Control",3641,1,0.0175775885745674,TRUE,"adequate_cell_count"
"SCP2959::111891::Control","Plasma::Activated plasma",1,"SCP2959","111891","SCP2959::111891","Control",3641,1,0.000274649821477616,FALSE,"low_cell_count"
"SCP2959::111891::Control","Plasma::IgA plasma",2,"SCP2959","111891","SCP2959::111891","Control",3641,1,0.000549299642955232,FALSE,"low_cell_count"
"SCP2959::111891::Control","Plasma::IgG plasma",0,"SCP2959","111891","SCP2959::111891","Control",3641,1,0,FALSE,"absent_zero_cells"
"SCP2959::111891::Control","Plasma::Transitional B",0,"SCP2959","111891","SCP2959::111891","Control",3641,1,0,FALSE,"absent_zero_cells"
"SCP2959::111891::Control","T_NK",522,"SCP2959","111891","SCP2959::111891","Control",3641,1,0.143367206811316,TRUE,"adequate_cell_count"
"SCP2959::112584::Non-stricture","B_cell::ActB3",125,"SCP2959","112584","SCP2959::112584","Non-stricture",11917,1,0.0104892170848368,TRUE,"adequate_cell_count"
"SCP2959::112584::Non-stricture","B_cell::CSM",2049,"SCP2959","112584","SCP2959::112584","Non-stricture",11917,1,0.171939246454645,TRUE,"adequate_cell_count"
"SCP2959::112584::Non-stricture","B_cell::Centroblast B",1441,"SCP2959","112584","SCP2959::112584","Non-stricture",11917,1,0.120919694553999,TRUE,"adequate_cell_count"
"SCP2959::112584::Non-stricture","B_cell::Centrocyte B",902,"SCP2959","112584","SCP2959::112584","Non-stricture",11917,1,0.0756901904841823,TRUE,"adequate_cell_count"
"SCP2959::112584::Non-stricture","B_cell::DN2",253,"SCP2959","112584","SCP2959::112584","Non-stricture",11917,1,0.0212301753797097,TRUE,"adequate_cell_count"
"SCP2959::112584::Non-stricture","B_cell::IgM-only",8,"SCP2959","112584","SCP2959::112584","Non-stricture",11917,1,0.000671309893429554,FALSE,"low_cell_count"
"SCP2959::112584::Non-stricture","B_cell::MZ",95,"SCP2959","112584","SCP2959::112584","Non-stricture",11917,1,0.00797180498447596,TRUE,"adequate_cell_count"
"SCP2959::112584::Non-stricture","B_cell::Naïve B",1914,"SCP2959","112584","SCP2959::112584","Non-stricture",11917,1,0.160610892003021,TRUE,"adequate_cell_count"
"SCP2959::112584::Non-stricture","Endothelial",34,"SCP2959","112584","SCP2959::112584","Non-stricture",11917,1,0.00285306704707561,TRUE,"adequate_cell_count"
"SCP2959::112584::Non-stricture","Epithelial",3035,"SCP2959","112584","SCP2959::112584","Non-stricture",11917,1,0.254678190819837,TRUE,"adequate_cell_count"
"SCP2959::112584::Non-stricture","Mast",5,"SCP2959","112584","SCP2959::112584","Non-stricture",11917,1,0.000419568683393472,FALSE,"low_cell_count"
"SCP2959::112584::Non-stricture","Mesenchymal_stromal",19,"SCP2959","112584","SCP2959::112584","Non-stricture",11917,1,0.00159436099689519,FALSE,"low_cell_count"
"SCP2959::112584::Non-stricture","Myeloid",59,"SCP2959","112584","SCP2959::112584","Non-stricture",11917,1,0.00495091046404296,TRUE,"adequate_cell_count"
"SCP2959::112584::Non-stricture","Plasma::Activated plasma",22,"SCP2959","112584","SCP2959::112584","Non-stricture",11917,1,0.00184610220693127,TRUE,"adequate_cell_count"
"SCP2959::112584::Non-stricture","Plasma::IgA plasma",35,"SCP2959","112584","SCP2959::112584","Non-stricture",11917,1,0.0029369807837543,TRUE,"adequate_cell_count"
"SCP2959::112584::Non-stricture","Plasma::IgG plasma",52,"SCP2959","112584","SCP2959::112584","Non-stricture",11917,1,0.0043635143072921,TRUE,"adequate_cell_count"
"SCP2959::112584::Non-stricture","Plasma::Transitional B",106,"SCP2959","112584","SCP2959::112584","Non-stricture",11917,1,0.0088948560879416,TRUE,"adequate_cell_count"
"SCP2959::112584::Non-stricture","T_NK",1763,"SCP2959","112584","SCP2959::112584","Non-stricture",11917,1,0.147939917764538,TRUE,"adequate_cell_count"
"SCP2959::112584::Stricture","B_cell::ActB3",118,"SCP2959","112584","SCP2959::112584","Stricture",6480,1,0.0182098765432099,TRUE,"adequate_cell_count"
"SCP2959::112584::Stricture","B_cell::CSM",444,"SCP2959","112584","SCP2959::112584","Stricture",6480,1,0.0685185185185185,TRUE,"adequate_cell_count"
"SCP2959::112584::Stricture","B_cell::Centroblast B",346,"SCP2959","112584","SCP2959::112584","Stricture",6480,1,0.0533950617283951,TRUE,"adequate_cell_count"
"SCP2959::112584::Stricture","B_cell::Centrocyte B",329,"SCP2959","112584","SCP2959::112584","Stricture",6480,1,0.0507716049382716,TRUE,"adequate_cell_count"
"SCP2959::112584::Stricture","B_cell::DN2",17,"SCP2959","112584","SCP2959::112584","Stricture",6480,1,0.00262345679012346,FALSE,"low_cell_count"
"SCP2959::112584::Stricture","B_cell::IgM-only",0,"SCP2959","112584","SCP2959::112584","Stricture",6480,1,0,FALSE,"absent_zero_cells"
"SCP2959::112584::Stricture","B_cell::MZ",22,"SCP2959","112584","SCP2959::112584","Stricture",6480,1,0.00339506172839506,TRUE,"adequate_cell_count"
"SCP2959::112584::Stricture","B_cell::Naïve B",1044,"SCP2959","112584","SCP2959::112584","Stricture",6480,1,0.161111111111111,TRUE,"adequate_cell_count"
"SCP2959::112584::Stricture","Endothelial",12,"SCP2959","112584","SCP2959::112584","Stricture",6480,1,0.00185185185185185,FALSE,"low_cell_count"
"SCP2959::112584::Stricture","Epithelial",3248,"SCP2959","112584","SCP2959::112584","Stricture",6480,1,0.501234567901235,TRUE,"adequate_cell_count"
"SCP2959::112584::Stricture","Mast",1,"SCP2959","112584","SCP2959::112584","Stricture",6480,1,0.000154320987654321,FALSE,"low_cell_count"
"SCP2959::112584::Stricture","Mesenchymal_stromal",19,"SCP2959","112584","SCP2959::112584","Stricture",6480,1,0.0029320987654321,FALSE,"low_cell_count"
"SCP2959::112584::Stricture","Myeloid",41,"SCP2959","112584","SCP2959::112584","Stricture",6480,1,0.00632716049382716,TRUE,"adequate_cell_count"
"SCP2959::112584::Stricture","Plasma::Activated plasma",12,"SCP2959","112584","SCP2959::112584","Stricture",6480,1,0.00185185185185185,FALSE,"low_cell_count"
"SCP2959::112584::Stricture","Plasma::IgA plasma",41,"SCP2959","112584","SCP2959::112584","Stricture",6480,1,0.00632716049382716,TRUE,"adequate_cell_count"
"SCP2959::112584::Stricture","Plasma::IgG plasma",7,"SCP2959","112584","SCP2959::112584","Stricture",6480,1,0.00108024691358025,FALSE,"low_cell_count"
"SCP2959::112584::Stricture","Plasma::Transitional B",5,"SCP2959","112584","SCP2959::112584","Stricture",6480,1,0.000771604938271605,FALSE,"low_cell_count"
"SCP2959::112584::Stricture","T_NK",774,"SCP2959","112584","SCP2959::112584","Stricture",6480,1,0.119444444444444,TRUE,"adequate_cell_count"
"SCP2959::115284::Non-stricture","B_cell::ActB3",47,"SCP2959","115284","SCP2959::115284","Non-stricture",3896,1,0.0120636550308008,TRUE,"adequate_cell_count"
"SCP2959::115284::Non-stricture","B_cell::CSM",127,"SCP2959","115284","SCP2959::115284","Non-stricture",3896,1,0.0325975359342916,TRUE,"adequate_cell_count"
"SCP2959::115284::Non-stricture","B_cell::Centroblast B",77,"SCP2959","115284","SCP2959::115284","Non-stricture",3896,1,0.0197638603696099,TRUE,"adequate_cell_count"
"SCP2959::115284::Non-stricture","B_cell::Centrocyte B",46,"SCP2959","115284","SCP2959::115284","Non-stricture",3896,1,0.0118069815195072,TRUE,"adequate_cell_count"
"SCP2959::115284::Non-stricture","B_cell::DN2",42,"SCP2959","115284","SCP2959::115284","Non-stricture",3896,1,0.0107802874743326,TRUE,"adequate_cell_count"
"SCP2959::115284::Non-stricture","B_cell::IgM-only",4,"SCP2959","115284","SCP2959::115284","Non-stricture",3896,1,0.00102669404517454,FALSE,"low_cell_count"
"SCP2959::115284::Non-stricture","B_cell::MZ",11,"SCP2959","115284","SCP2959::115284","Non-stricture",3896,1,0.00282340862422998,FALSE,"low_cell_count"
"SCP2959::115284::Non-stricture","B_cell::Naïve B",76,"SCP2959","115284","SCP2959::115284","Non-stricture",3896,1,0.0195071868583162,TRUE,"adequate_cell_count"
"SCP2959::115284::Non-stricture","Endothelial",43,"SCP2959","115284","SCP2959::115284","Non-stricture",3896,1,0.0110369609856263,TRUE,"adequate_cell_count"
"SCP2959::115284::Non-stricture","Epithelial",2204,"SCP2959","115284","SCP2959::115284","Non-stricture",3896,1,0.56570841889117,TRUE,"adequate_cell_count"
"SCP2959::115284::Non-stricture","Mast",79,"SCP2959","115284","SCP2959::115284","Non-stricture",3896,1,0.0202772073921971,TRUE,"adequate_cell_count"
"SCP2959::115284::Non-stricture","Mesenchymal_stromal",155,"SCP2959","115284","SCP2959::115284","Non-stricture",3896,1,0.0397843942505134,TRUE,"adequate_cell_count"
"SCP2959::115284::Non-stricture","Myeloid",165,"SCP2959","115284","SCP2959::115284","Non-stricture",3896,1,0.0423511293634497,TRUE,"adequate_cell_count"
"SCP2959::115284::Non-stricture","Plasma::Activated plasma",134,"SCP2959","115284","SCP2959::115284","Non-stricture",3896,1,0.034394250513347,TRUE,"adequate_cell_count"
"SCP2959::115284::Non-stricture","Plasma::IgA plasma",192,"SCP2959","115284","SCP2959::115284","Non-stricture",3896,1,0.0492813141683778,TRUE,"adequate_cell_count"
"SCP2959::115284::Non-stricture","Plasma::IgG plasma",12,"SCP2959","115284","SCP2959::115284","Non-stricture",3896,1,0.00308008213552361,FALSE,"low_cell_count"
"SCP2959::115284::Non-stricture","Plasma::Transitional B",0,"SCP2959","115284","SCP2959::115284","Non-stricture",3896,1,0,FALSE,"absent_zero_cells"
"SCP2959::115284::Non-stricture","T_NK",482,"SCP2959","115284","SCP2959::115284","Non-stricture",3896,1,0.123716632443532,TRUE,"adequate_cell_count"
"SCP2959::115284::Stricture","B_cell::ActB3",0,"SCP2959","115284","SCP2959::115284","Stricture",104,1,0,FALSE,"absent_zero_cells"
"SCP2959::115284::Stricture","B_cell::CSM",0,"SCP2959","115284","SCP2959::115284","Stricture",104,1,0,FALSE,"absent_zero_cells"
"SCP2959::115284::Stricture","B_cell::Centroblast B",0,"SCP2959","115284","SCP2959::115284","Stricture",104,1,0,FALSE,"absent_zero_cells"
"SCP2959::115284::Stricture","B_cell::Centrocyte B",0,"SCP2959","115284","SCP2959::115284","Stricture",104,1,0,FALSE,"absent_zero_cells"
"SCP2959::115284::Stricture","B_cell::DN2",0,"SCP2959","115284","SCP2959::115284","Stricture",104,1,0,FALSE,"absent_zero_cells"
"SCP2959::115284::Stricture","B_cell::IgM-only",0,"SCP2959","115284","SCP2959::115284","Stricture",104,1,0,FALSE,"absent_zero_cells"
"SCP2959::115284::Stricture","B_cell::MZ",0,"SCP2959","115284","SCP2959::115284","Stricture",104,1,0,FALSE,"absent_zero_cells"
"SCP2959::115284::Stricture","B_cell::Naïve B",0,"SCP2959","115284","SCP2959::115284","Stricture",104,1,0,FALSE,"absent_zero_cells"
"SCP2959::115284::Stricture","Endothelial",0,"SCP2959","115284","SCP2959::115284","Stricture",104,1,0,FALSE,"absent_zero_cells"
"SCP2959::115284::Stricture","Epithelial",92,"SCP2959","115284","SCP2959::115284","Stricture",104,1,0.884615384615385,TRUE,"adequate_cell_count"
"SCP2959::115284::Stricture","Mast",0,"SCP2959","115284","SCP2959::115284","Stricture",104,1,0,FALSE,"absent_zero_cells"
"SCP2959::115284::Stricture","Mesenchymal_stromal",0,"SCP2959","115284","SCP2959::115284","Stricture",104,1,0,FALSE,"absent_zero_cells"
"SCP2959::115284::Stricture","Myeloid",0,"SCP2959","115284","SCP2959::115284","Stricture",104,1,0,FALSE,"absent_zero_cells"
"SCP2959::115284::Stricture","Plasma::Activated plasma",0,"SCP2959","115284","SCP2959::115284","Stricture",104,1,0,FALSE,"absent_zero_cells"
"SCP2959::115284::Stricture","Plasma::IgA plasma",0,"SCP2959","115284","SCP2959::115284","Stricture",104,1,0,FALSE,"absent_zero_cells"
"SCP2959::115284::Stricture","Plasma::IgG plasma",0,"SCP2959","115284","SCP2959::115284","Stricture",104,1,0,FALSE,"absent_zero_cells"
"SCP2959::115284::Stricture","Plasma::Transitional B",0,"SCP2959","115284","SCP2959::115284","Stricture",104,1,0,FALSE,"absent_zero_cells"
"SCP2959::115284::Stricture","T_NK",12,"SCP2959","115284","SCP2959::115284","Stricture",104,1,0.115384615384615,FALSE,"low_cell_count"
"SCP2959::117351::Non-stricture","B_cell::ActB3",0,"SCP2959","117351","SCP2959::117351","Non-stricture",4279,1,0,FALSE,"absent_zero_cells"
"SCP2959::117351::Non-stricture","B_cell::CSM",0,"SCP2959","117351","SCP2959::117351","Non-stricture",4279,1,0,FALSE,"absent_zero_cells"
"SCP2959::117351::Non-stricture","B_cell::Centroblast B",1,"SCP2959","117351","SCP2959::117351","Non-stricture",4279,1,0.000233699462491236,FALSE,"low_cell_count"
"SCP2959::117351::Non-stricture","B_cell::Centrocyte B",0,"SCP2959","117351","SCP2959::117351","Non-stricture",4279,1,0,FALSE,"absent_zero_cells"
"SCP2959::117351::Non-stricture","B_cell::DN2",0,"SCP2959","117351","SCP2959::117351","Non-stricture",4279,1,0,FALSE,"absent_zero_cells"
"SCP2959::117351::Non-stricture","B_cell::IgM-only",0,"SCP2959","117351","SCP2959::117351","Non-stricture",4279,1,0,FALSE,"absent_zero_cells"
"SCP2959::117351::Non-stricture","B_cell::MZ",1,"SCP2959","117351","SCP2959::117351","Non-stricture",4279,1,0.000233699462491236,FALSE,"low_cell_count"
"SCP2959::117351::Non-stricture","B_cell::Naïve B",0,"SCP2959","117351","SCP2959::117351","Non-stricture",4279,1,0,FALSE,"absent_zero_cells"
"SCP2959::117351::Non-stricture","Endothelial",25,"SCP2959","117351","SCP2959::117351","Non-stricture",4279,1,0.00584248656228091,TRUE,"adequate_cell_count"
"SCP2959::117351::Non-stricture","Epithelial",3735,"SCP2959","117351","SCP2959::117351","Non-stricture",4279,1,0.872867492404767,TRUE,"adequate_cell_count"
"SCP2959::117351::Non-stricture","Mast",0,"SCP2959","117351","SCP2959::117351","Non-stricture",4279,1,0,FALSE,"absent_zero_cells"
"SCP2959::117351::Non-stricture","Mesenchymal_stromal",15,"SCP2959","117351","SCP2959::117351","Non-stricture",4279,1,0.00350549193736854,FALSE,"low_cell_count"
"SCP2959::117351::Non-stricture","Myeloid",13,"SCP2959","117351","SCP2959::117351","Non-stricture",4279,1,0.00303809301238607,FALSE,"low_cell_count"
"SCP2959::117351::Non-stricture","Plasma::Activated plasma",0,"SCP2959","117351","SCP2959::117351","Non-stricture",4279,1,0,FALSE,"absent_zero_cells"
"SCP2959::117351::Non-stricture","Plasma::IgA plasma",0,"SCP2959","117351","SCP2959::117351","Non-stricture",4279,1,0,FALSE,"absent_zero_cells"
"SCP2959::117351::Non-stricture","Plasma::IgG plasma",0,"SCP2959","117351","SCP2959::117351","Non-stricture",4279,1,0,FALSE,"absent_zero_cells"
"SCP2959::117351::Non-stricture","Plasma::Transitional B",0,"SCP2959","117351","SCP2959::117351","Non-stricture",4279,1,0,FALSE,"absent_zero_cells"
"SCP2959::117351::Non-stricture","T_NK",489,"SCP2959","117351","SCP2959::117351","Non-stricture",4279,1,0.114279037158215,TRUE,"adequate_cell_count"
"SCP2959::117351::Stricture","B_cell::ActB3",539,"SCP2959","117351","SCP2959::117351","Stricture",17654,1,0.0305313243457573,TRUE,"adequate_cell_count"
"SCP2959::117351::Stricture","B_cell::CSM",868,"SCP2959","117351","SCP2959::117351","Stricture",17654,1,0.049167327517843,TRUE,"adequate_cell_count"
"SCP2959::117351::Stricture","B_cell::Centroblast B",11,"SCP2959","117351","SCP2959::117351","Stricture",17654,1,0.000623088251954231,FALSE,"low_cell_count"
"SCP2959::117351::Stricture","B_cell::Centrocyte B",15,"SCP2959","117351","SCP2959::117351","Stricture",17654,1,0.000849665798119406,FALSE,"low_cell_count"
"SCP2959::117351::Stricture","B_cell::DN2",25,"SCP2959","117351","SCP2959::117351","Stricture",17654,1,0.00141610966353234,TRUE,"adequate_cell_count"
"SCP2959::117351::Stricture","B_cell::IgM-only",16,"SCP2959","117351","SCP2959::117351","Stricture",17654,1,0.0009063101846607,FALSE,"low_cell_count"
"SCP2959::117351::Stricture","B_cell::MZ",76,"SCP2959","117351","SCP2959::117351","Stricture",17654,1,0.00430497337713833,TRUE,"adequate_cell_count"
"SCP2959::117351::Stricture","B_cell::Naïve B",1879,"SCP2959","117351","SCP2959::117351","Stricture",17654,1,0.106434802311091,TRUE,"adequate_cell_count"
"SCP2959::117351::Stricture","Endothelial",664,"SCP2959","117351","SCP2959::117351","Stricture",17654,1,0.0376118726634191,TRUE,"adequate_cell_count"
"SCP2959::117351::Stricture","Epithelial",3601,"SCP2959","117351","SCP2959::117351","Stricture",17654,1,0.203976435935199,TRUE,"adequate_cell_count"
"SCP2959::117351::Stricture","Mast",291,"SCP2959","117351","SCP2959::117351","Stricture",17654,1,0.0164835164835165,TRUE,"adequate_cell_count"
"SCP2959::117351::Stricture","Mesenchymal_stromal",675,"SCP2959","117351","SCP2959::117351","Stricture",17654,1,0.0382349609153733,TRUE,"adequate_cell_count"
"SCP2959::117351::Stricture","Myeloid",1871,"SCP2959","117351","SCP2959::117351","Stricture",17654,1,0.105981647218761,TRUE,"adequate_cell_count"
"SCP2959::117351::Stricture","Plasma::Activated plasma",36,"SCP2959","117351","SCP2959::117351","Stricture",17654,1,0.00203919791548658,TRUE,"adequate_cell_count"
"SCP2959::117351::Stricture","Plasma::IgA plasma",814,"SCP2959","117351","SCP2959::117351","Stricture",17654,1,0.0461085306446131,TRUE,"adequate_cell_count"
"SCP2959::117351::Stricture","Plasma::IgG plasma",175,"SCP2959","117351","SCP2959::117351","Stricture",17654,1,0.00991276764472641,TRUE,"adequate_cell_count"
"SCP2959::117351::Stricture","Plasma::Transitional B",0,"SCP2959","117351","SCP2959::117351","Stricture",17654,1,0,FALSE,"absent_zero_cells"
"SCP2959::117351::Stricture","T_NK",6098,"SCP2959","117351","SCP2959::117351","Stricture",17654,1,0.345417469128809,TRUE,"adequate_cell_count"
"SCP2959::123696::Control","B_cell::ActB3",64,"SCP2959","123696","SCP2959::123696","Control",8574,1,0.00746442733846513,TRUE,"adequate_cell_count"
"SCP2959::123696::Control","B_cell::CSM",1510,"SCP2959","123696","SCP2959::123696","Control",8574,1,0.176113832516912,TRUE,"adequate_cell_count"
"SCP2959::123696::Control","B_cell::Centroblast B",3,"SCP2959","123696","SCP2959::123696","Control",8574,1,0.000349895031490553,FALSE,"low_cell_count"
"SCP2959::123696::Control","B_cell::Centrocyte B",2,"SCP2959","123696","SCP2959::123696","Control",8574,1,0.000233263354327035,FALSE,"low_cell_count"
"SCP2959::123696::Control","B_cell::DN2",8,"SCP2959","123696","SCP2959::123696","Control",8574,1,0.000933053417308141,FALSE,"low_cell_count"
"SCP2959::123696::Control","B_cell::IgM-only",6,"SCP2959","123696","SCP2959::123696","Control",8574,1,0.000699790062981106,FALSE,"low_cell_count"
"SCP2959::123696::Control","B_cell::MZ",11,"SCP2959","123696","SCP2959::123696","Control",8574,1,0.00128294844879869,FALSE,"low_cell_count"
"SCP2959::123696::Control","B_cell::Naïve B",101,"SCP2959","123696","SCP2959::123696","Control",8574,1,0.0117797993935153,TRUE,"adequate_cell_count"
"SCP2959::123696::Control","Endothelial",279,"SCP2959","123696","SCP2959::123696","Control",8574,1,0.0325402379286214,TRUE,"adequate_cell_count"
"SCP2959::123696::Control","Epithelial",3964,"SCP2959","123696","SCP2959::123696","Control",8574,1,0.462327968276184,TRUE,"adequate_cell_count"
"SCP2959::123696::Control","Mast",86,"SCP2959","123696","SCP2959::123696","Control",8574,1,0.0100303242360625,TRUE,"adequate_cell_count"
"SCP2959::123696::Control","Mesenchymal_stromal",478,"SCP2959","123696","SCP2959::123696","Control",8574,1,0.0557499416841614,TRUE,"adequate_cell_count"
"SCP2959::123696::Control","Myeloid",294,"SCP2959","123696","SCP2959::123696","Control",8574,1,0.0342897130860742,TRUE,"adequate_cell_count"
"SCP2959::123696::Control","Plasma::Activated plasma",125,"SCP2959","123696","SCP2959::123696","Control",8574,1,0.0145789596454397,TRUE,"adequate_cell_count"
"SCP2959::123696::Control","Plasma::IgA plasma",342,"SCP2959","123696","SCP2959::123696","Control",8574,1,0.039888033589923,TRUE,"adequate_cell_count"
"SCP2959::123696::Control","Plasma::IgG plasma",61,"SCP2959","123696","SCP2959::123696","Control",8574,1,0.00711453230697457,TRUE,"adequate_cell_count"
"SCP2959::123696::Control","Plasma::Transitional B",1,"SCP2959","123696","SCP2959::123696","Control",8574,1,0.000116631677163518,FALSE,"low_cell_count"
"SCP2959::123696::Control","T_NK",1239,"SCP2959","123696","SCP2959::123696","Control",8574,1,0.144506648005598,TRUE,"adequate_cell_count"
"SCP2959::127643::Non-stricture","B_cell::ActB3",3,"SCP2959","127643","SCP2959::127643","Non-stricture",4929,1,0.000608642726719416,FALSE,"low_cell_count"
"SCP2959::127643::Non-stricture","B_cell::CSM",37,"SCP2959","127643","SCP2959::127643","Non-stricture",4929,1,0.00750659362953946,TRUE,"adequate_cell_count"
"SCP2959::127643::Non-stricture","B_cell::Centroblast B",1,"SCP2959","127643","SCP2959::127643","Non-stricture",4929,1,0.000202880908906472,FALSE,"low_cell_count"
"SCP2959::127643::Non-stricture","B_cell::Centrocyte B",0,"SCP2959","127643","SCP2959::127643","Non-stricture",4929,1,0,FALSE,"absent_zero_cells"
"SCP2959::127643::Non-stricture","B_cell::DN2",36,"SCP2959","127643","SCP2959::127643","Non-stricture",4929,1,0.00730371272063299,TRUE,"adequate_cell_count"
"SCP2959::127643::Non-stricture","B_cell::IgM-only",9,"SCP2959","127643","SCP2959::127643","Non-stricture",4929,1,0.00182592818015825,FALSE,"low_cell_count"
"SCP2959::127643::Non-stricture","B_cell::MZ",3,"SCP2959","127643","SCP2959::127643","Non-stricture",4929,1,0.000608642726719416,FALSE,"low_cell_count"
"SCP2959::127643::Non-stricture","B_cell::Naïve B",15,"SCP2959","127643","SCP2959::127643","Non-stricture",4929,1,0.00304321363359708,FALSE,"low_cell_count"
"SCP2959::127643::Non-stricture","Endothelial",36,"SCP2959","127643","SCP2959::127643","Non-stricture",4929,1,0.00730371272063299,TRUE,"adequate_cell_count"
"SCP2959::127643::Non-stricture","Epithelial",2693,"SCP2959","127643","SCP2959::127643","Non-stricture",4929,1,0.546358287685129,TRUE,"adequate_cell_count"
"SCP2959::127643::Non-stricture","Mast",166,"SCP2959","127643","SCP2959::127643","Non-stricture",4929,1,0.0336782308784743,TRUE,"adequate_cell_count"
"SCP2959::127643::Non-stricture","Mesenchymal_stromal",125,"SCP2959","127643","SCP2959::127643","Non-stricture",4929,1,0.025360113613309,TRUE,"adequate_cell_count"
"SCP2959::127643::Non-stricture","Myeloid",378,"SCP2959","127643","SCP2959::127643","Non-stricture",4929,1,0.0766889835666464,TRUE,"adequate_cell_count"
"SCP2959::127643::Non-stricture","Plasma::Activated plasma",152,"SCP2959","127643","SCP2959::127643","Non-stricture",4929,1,0.0308378981537837,TRUE,"adequate_cell_count"
"SCP2959::127643::Non-stricture","Plasma::IgA plasma",348,"SCP2959","127643","SCP2959::127643","Non-stricture",4929,1,0.0706025562994522,TRUE,"adequate_cell_count"
"SCP2959::127643::Non-stricture","Plasma::IgG plasma",66,"SCP2959","127643","SCP2959::127643","Non-stricture",4929,1,0.0133901399878271,TRUE,"adequate_cell_count"
"SCP2959::127643::Non-stricture","Plasma::Transitional B",1,"SCP2959","127643","SCP2959::127643","Non-stricture",4929,1,0.000202880908906472,FALSE,"low_cell_count"
"SCP2959::127643::Non-stricture","T_NK",860,"SCP2959","127643","SCP2959::127643","Non-stricture",4929,1,0.174477581659566,TRUE,"adequate_cell_count"
"SCP2959::127643::Stricture","B_cell::ActB3",2,"SCP2959","127643","SCP2959::127643","Stricture",1577,1,0.00126823081800888,FALSE,"low_cell_count"
"SCP2959::127643::Stricture","B_cell::CSM",16,"SCP2959","127643","SCP2959::127643","Stricture",1577,1,0.010145846544071,FALSE,"low_cell_count"
"SCP2959::127643::Stricture","B_cell::Centroblast B",0,"SCP2959","127643","SCP2959::127643","Stricture",1577,1,0,FALSE,"absent_zero_cells"
"SCP2959::127643::Stricture","B_cell::Centrocyte B",0,"SCP2959","127643","SCP2959::127643","Stricture",1577,1,0,FALSE,"absent_zero_cells"
"SCP2959::127643::Stricture","B_cell::DN2",6,"SCP2959","127643","SCP2959::127643","Stricture",1577,1,0.00380469245402663,FALSE,"low_cell_count"
"SCP2959::127643::Stricture","B_cell::IgM-only",1,"SCP2959","127643","SCP2959::127643","Stricture",1577,1,0.000634115409004439,FALSE,"low_cell_count"
"SCP2959::127643::Stricture","B_cell::MZ",0,"SCP2959","127643","SCP2959::127643","Stricture",1577,1,0,FALSE,"absent_zero_cells"
"SCP2959::127643::Stricture","B_cell::Naïve B",2,"SCP2959","127643","SCP2959::127643","Stricture",1577,1,0.00126823081800888,FALSE,"low_cell_count"
"SCP2959::127643::Stricture","Endothelial",28,"SCP2959","127643","SCP2959::127643","Stricture",1577,1,0.0177552314521243,TRUE,"adequate_cell_count"
"SCP2959::127643::Stricture","Epithelial",553,"SCP2959","127643","SCP2959::127643","Stricture",1577,1,0.350665821179455,TRUE,"adequate_cell_count"
"SCP2959::127643::Stricture","Mast",85,"SCP2959","127643","SCP2959::127643","Stricture",1577,1,0.0538998097653773,TRUE,"adequate_cell_count"
"SCP2959::127643::Stricture","Mesenchymal_stromal",47,"SCP2959","127643","SCP2959::127643","Stricture",1577,1,0.0298034242232086,TRUE,"adequate_cell_count"
"SCP2959::127643::Stricture","Myeloid",223,"SCP2959","127643","SCP2959::127643","Stricture",1577,1,0.14140773620799,TRUE,"adequate_cell_count"
"SCP2959::127643::Stricture","Plasma::Activated plasma",81,"SCP2959","127643","SCP2959::127643","Stricture",1577,1,0.0513633481293595,TRUE,"adequate_cell_count"
"SCP2959::127643::Stricture","Plasma::IgA plasma",252,"SCP2959","127643","SCP2959::127643","Stricture",1577,1,0.159797083069119,TRUE,"adequate_cell_count"
"SCP2959::127643::Stricture","Plasma::IgG plasma",17,"SCP2959","127643","SCP2959::127643","Stricture",1577,1,0.0107799619530755,FALSE,"low_cell_count"
"SCP2959::127643::Stricture","Plasma::Transitional B",0,"SCP2959","127643","SCP2959::127643","Stricture",1577,1,0,FALSE,"absent_zero_cells"
"SCP2959::127643::Stricture","T_NK",264,"SCP2959","127643","SCP2959::127643","Stricture",1577,1,0.167406467977172,TRUE,"adequate_cell_count"
"SCP2959::143371::Inflamed","B_cell::ActB3",14,"SCP2959","143371","SCP2959::143371","Inflamed",2406,1,0.0058187863674148,FALSE,"low_cell_count"
"SCP2959::143371::Inflamed","B_cell::CSM",17,"SCP2959","143371","SCP2959::143371","Inflamed",2406,1,0.00706566916043225,FALSE,"low_cell_count"
"SCP2959::143371::Inflamed","B_cell::Centroblast B",1,"SCP2959","143371","SCP2959::143371","Inflamed",2406,1,0.000415627597672485,FALSE,"low_cell_count"
"SCP2959::143371::Inflamed","B_cell::Centrocyte B",0,"SCP2959","143371","SCP2959::143371","Inflamed",2406,1,0,FALSE,"absent_zero_cells"
"SCP2959::143371::Inflamed","B_cell::DN2",40,"SCP2959","143371","SCP2959::143371","Inflamed",2406,1,0.0166251039068994,TRUE,"adequate_cell_count"
"SCP2959::143371::Inflamed","B_cell::IgM-only",1,"SCP2959","143371","SCP2959::143371","Inflamed",2406,1,0.000415627597672485,FALSE,"low_cell_count"
"SCP2959::143371::Inflamed","B_cell::MZ",6,"SCP2959","143371","SCP2959::143371","Inflamed",2406,1,0.00249376558603491,FALSE,"low_cell_count"
"SCP2959::143371::Inflamed","B_cell::Naïve B",6,"SCP2959","143371","SCP2959::143371","Inflamed",2406,1,0.00249376558603491,FALSE,"low_cell_count"
"SCP2959::143371::Inflamed","Endothelial",319,"SCP2959","143371","SCP2959::143371","Inflamed",2406,1,0.132585203657523,TRUE,"adequate_cell_count"
"SCP2959::143371::Inflamed","Epithelial",274,"SCP2959","143371","SCP2959::143371","Inflamed",2406,1,0.113881961762261,TRUE,"adequate_cell_count"
"SCP2959::143371::Inflamed","Mast",7,"SCP2959","143371","SCP2959::143371","Inflamed",2406,1,0.0029093931837074,FALSE,"low_cell_count"
"SCP2959::143371::Inflamed","Mesenchymal_stromal",32,"SCP2959","143371","SCP2959::143371","Inflamed",2406,1,0.0133000831255195,TRUE,"adequate_cell_count"
"SCP2959::143371::Inflamed","Myeloid",1385,"SCP2959","143371","SCP2959::143371","Inflamed",2406,1,0.575644222776392,TRUE,"adequate_cell_count"
"SCP2959::143371::Inflamed","Plasma::Activated plasma",18,"SCP2959","143371","SCP2959::143371","Inflamed",2406,1,0.00748129675810474,FALSE,"low_cell_count"
"SCP2959::143371::Inflamed","Plasma::IgA plasma",28,"SCP2959","143371","SCP2959::143371","Inflamed",2406,1,0.0116375727348296,TRUE,"adequate_cell_count"
"SCP2959::143371::Inflamed","Plasma::IgG plasma",38,"SCP2959","143371","SCP2959::143371","Inflamed",2406,1,0.0157938487115544,TRUE,"adequate_cell_count"
"SCP2959::143371::Inflamed","Plasma::Transitional B",0,"SCP2959","143371","SCP2959::143371","Inflamed",2406,1,0,FALSE,"absent_zero_cells"
"SCP2959::143371::Inflamed","T_NK",220,"SCP2959","143371","SCP2959::143371","Inflamed",2406,1,0.0914380714879468,TRUE,"adequate_cell_count"
"SCP2959::143371::Non-stricture","B_cell::ActB3",3,"SCP2959","143371","SCP2959::143371","Non-stricture",3358,1,0.000893388921977367,FALSE,"low_cell_count"
"SCP2959::143371::Non-stricture","B_cell::CSM",20,"SCP2959","143371","SCP2959::143371","Non-stricture",3358,1,0.00595592614651578,TRUE,"adequate_cell_count"
"SCP2959::143371::Non-stricture","B_cell::Centroblast B",0,"SCP2959","143371","SCP2959::143371","Non-stricture",3358,1,0,FALSE,"absent_zero_cells"
"SCP2959::143371::Non-stricture","B_cell::Centrocyte B",0,"SCP2959","143371","SCP2959::143371","Non-stricture",3358,1,0,FALSE,"absent_zero_cells"
"SCP2959::143371::Non-stricture","B_cell::DN2",8,"SCP2959","143371","SCP2959::143371","Non-stricture",3358,1,0.00238237045860631,FALSE,"low_cell_count"
"SCP2959::143371::Non-stricture","B_cell::IgM-only",0,"SCP2959","143371","SCP2959::143371","Non-stricture",3358,1,0,FALSE,"absent_zero_cells"
"SCP2959::143371::Non-stricture","B_cell::MZ",0,"SCP2959","143371","SCP2959::143371","Non-stricture",3358,1,0,FALSE,"absent_zero_cells"
"SCP2959::143371::Non-stricture","B_cell::Naïve B",0,"SCP2959","143371","SCP2959::143371","Non-stricture",3358,1,0,FALSE,"absent_zero_cells"
"SCP2959::143371::Non-stricture","Endothelial",129,"SCP2959","143371","SCP2959::143371","Non-stricture",3358,1,0.0384157236450268,TRUE,"adequate_cell_count"
"SCP2959::143371::Non-stricture","Epithelial",1776,"SCP2959","143371","SCP2959::143371","Non-stricture",3358,1,0.528886241810602,TRUE,"adequate_cell_count"
"SCP2959::143371::Non-stricture","Mast",32,"SCP2959","143371","SCP2959::143371","Non-stricture",3358,1,0.00952948183442525,TRUE,"adequate_cell_count"
"SCP2959::143371::Non-stricture","Mesenchymal_stromal",337,"SCP2959","143371","SCP2959::143371","Non-stricture",3358,1,0.100357355568791,TRUE,"adequate_cell_count"
"SCP2959::143371::Non-stricture","Myeloid",167,"SCP2959","143371","SCP2959::143371","Non-stricture",3358,1,0.0497319833234068,TRUE,"adequate_cell_count"
"SCP2959::143371::Non-stricture","Plasma::Activated plasma",270,"SCP2959","143371","SCP2959::143371","Non-stricture",3358,1,0.0804050029779631,TRUE,"adequate_cell_count"
"SCP2959::143371::Non-stricture","Plasma::IgA plasma",532,"SCP2959","143371","SCP2959::143371","Non-stricture",3358,1,0.15842763549732,TRUE,"adequate_cell_count"
"SCP2959::143371::Non-stricture","Plasma::IgG plasma",17,"SCP2959","143371","SCP2959::143371","Non-stricture",3358,1,0.00506253722453842,FALSE,"low_cell_count"
"SCP2959::143371::Non-stricture","Plasma::Transitional B",0,"SCP2959","143371","SCP2959::143371","Non-stricture",3358,1,0,FALSE,"absent_zero_cells"
"SCP2959::143371::Non-stricture","T_NK",67,"SCP2959","143371","SCP2959::143371","Non-stricture",3358,1,0.0199523525908279,TRUE,"adequate_cell_count"
"SCP2959::143371::Stricture","B_cell::ActB3",7,"SCP2959","143371","SCP2959::143371","Stricture",2309,1,0.00303161541792984,FALSE,"low_cell_count"
"SCP2959::143371::Stricture","B_cell::CSM",5,"SCP2959","143371","SCP2959::143371","Stricture",2309,1,0.0021654395842356,FALSE,"low_cell_count"
"SCP2959::143371::Stricture","B_cell::Centroblast B",0,"SCP2959","143371","SCP2959::143371","Stricture",2309,1,0,FALSE,"absent_zero_cells"
"SCP2959::143371::Stricture","B_cell::Centrocyte B",0,"SCP2959","143371","SCP2959::143371","Stricture",2309,1,0,FALSE,"absent_zero_cells"
"SCP2959::143371::Stricture","B_cell::DN2",5,"SCP2959","143371","SCP2959::143371","Stricture",2309,1,0.0021654395842356,FALSE,"low_cell_count"
"SCP2959::143371::Stricture","B_cell::IgM-only",0,"SCP2959","143371","SCP2959::143371","Stricture",2309,1,0,FALSE,"absent_zero_cells"
"SCP2959::143371::Stricture","B_cell::MZ",0,"SCP2959","143371","SCP2959::143371","Stricture",2309,1,0,FALSE,"absent_zero_cells"
"SCP2959::143371::Stricture","B_cell::Naïve B",1,"SCP2959","143371","SCP2959::143371","Stricture",2309,1,0.00043308791684712,FALSE,"low_cell_count"
"SCP2959::143371::Stricture","Endothelial",17,"SCP2959","143371","SCP2959::143371","Stricture",2309,1,0.00736249458640104,FALSE,"low_cell_count"
"SCP2959::143371::Stricture","Epithelial",1522,"SCP2959","143371","SCP2959::143371","Stricture",2309,1,0.659159809441317,TRUE,"adequate_cell_count"
"SCP2959::143371::Stricture","Mast",45,"SCP2959","143371","SCP2959::143371","Stricture",2309,1,0.0194889562581204,TRUE,"adequate_cell_count"
"SCP2959::143371::Stricture","Mesenchymal_stromal",57,"SCP2959","143371","SCP2959::143371","Stricture",2309,1,0.0246860112602858,TRUE,"adequate_cell_count"
"SCP2959::143371::Stricture","Myeloid",51,"SCP2959","143371","SCP2959::143371","Stricture",2309,1,0.0220874837592031,TRUE,"adequate_cell_count"
"SCP2959::143371::Stricture","Plasma::Activated plasma",276,"SCP2959","143371","SCP2959::143371","Stricture",2309,1,0.119532265049805,TRUE,"adequate_cell_count"
"SCP2959::143371::Stricture","Plasma::IgA plasma",241,"SCP2959","143371","SCP2959::143371","Stricture",2309,1,0.104374187960156,TRUE,"adequate_cell_count"
"SCP2959::143371::Stricture","Plasma::IgG plasma",21,"SCP2959","143371","SCP2959::143371","Stricture",2309,1,0.00909484625378952,TRUE,"adequate_cell_count"
"SCP2959::143371::Stricture","Plasma::Transitional B",0,"SCP2959","143371","SCP2959::143371","Stricture",2309,1,0,FALSE,"absent_zero_cells"
"SCP2959::143371::Stricture","T_NK",61,"SCP2959","143371","SCP2959::143371","Stricture",2309,1,0.0264183629276743,TRUE,"adequate_cell_count"
"SCP2959::144119::Non-stricture","B_cell::ActB3",54,"SCP2959","144119","SCP2959::144119","Non-stricture",12093,1,0.00446539320267924,TRUE,"adequate_cell_count"
"SCP2959::144119::Non-stricture","B_cell::CSM",235,"SCP2959","144119","SCP2959::144119","Non-stricture",12093,1,0.0194327296783263,TRUE,"adequate_cell_count"
"SCP2959::144119::Non-stricture","B_cell::Centroblast B",49,"SCP2959","144119","SCP2959::144119","Non-stricture",12093,1,0.00405193086909783,TRUE,"adequate_cell_count"
"SCP2959::144119::Non-stricture","B_cell::Centrocyte B",13,"SCP2959","144119","SCP2959::144119","Non-stricture",12093,1,0.00107500206731167,FALSE,"low_cell_count"
"SCP2959::144119::Non-stricture","B_cell::DN2",55,"SCP2959","144119","SCP2959::144119","Non-stricture",12093,1,0.00454808566939552,TRUE,"adequate_cell_count"
"SCP2959::144119::Non-stricture","B_cell::IgM-only",5,"SCP2959","144119","SCP2959::144119","Non-stricture",12093,1,0.000413462333581411,FALSE,"low_cell_count"
"SCP2959::144119::Non-stricture","B_cell::MZ",11,"SCP2959","144119","SCP2959::144119","Non-stricture",12093,1,0.000909617133879104,FALSE,"low_cell_count"
"SCP2959::144119::Non-stricture","B_cell::Naïve B",226,"SCP2959","144119","SCP2959::144119","Non-stricture",12093,1,0.0186884974778798,TRUE,"adequate_cell_count"
"SCP2959::144119::Non-stricture","Endothelial",33,"SCP2959","144119","SCP2959::144119","Non-stricture",12093,1,0.00272885140163731,TRUE,"adequate_cell_count"
"SCP2959::144119::Non-stricture","Epithelial",9275,"SCP2959","144119","SCP2959::144119","Non-stricture",12093,1,0.766972628793517,TRUE,"adequate_cell_count"
"SCP2959::144119::Non-stricture","Mast",21,"SCP2959","144119","SCP2959::144119","Non-stricture",12093,1,0.00173654180104193,TRUE,"adequate_cell_count"
"SCP2959::144119::Non-stricture","Mesenchymal_stromal",126,"SCP2959","144119","SCP2959::144119","Non-stricture",12093,1,0.0104192508062516,TRUE,"adequate_cell_count"
"SCP2959::144119::Non-stricture","Myeloid",174,"SCP2959","144119","SCP2959::144119","Non-stricture",12093,1,0.0143884892086331,TRUE,"adequate_cell_count"
"SCP2959::144119::Non-stricture","Plasma::Activated plasma",58,"SCP2959","144119","SCP2959::144119","Non-stricture",12093,1,0.00479616306954436,TRUE,"adequate_cell_count"
"SCP2959::144119::Non-stricture","Plasma::IgA plasma",142,"SCP2959","144119","SCP2959::144119","Non-stricture",12093,1,0.0117423302737121,TRUE,"adequate_cell_count"
"SCP2959::144119::Non-stricture","Plasma::IgG plasma",10,"SCP2959","144119","SCP2959::144119","Non-stricture",12093,1,0.000826924667162822,FALSE,"low_cell_count"
"SCP2959::144119::Non-stricture","Plasma::Transitional B",2,"SCP2959","144119","SCP2959::144119","Non-stricture",12093,1,0.000165384933432564,FALSE,"low_cell_count"
"SCP2959::144119::Non-stricture","T_NK",1604,"SCP2959","144119","SCP2959::144119","Non-stricture",12093,1,0.132638716612917,TRUE,"adequate_cell_count"
"SCP2959::144119::Stricture","B_cell::ActB3",48,"SCP2959","144119","SCP2959::144119","Stricture",7328,1,0.00655021834061135,TRUE,"adequate_cell_count"
"SCP2959::144119::Stricture","B_cell::CSM",184,"SCP2959","144119","SCP2959::144119","Stricture",7328,1,0.0251091703056769,TRUE,"adequate_cell_count"
"SCP2959::144119::Stricture","B_cell::Centroblast B",3,"SCP2959","144119","SCP2959::144119","Stricture",7328,1,0.00040938864628821,FALSE,"low_cell_count"
"SCP2959::144119::Stricture","B_cell::Centrocyte B",1,"SCP2959","144119","SCP2959::144119","Stricture",7328,1,0.00013646288209607,FALSE,"low_cell_count"
"SCP2959::144119::Stricture","B_cell::DN2",12,"SCP2959","144119","SCP2959::144119","Stricture",7328,1,0.00163755458515284,FALSE,"low_cell_count"
"SCP2959::144119::Stricture","B_cell::IgM-only",17,"SCP2959","144119","SCP2959::144119","Stricture",7328,1,0.00231986899563319,FALSE,"low_cell_count"
"SCP2959::144119::Stricture","B_cell::MZ",2,"SCP2959","144119","SCP2959::144119","Stricture",7328,1,0.00027292576419214,FALSE,"low_cell_count"
"SCP2959::144119::Stricture","B_cell::Naïve B",313,"SCP2959","144119","SCP2959::144119","Stricture",7328,1,0.0427128820960699,TRUE,"adequate_cell_count"
"SCP2959::144119::Stricture","Endothelial",224,"SCP2959","144119","SCP2959::144119","Stricture",7328,1,0.0305676855895197,TRUE,"adequate_cell_count"
"SCP2959::144119::Stricture","Epithelial",3616,"SCP2959","144119","SCP2959::144119","Stricture",7328,1,0.493449781659389,TRUE,"adequate_cell_count"
"SCP2959::144119::Stricture","Mast",27,"SCP2959","144119","SCP2959::144119","Stricture",7328,1,0.00368449781659389,TRUE,"adequate_cell_count"
"SCP2959::144119::Stricture","Mesenchymal_stromal",793,"SCP2959","144119","SCP2959::144119","Stricture",7328,1,0.108215065502183,TRUE,"adequate_cell_count"
"SCP2959::144119::Stricture","Myeloid",415,"SCP2959","144119","SCP2959::144119","Stricture",7328,1,0.056632096069869,TRUE,"adequate_cell_count"
"SCP2959::144119::Stricture","Plasma::Activated plasma",77,"SCP2959","144119","SCP2959::144119","Stricture",7328,1,0.0105076419213974,TRUE,"adequate_cell_count"
"SCP2959::144119::Stricture","Plasma::IgA plasma",182,"SCP2959","144119","SCP2959::144119","Stricture",7328,1,0.0248362445414847,TRUE,"adequate_cell_count"
"SCP2959::144119::Stricture","Plasma::IgG plasma",139,"SCP2959","144119","SCP2959::144119","Stricture",7328,1,0.0189683406113537,TRUE,"adequate_cell_count"
"SCP2959::144119::Stricture","Plasma::Transitional B",1,"SCP2959","144119","SCP2959::144119","Stricture",7328,1,0.00013646288209607,FALSE,"low_cell_count"
"SCP2959::144119::Stricture","T_NK",1274,"SCP2959","144119","SCP2959::144119","Stricture",7328,1,0.173853711790393,TRUE,"adequate_cell_count"
"SCP2959::161862::Stricture","B_cell::ActB3",15,"SCP2959","161862","SCP2959::161862","Stricture",3030,1,0.00495049504950495,FALSE,"low_cell_count"
"SCP2959::161862::Stricture","B_cell::CSM",92,"SCP2959","161862","SCP2959::161862","Stricture",3030,1,0.0303630363036304,TRUE,"adequate_cell_count"
"SCP2959::161862::Stricture","B_cell::Centroblast B",3,"SCP2959","161862","SCP2959::161862","Stricture",3030,1,0.00099009900990099,FALSE,"low_cell_count"
"SCP2959::161862::Stricture","B_cell::Centrocyte B",0,"SCP2959","161862","SCP2959::161862","Stricture",3030,1,0,FALSE,"absent_zero_cells"
"SCP2959::161862::Stricture","B_cell::DN2",4,"SCP2959","161862","SCP2959::161862","Stricture",3030,1,0.00132013201320132,FALSE,"low_cell_count"
"SCP2959::161862::Stricture","B_cell::IgM-only",0,"SCP2959","161862","SCP2959::161862","Stricture",3030,1,0,FALSE,"absent_zero_cells"
"SCP2959::161862::Stricture","B_cell::MZ",0,"SCP2959","161862","SCP2959::161862","Stricture",3030,1,0,FALSE,"absent_zero_cells"
"SCP2959::161862::Stricture","B_cell::Naïve B",7,"SCP2959","161862","SCP2959::161862","Stricture",3030,1,0.00231023102310231,FALSE,"low_cell_count"
"SCP2959::161862::Stricture","Endothelial",24,"SCP2959","161862","SCP2959::161862","Stricture",3030,1,0.00792079207920792,TRUE,"adequate_cell_count"
"SCP2959::161862::Stricture","Epithelial",1567,"SCP2959","161862","SCP2959::161862","Stricture",3030,1,0.517161716171617,TRUE,"adequate_cell_count"
"SCP2959::161862::Stricture","Mast",69,"SCP2959","161862","SCP2959::161862","Stricture",3030,1,0.0227722772277228,TRUE,"adequate_cell_count"
"SCP2959::161862::Stricture","Mesenchymal_stromal",43,"SCP2959","161862","SCP2959::161862","Stricture",3030,1,0.0141914191419142,TRUE,"adequate_cell_count"
"SCP2959::161862::Stricture","Myeloid",139,"SCP2959","161862","SCP2959::161862","Stricture",3030,1,0.0458745874587459,TRUE,"adequate_cell_count"
"SCP2959::161862::Stricture","Plasma::Activated plasma",118,"SCP2959","161862","SCP2959::161862","Stricture",3030,1,0.0389438943894389,TRUE,"adequate_cell_count"
"SCP2959::161862::Stricture","Plasma::IgA plasma",709,"SCP2959","161862","SCP2959::161862","Stricture",3030,1,0.233993399339934,TRUE,"adequate_cell_count"
"SCP2959::161862::Stricture","Plasma::IgG plasma",67,"SCP2959","161862","SCP2959::161862","Stricture",3030,1,0.0221122112211221,TRUE,"adequate_cell_count"
"SCP2959::161862::Stricture","Plasma::Transitional B",1,"SCP2959","161862","SCP2959::161862","Stricture",3030,1,0.00033003300330033,FALSE,"low_cell_count"
"SCP2959::161862::Stricture","T_NK",172,"SCP2959","161862","SCP2959::161862","Stricture",3030,1,0.0567656765676568,TRUE,"adequate_cell_count"
"SCP2959::178961::Stricture","B_cell::ActB3",29,"SCP2959","178961","SCP2959::178961","Stricture",5589,1,0.00518876364286992,TRUE,"adequate_cell_count"
"SCP2959::178961::Stricture","B_cell::CSM",163,"SCP2959","178961","SCP2959::178961","Stricture",5589,1,0.0291644301306137,TRUE,"adequate_cell_count"
"SCP2959::178961::Stricture","B_cell::Centroblast B",66,"SCP2959","178961","SCP2959::178961","Stricture",5589,1,0.011808910359635,TRUE,"adequate_cell_count"
"SCP2959::178961::Stricture","B_cell::Centrocyte B",60,"SCP2959","178961","SCP2959::178961","Stricture",5589,1,0.0107353730542136,TRUE,"adequate_cell_count"
"SCP2959::178961::Stricture","B_cell::DN2",126,"SCP2959","178961","SCP2959::178961","Stricture",5589,1,0.0225442834138486,TRUE,"adequate_cell_count"
"SCP2959::178961::Stricture","B_cell::IgM-only",44,"SCP2959","178961","SCP2959::178961","Stricture",5589,1,0.00787260690642333,TRUE,"adequate_cell_count"
"SCP2959::178961::Stricture","B_cell::MZ",18,"SCP2959","178961","SCP2959::178961","Stricture",5589,1,0.00322061191626409,FALSE,"low_cell_count"
"SCP2959::178961::Stricture","B_cell::Naïve B",92,"SCP2959","178961","SCP2959::178961","Stricture",5589,1,0.0164609053497942,TRUE,"adequate_cell_count"
"SCP2959::178961::Stricture","Endothelial",70,"SCP2959","178961","SCP2959::178961","Stricture",5589,1,0.0125246018965826,TRUE,"adequate_cell_count"
"SCP2959::178961::Stricture","Epithelial",3729,"SCP2959","178961","SCP2959::178961","Stricture",5589,1,0.667203435319377,TRUE,"adequate_cell_count"
"SCP2959::178961::Stricture","Mast",131,"SCP2959","178961","SCP2959::178961","Stricture",5589,1,0.0234388978350331,TRUE,"adequate_cell_count"
"SCP2959::178961::Stricture","Mesenchymal_stromal",204,"SCP2959","178961","SCP2959::178961","Stricture",5589,1,0.0365002683843264,TRUE,"adequate_cell_count"
"SCP2959::178961::Stricture","Myeloid",334,"SCP2959","178961","SCP2959::178961","Stricture",5589,1,0.0597602433351226,TRUE,"adequate_cell_count"
"SCP2959::178961::Stricture","Plasma::Activated plasma",39,"SCP2959","178961","SCP2959::178961","Stricture",5589,1,0.00697799248523886,TRUE,"adequate_cell_count"
"SCP2959::178961::Stricture","Plasma::IgA plasma",58,"SCP2959","178961","SCP2959::178961","Stricture",5589,1,0.0103775272857398,TRUE,"adequate_cell_count"
"SCP2959::178961::Stricture","Plasma::IgG plasma",2,"SCP2959","178961","SCP2959::178961","Stricture",5589,1,0.000357845768473788,FALSE,"low_cell_count"
"SCP2959::178961::Stricture","Plasma::Transitional B",0,"SCP2959","178961","SCP2959::178961","Stricture",5589,1,0,FALSE,"absent_zero_cells"
"SCP2959::178961::Stricture","T_NK",424,"SCP2959","178961","SCP2959::178961","Stricture",5589,1,0.075863302916443,TRUE,"adequate_cell_count"
"SCP2959::182097::Non-stricture","B_cell::ActB3",3,"SCP2959","182097","SCP2959::182097","Non-stricture",2278,1,0.00131694468832309,FALSE,"low_cell_count"
"SCP2959::182097::Non-stricture","B_cell::CSM",51,"SCP2959","182097","SCP2959::182097","Non-stricture",2278,1,0.0223880597014925,TRUE,"adequate_cell_count"
"SCP2959::182097::Non-stricture","B_cell::Centroblast B",0,"SCP2959","182097","SCP2959::182097","Non-stricture",2278,1,0,FALSE,"absent_zero_cells"
"SCP2959::182097::Non-stricture","B_cell::Centrocyte B",0,"SCP2959","182097","SCP2959::182097","Non-stricture",2278,1,0,FALSE,"absent_zero_cells"
"SCP2959::182097::Non-stricture","B_cell::DN2",14,"SCP2959","182097","SCP2959::182097","Non-stricture",2278,1,0.00614574187884109,FALSE,"low_cell_count"
"SCP2959::182097::Non-stricture","B_cell::IgM-only",0,"SCP2959","182097","SCP2959::182097","Non-stricture",2278,1,0,FALSE,"absent_zero_cells"
"SCP2959::182097::Non-stricture","B_cell::MZ",0,"SCP2959","182097","SCP2959::182097","Non-stricture",2278,1,0,FALSE,"absent_zero_cells"
"SCP2959::182097::Non-stricture","B_cell::Naïve B",13,"SCP2959","182097","SCP2959::182097","Non-stricture",2278,1,0.00570676031606673,FALSE,"low_cell_count"
"SCP2959::182097::Non-stricture","Endothelial",39,"SCP2959","182097","SCP2959::182097","Non-stricture",2278,1,0.0171202809482002,TRUE,"adequate_cell_count"
"SCP2959::182097::Non-stricture","Epithelial",124,"SCP2959","182097","SCP2959::182097","Non-stricture",2278,1,0.0544337137840211,TRUE,"adequate_cell_count"
"SCP2959::182097::Non-stricture","Mast",179,"SCP2959","182097","SCP2959::182097","Non-stricture",2278,1,0.0785776997366111,TRUE,"adequate_cell_count"
"SCP2959::182097::Non-stricture","Mesenchymal_stromal",217,"SCP2959","182097","SCP2959::182097","Non-stricture",2278,1,0.0952589991220369,TRUE,"adequate_cell_count"
"SCP2959::182097::Non-stricture","Myeloid",189,"SCP2959","182097","SCP2959::182097","Non-stricture",2278,1,0.0829675153643547,TRUE,"adequate_cell_count"
"SCP2959::182097::Non-stricture","Plasma::Activated plasma",543,"SCP2959","182097","SCP2959::182097","Non-stricture",2278,1,0.238366988586479,TRUE,"adequate_cell_count"
"SCP2959::182097::Non-stricture","Plasma::IgA plasma",392,"SCP2959","182097","SCP2959::182097","Non-stricture",2278,1,0.17208077260755,TRUE,"adequate_cell_count"
"SCP2959::182097::Non-stricture","Plasma::IgG plasma",12,"SCP2959","182097","SCP2959::182097","Non-stricture",2278,1,0.00526777875329236,FALSE,"low_cell_count"
"SCP2959::182097::Non-stricture","Plasma::Transitional B",0,"SCP2959","182097","SCP2959::182097","Non-stricture",2278,1,0,FALSE,"absent_zero_cells"
"SCP2959::182097::Non-stricture","T_NK",502,"SCP2959","182097","SCP2959::182097","Non-stricture",2278,1,0.22036874451273,TRUE,"adequate_cell_count"
"SCP2959::182097::Stricture","B_cell::ActB3",2,"SCP2959","182097","SCP2959::182097","Stricture",3994,1,0.000500751126690035,FALSE,"low_cell_count"
"SCP2959::182097::Stricture","B_cell::CSM",76,"SCP2959","182097","SCP2959::182097","Stricture",3994,1,0.0190285428142213,TRUE,"adequate_cell_count"
"SCP2959::182097::Stricture","B_cell::Centroblast B",1,"SCP2959","182097","SCP2959::182097","Stricture",3994,1,0.000250375563345018,FALSE,"low_cell_count"
"SCP2959::182097::Stricture","B_cell::Centrocyte B",0,"SCP2959","182097","SCP2959::182097","Stricture",3994,1,0,FALSE,"absent_zero_cells"
"SCP2959::182097::Stricture","B_cell::DN2",17,"SCP2959","182097","SCP2959::182097","Stricture",3994,1,0.0042563845768653,FALSE,"low_cell_count"
"SCP2959::182097::Stricture","B_cell::IgM-only",0,"SCP2959","182097","SCP2959::182097","Stricture",3994,1,0,FALSE,"absent_zero_cells"
"SCP2959::182097::Stricture","B_cell::MZ",0,"SCP2959","182097","SCP2959::182097","Stricture",3994,1,0,FALSE,"absent_zero_cells"
"SCP2959::182097::Stricture","B_cell::Naïve B",0,"SCP2959","182097","SCP2959::182097","Stricture",3994,1,0,FALSE,"absent_zero_cells"
"SCP2959::182097::Stricture","Endothelial",56,"SCP2959","182097","SCP2959::182097","Stricture",3994,1,0.014021031547321,TRUE,"adequate_cell_count"
"SCP2959::182097::Stricture","Epithelial",171,"SCP2959","182097","SCP2959::182097","Stricture",3994,1,0.042814221331998,TRUE,"adequate_cell_count"
"SCP2959::182097::Stricture","Mast",241,"SCP2959","182097","SCP2959::182097","Stricture",3994,1,0.0603405107661492,TRUE,"adequate_cell_count"
"SCP2959::182097::Stricture","Mesenchymal_stromal",255,"SCP2959","182097","SCP2959::182097","Stricture",3994,1,0.0638457686529795,TRUE,"adequate_cell_count"
"SCP2959::182097::Stricture","Myeloid",384,"SCP2959","182097","SCP2959::182097","Stricture",3994,1,0.0961442163244867,TRUE,"adequate_cell_count"
"SCP2959::182097::Stricture","Plasma::Activated plasma",909,"SCP2959","182097","SCP2959::182097","Stricture",3994,1,0.227591387080621,TRUE,"adequate_cell_count"
"SCP2959::182097::Stricture","Plasma::IgA plasma",1058,"SCP2959","182097","SCP2959::182097","Stricture",3994,1,0.264897346019029,TRUE,"adequate_cell_count"
"SCP2959::182097::Stricture","Plasma::IgG plasma",21,"SCP2959","182097","SCP2959::182097","Stricture",3994,1,0.00525788683024537,TRUE,"adequate_cell_count"
"SCP2959::182097::Stricture","Plasma::Transitional B",0,"SCP2959","182097","SCP2959::182097","Stricture",3994,1,0,FALSE,"absent_zero_cells"
"SCP2959::182097::Stricture","T_NK",803,"SCP2959","182097","SCP2959::182097","Stricture",3994,1,0.201051577366049,TRUE,"adequate_cell_count"
"SCP2959::197414::Non-stricture","B_cell::ActB3",11,"SCP2959","197414","SCP2959::197414","Non-stricture",15135,1,0.000726792203501817,FALSE,"low_cell_count"
"SCP2959::197414::Non-stricture","B_cell::CSM",144,"SCP2959","197414","SCP2959::197414","Non-stricture",15135,1,0.00951437066402379,TRUE,"adequate_cell_count"
"SCP2959::197414::Non-stricture","B_cell::Centroblast B",3,"SCP2959","197414","SCP2959::197414","Non-stricture",15135,1,0.000198216055500496,FALSE,"low_cell_count"
"SCP2959::197414::Non-stricture","B_cell::Centrocyte B",0,"SCP2959","197414","SCP2959::197414","Non-stricture",15135,1,0,FALSE,"absent_zero_cells"
"SCP2959::197414::Non-stricture","B_cell::DN2",12,"SCP2959","197414","SCP2959::197414","Non-stricture",15135,1,0.000792864222001982,FALSE,"low_cell_count"
"SCP2959::197414::Non-stricture","B_cell::IgM-only",1,"SCP2959","197414","SCP2959::197414","Non-stricture",15135,1,6.60720185001652e-05,FALSE,"low_cell_count"
"SCP2959::197414::Non-stricture","B_cell::MZ",1,"SCP2959","197414","SCP2959::197414","Non-stricture",15135,1,6.60720185001652e-05,FALSE,"low_cell_count"
"SCP2959::197414::Non-stricture","B_cell::Naïve B",2,"SCP2959","197414","SCP2959::197414","Non-stricture",15135,1,0.00013214403700033,FALSE,"low_cell_count"
"SCP2959::197414::Non-stricture","Endothelial",221,"SCP2959","197414","SCP2959::197414","Non-stricture",15135,1,0.0146019160885365,TRUE,"adequate_cell_count"
"SCP2959::197414::Non-stricture","Epithelial",8316,"SCP2959","197414","SCP2959::197414","Non-stricture",15135,1,0.549454905847374,TRUE,"adequate_cell_count"
"SCP2959::197414::Non-stricture","Mast",218,"SCP2959","197414","SCP2959::197414","Non-stricture",15135,1,0.014403700033036,TRUE,"adequate_cell_count"
"SCP2959::197414::Non-stricture","Mesenchymal_stromal",961,"SCP2959","197414","SCP2959::197414","Non-stricture",15135,1,0.0634952097786587,TRUE,"adequate_cell_count"
"SCP2959::197414::Non-stricture","Myeloid",942,"SCP2959","197414","SCP2959::197414","Non-stricture",15135,1,0.0622398414271556,TRUE,"adequate_cell_count"
"SCP2959::197414::Non-stricture","Plasma::Activated plasma",342,"SCP2959","197414","SCP2959::197414","Non-stricture",15135,1,0.0225966303270565,TRUE,"adequate_cell_count"
"SCP2959::197414::Non-stricture","Plasma::IgA plasma",1099,"SCP2959","197414","SCP2959::197414","Non-stricture",15135,1,0.0726131483316815,TRUE,"adequate_cell_count"
"SCP2959::197414::Non-stricture","Plasma::IgG plasma",19,"SCP2959","197414","SCP2959::197414","Non-stricture",15135,1,0.00125536835150314,FALSE,"low_cell_count"
"SCP2959::197414::Non-stricture","Plasma::Transitional B",3,"SCP2959","197414","SCP2959::197414","Non-stricture",15135,1,0.000198216055500496,FALSE,"low_cell_count"
"SCP2959::197414::Non-stricture","T_NK",2840,"SCP2959","197414","SCP2959::197414","Non-stricture",15135,1,0.187644532540469,TRUE,"adequate_cell_count"
"SCP2959::197414::Stricture","B_cell::ActB3",23,"SCP2959","197414","SCP2959::197414","Stricture",2152,1,0.0106877323420074,TRUE,"adequate_cell_count"
"SCP2959::197414::Stricture","B_cell::CSM",51,"SCP2959","197414","SCP2959::197414","Stricture",2152,1,0.0236988847583643,TRUE,"adequate_cell_count"
"SCP2959::197414::Stricture","B_cell::Centroblast B",6,"SCP2959","197414","SCP2959::197414","Stricture",2152,1,0.00278810408921933,FALSE,"low_cell_count"
"SCP2959::197414::Stricture","B_cell::Centrocyte B",0,"SCP2959","197414","SCP2959::197414","Stricture",2152,1,0,FALSE,"absent_zero_cells"
"SCP2959::197414::Stricture","B_cell::DN2",44,"SCP2959","197414","SCP2959::197414","Stricture",2152,1,0.0204460966542751,TRUE,"adequate_cell_count"
"SCP2959::197414::Stricture","B_cell::IgM-only",5,"SCP2959","197414","SCP2959::197414","Stricture",2152,1,0.00232342007434944,FALSE,"low_cell_count"
"SCP2959::197414::Stricture","B_cell::MZ",9,"SCP2959","197414","SCP2959::197414","Stricture",2152,1,0.004182156133829,FALSE,"low_cell_count"
"SCP2959::197414::Stricture","B_cell::Naïve B",47,"SCP2959","197414","SCP2959::197414","Stricture",2152,1,0.0218401486988848,TRUE,"adequate_cell_count"
"SCP2959::197414::Stricture","Endothelial",36,"SCP2959","197414","SCP2959::197414","Stricture",2152,1,0.016728624535316,TRUE,"adequate_cell_count"
"SCP2959::197414::Stricture","Epithelial",1313,"SCP2959","197414","SCP2959::197414","Stricture",2152,1,0.610130111524164,TRUE,"adequate_cell_count"
"SCP2959::197414::Stricture","Mast",6,"SCP2959","197414","SCP2959::197414","Stricture",2152,1,0.00278810408921933,FALSE,"low_cell_count"
"SCP2959::197414::Stricture","Mesenchymal_stromal",8,"SCP2959","197414","SCP2959::197414","Stricture",2152,1,0.00371747211895911,FALSE,"low_cell_count"
"SCP2959::197414::Stricture","Myeloid",122,"SCP2959","197414","SCP2959::197414","Stricture",2152,1,0.0566914498141264,TRUE,"adequate_cell_count"
"SCP2959::197414::Stricture","Plasma::Activated plasma",7,"SCP2959","197414","SCP2959::197414","Stricture",2152,1,0.00325278810408922,FALSE,"low_cell_count"
"SCP2959::197414::Stricture","Plasma::IgA plasma",31,"SCP2959","197414","SCP2959::197414","Stricture",2152,1,0.0144052044609665,TRUE,"adequate_cell_count"
"SCP2959::197414::Stricture","Plasma::IgG plasma",91,"SCP2959","197414","SCP2959::197414","Stricture",2152,1,0.0422862453531599,TRUE,"adequate_cell_count"
"SCP2959::197414::Stricture","Plasma::Transitional B",0,"SCP2959","197414","SCP2959::197414","Stricture",2152,1,0,FALSE,"absent_zero_cells"
"SCP2959::197414::Stricture","T_NK",353,"SCP2959","197414","SCP2959::197414","Stricture",2152,1,0.164033457249071,TRUE,"adequate_cell_count"
