dataset,sender,receiver,contrast,reference,target,n_reference_donors,n_target_donors,n_paired_donors,n_reference_only,n_target_only,both_groups_present
"GSE134809","B_cell::ActB3","Endothelial","Stricture_minus_Non_stricture","Non-stricture","Stricture",0,0,0,0,0,FALSE
"GSE134809","B_cell::ActB3","Endothelial","Stricture_minus_Control","Control","Stricture",0,0,0,0,0,FALSE
"GSE134809","B_cell::ActB3","Endothelial","Inflamed_minus_Control","Control","Inflamed",0,5,0,0,5,FALSE
"GSE134809","B_cell::ActB3","Endothelial","Inflamed_minus_Non_inflamed","Non-inflamed","Inflamed",0,5,0,0,5,FALSE
"GSE134809","B_cell::ActB3","Endothelial","Stricture_minus_Inflamed","Inflamed","Stricture",5,0,0,5,0,FALSE
"GSE134809","B_cell::ActB3","Epithelial","Stricture_minus_Non_stricture","Non-stricture","Stricture",0,0,0,0,0,FALSE
"GSE134809","B_cell::ActB3","Epithelial","Stricture_minus_Control","Control","Stricture",0,0,0,0,0,FALSE
"GSE134809","B_cell::ActB3","Epithelial","Inflamed_minus_Control","Control","Inflamed",0,5,0,0,5,FALSE
"GSE134809","B_cell::ActB3","Epithelial","Inflamed_minus_Non_inflamed","Non-inflamed","Inflamed",0,5,0,0,5,FALSE
"GSE134809","B_cell::ActB3","Epithelial","Stricture_minus_Inflamed","Inflamed","Stricture",5,0,0,5,0,FALSE
"GSE134809","B_cell::ActB3","Mast","Stricture_minus_Non_stricture","Non-stricture","Stricture",0,0,0,0,0,FALSE
"GSE134809","B_cell::ActB3","Mast","Stricture_minus_Control","Control","Stricture",0,0,0,0,0,FALSE
"GSE134809","B_cell::ActB3","Mast","Inflamed_minus_Control","Control","Inflamed",0,2,0,0,2,FALSE
"GSE134809","B_cell::ActB3","Mast","Inflamed_minus_Non_inflamed","Non-inflamed","Inflamed",0,2,0,0,2,FALSE
"GSE134809","B_cell::ActB3","Mast","Stricture_minus_Inflamed","Inflamed","Stricture",2,0,0,2,0,FALSE
"GSE134809","B_cell::ActB3","Mesenchymal_stromal","Stricture_minus_Non_stricture","Non-stricture","Stricture",0,0,0,0,0,FALSE
"GSE134809","B_cell::ActB3","Mesenchymal_stromal","Stricture_minus_Control","Control","Stricture",0,0,0,0,0,FALSE
"GSE134809","B_cell::ActB3","Mesenchymal_stromal","Inflamed_minus_Control","Control","Inflamed",0,5,0,0,5,FALSE
"GSE134809","B_cell::ActB3","Mesenchymal_stromal","Inflamed_minus_Non_inflamed","Non-inflamed","Inflamed",0,5,0,0,5,FALSE
"GSE134809","B_cell::ActB3","Mesenchymal_stromal","Stricture_minus_Inflamed","Inflamed","Stricture",5,0,0,5,0,FALSE
"GSE134809","B_cell::ActB3","Myeloid","Stricture_minus_Non_stricture","Non-stricture","Stricture",0,0,0,0,0,FALSE
"GSE134809","B_cell::ActB3","Myeloid","Stricture_minus_Control","Control","Stricture",0,0,0,0,0,FALSE
"GSE134809","B_cell::ActB3","Myeloid","Inflamed_minus_Control","Control","Inflamed",0,5,0,0,5,FALSE
"GSE134809","B_cell::ActB3","Myeloid","Inflamed_minus_Non_inflamed","Non-inflamed","Inflamed",0,5,0,0,5,FALSE
"GSE134809","B_cell::ActB3","Myeloid","Stricture_minus_Inflamed","Inflamed","Stricture",5,0,0,5,0,FALSE
"GSE134809","B_cell::ActB3","T_NK","Stricture_minus_Non_stricture","Non-stricture","Stricture",0,0,0,0,0,FALSE
"GSE134809","B_cell::ActB3","T_NK","Stricture_minus_Control","Control","Stricture",0,0,0,0,0,FALSE
"GSE134809","B_cell::ActB3","T_NK","Inflamed_minus_Control","Control","Inflamed",0,5,0,0,5,FALSE
"GSE134809","B_cell::ActB3","T_NK","Inflamed_minus_Non_inflamed","Non-inflamed","Inflamed",0,5,0,0,5,FALSE
"GSE134809","B_cell::ActB3","T_NK","Stricture_minus_Inflamed","Inflamed","Stricture",5,0,0,5,0,FALSE
"GSE134809","B_cell::CSM","Endothelial","Stricture_minus_Non_stricture","Non-stricture","Stricture",0,0,0,0,0,FALSE
"GSE134809","B_cell::CSM","Endothelial","Stricture_minus_Control","Control","Stricture",0,0,0,0,0,FALSE
"GSE134809","B_cell::CSM","Endothelial","Inflamed_minus_Control","Control","Inflamed",0,10,0,0,10,FALSE
"GSE134809","B_cell::CSM","Endothelial","Inflamed_minus_Non_inflamed","Non-inflamed","Inflamed",7,10,0,7,10,TRUE
"GSE134809","B_cell::CSM","Endothelial","Stricture_minus_Inflamed","Inflamed","Stricture",10,0,0,10,0,FALSE
"GSE134809","B_cell::CSM","Epithelial","Stricture_minus_Non_stricture","Non-stricture","Stricture",0,0,0,0,0,FALSE
"GSE134809","B_cell::CSM","Epithelial","Stricture_minus_Control","Control","Stricture",0,0,0,0,0,FALSE
"GSE134809","B_cell::CSM","Epithelial","Inflamed_minus_Control","Control","Inflamed",0,9,0,0,9,FALSE
"GSE134809","B_cell::CSM","Epithelial","Inflamed_minus_Non_inflamed","Non-inflamed","Inflamed",10,9,0,10,9,TRUE
"GSE134809","B_cell::CSM","Epithelial","Stricture_minus_Inflamed","Inflamed","Stricture",9,0,0,9,0,FALSE
"GSE134809","B_cell::CSM","Mast","Stricture_minus_Non_stricture","Non-stricture","Stricture",0,0,0,0,0,FALSE
"GSE134809","B_cell::CSM","Mast","Stricture_minus_Control","Control","Stricture",0,0,0,0,0,FALSE
"GSE134809","B_cell::CSM","Mast","Inflamed_minus_Control","Control","Inflamed",0,3,0,0,3,FALSE
"GSE134809","B_cell::CSM","Mast","Inflamed_minus_Non_inflamed","Non-inflamed","Inflamed",5,3,0,5,3,TRUE
"GSE134809","B_cell::CSM","Mast","Stricture_minus_Inflamed","Inflamed","Stricture",3,0,0,3,0,FALSE
"GSE134809","B_cell::CSM","Mesenchymal_stromal","Stricture_minus_Non_stricture","Non-stricture","Stricture",0,0,0,0,0,FALSE
"GSE134809","B_cell::CSM","Mesenchymal_stromal","Stricture_minus_Control","Control","Stricture",0,0,0,0,0,FALSE
"GSE134809","B_cell::CSM","Mesenchymal_stromal","Inflamed_minus_Control","Control","Inflamed",0,10,0,0,10,FALSE
"GSE134809","B_cell::CSM","Mesenchymal_stromal","Inflamed_minus_Non_inflamed","Non-inflamed","Inflamed",9,10,0,9,10,TRUE
"GSE134809","B_cell::CSM","Mesenchymal_stromal","Stricture_minus_Inflamed","Inflamed","Stricture",10,0,0,10,0,FALSE
"GSE134809","B_cell::CSM","Myeloid","Stricture_minus_Non_stricture","Non-stricture","Stricture",0,0,0,0,0,FALSE
"GSE134809","B_cell::CSM","Myeloid","Stricture_minus_Control","Control","Stricture",0,0,0,0,0,FALSE
"GSE134809","B_cell::CSM","Myeloid","Inflamed_minus_Control","Control","Inflamed",0,10,0,0,10,FALSE
"GSE134809","B_cell::CSM","Myeloid","Inflamed_minus_Non_inflamed","Non-inflamed","Inflamed",10,10,0,10,10,TRUE
"GSE134809","B_cell::CSM","Myeloid","Stricture_minus_Inflamed","Inflamed","Stricture",10,0,0,10,0,FALSE
"GSE134809","B_cell::CSM","T_NK","Stricture_minus_Non_stricture","Non-stricture","Stricture",0,0,0,0,0,FALSE
"GSE134809","B_cell::CSM","T_NK","Stricture_minus_Control","Control","Stricture",0,0,0,0,0,FALSE
"GSE134809","B_cell::CSM","T_NK","Inflamed_minus_Control","Control","Inflamed",0,10,0,0,10,FALSE
"GSE134809","B_cell::CSM","T_NK","Inflamed_minus_Non_inflamed","Non-inflamed","Inflamed",10,10,0,10,10,TRUE
"GSE134809","B_cell::CSM","T_NK","Stricture_minus_Inflamed","Inflamed","Stricture",10,0,0,10,0,FALSE
"GSE134809","B_cell::Centroblast B","Endothelial","Stricture_minus_Non_stricture","Non-stricture","Stricture",0,0,0,0,0,FALSE
"GSE134809","B_cell::Centroblast B","Endothelial","Stricture_minus_Control","Control","Stricture",0,0,0,0,0,FALSE
"GSE134809","B_cell::Centroblast B","Endothelial","Inflamed_minus_Control","Control","Inflamed",0,1,0,0,1,FALSE
"GSE134809","B_cell::Centroblast B","Endothelial","Inflamed_minus_Non_inflamed","Non-inflamed","Inflamed",0,1,0,0,1,FALSE
"GSE134809","B_cell::Centroblast B","Endothelial","Stricture_minus_Inflamed","Inflamed","Stricture",1,0,0,1,0,FALSE
"GSE134809","B_cell::Centroblast B","Epithelial","Stricture_minus_Non_stricture","Non-stricture","Stricture",0,0,0,0,0,FALSE
"GSE134809","B_cell::Centroblast B","Epithelial","Stricture_minus_Control","Control","Stricture",0,0,0,0,0,FALSE
"GSE134809","B_cell::Centroblast B","Epithelial","Inflamed_minus_Control","Control","Inflamed",0,1,0,0,1,FALSE
"GSE134809","B_cell::Centroblast B","Epithelial","Inflamed_minus_Non_inflamed","Non-inflamed","Inflamed",0,1,0,0,1,FALSE
"GSE134809","B_cell::Centroblast B","Epithelial","Stricture_minus_Inflamed","Inflamed","Stricture",1,0,0,1,0,FALSE
"GSE134809","B_cell::Centroblast B","Mast","Stricture_minus_Non_stricture","Non-stricture","Stricture",0,0,0,0,0,FALSE
"GSE134809","B_cell::Centroblast B","Mast","Stricture_minus_Control","Control","Stricture",0,0,0,0,0,FALSE
"GSE134809","B_cell::Centroblast B","Mast","Inflamed_minus_Control","Control","Inflamed",0,1,0,0,1,FALSE
"GSE134809","B_cell::Centroblast B","Mast","Inflamed_minus_Non_inflamed","Non-inflamed","Inflamed",0,1,0,0,1,FALSE
"GSE134809","B_cell::Centroblast B","Mast","Stricture_minus_Inflamed","Inflamed","Stricture",1,0,0,1,0,FALSE
"GSE134809","B_cell::Centroblast B","Mesenchymal_stromal","Stricture_minus_Non_stricture","Non-stricture","Stricture",0,0,0,0,0,FALSE
"GSE134809","B_cell::Centroblast B","Mesenchymal_stromal","Stricture_minus_Control","Control","Stricture",0,0,0,0,0,FALSE
"GSE134809","B_cell::Centroblast B","Mesenchymal_stromal","Inflamed_minus_Control","Control","Inflamed",0,1,0,0,1,FALSE
"GSE134809","B_cell::Centroblast B","Mesenchymal_stromal","Inflamed_minus_Non_inflamed","Non-inflamed","Inflamed",0,1,0,0,1,FALSE
"GSE134809","B_cell::Centroblast B","Mesenchymal_stromal","Stricture_minus_Inflamed","Inflamed","Stricture",1,0,0,1,0,FALSE
"GSE134809","B_cell::Centroblast B","Myeloid","Stricture_minus_Non_stricture","Non-stricture","Stricture",0,0,0,0,0,FALSE
"GSE134809","B_cell::Centroblast B","Myeloid","Stricture_minus_Control","Control","Stricture",0,0,0,0,0,FALSE
"GSE134809","B_cell::Centroblast B","Myeloid","Inflamed_minus_Control","Control","Inflamed",0,1,0,0,1,FALSE
"GSE134809","B_cell::Centroblast B","Myeloid","Inflamed_minus_Non_inflamed","Non-inflamed","Inflamed",0,1,0,0,1,FALSE
"GSE134809","B_cell::Centroblast B","Myeloid","Stricture_minus_Inflamed","Inflamed","Stricture",1,0,0,1,0,FALSE
"GSE134809","B_cell::Centroblast B","T_NK","Stricture_minus_Non_stricture","Non-stricture","Stricture",0,0,0,0,0,FALSE
"GSE134809","B_cell::Centroblast B","T_NK","Stricture_minus_Control","Control","Stricture",0,0,0,0,0,FALSE
"GSE134809","B_cell::Centroblast B","T_NK","Inflamed_minus_Control","Control","Inflamed",0,1,0,0,1,FALSE
"GSE134809","B_cell::Centroblast B","T_NK","Inflamed_minus_Non_inflamed","Non-inflamed","Inflamed",0,1,0,0,1,FALSE
"GSE134809","B_cell::Centroblast B","T_NK","Stricture_minus_Inflamed","Inflamed","Stricture",1,0,0,1,0,FALSE
"GSE134809","B_cell::Centrocyte B","Endothelial","Stricture_minus_Non_stricture","Non-stricture","Stricture",0,0,0,0,0,FALSE
"GSE134809","B_cell::Centrocyte B","Endothelial","Stricture_minus_Control","Control","Stricture",0,0,0,0,0,FALSE
"GSE134809","B_cell::Centrocyte B","Endothelial","Inflamed_minus_Control","Control","Inflamed",0,1,0,0,1,FALSE
"GSE134809","B_cell::Centrocyte B","Endothelial","Inflamed_minus_Non_inflamed","Non-inflamed","Inflamed",1,1,0,1,1,TRUE
"GSE134809","B_cell::Centrocyte B","Endothelial","Stricture_minus_Inflamed","Inflamed","Stricture",1,0,0,1,0,FALSE
"GSE134809","B_cell::Centrocyte B","Epithelial","Stricture_minus_Non_stricture","Non-stricture","Stricture",0,0,0,0,0,FALSE
"GSE134809","B_cell::Centrocyte B","Epithelial","Stricture_minus_Control","Control","Stricture",0,0,0,0,0,FALSE
"GSE134809","B_cell::Centrocyte B","Epithelial","Inflamed_minus_Control","Control","Inflamed",0,1,0,0,1,FALSE
"GSE134809","B_cell::Centrocyte B","Epithelial","Inflamed_minus_Non_inflamed","Non-inflamed","Inflamed",1,1,0,1,1,TRUE
"GSE134809","B_cell::Centrocyte B","Epithelial","Stricture_minus_Inflamed","Inflamed","Stricture",1,0,0,1,0,FALSE
"GSE134809","B_cell::Centrocyte B","Mast","Stricture_minus_Non_stricture","Non-stricture","Stricture",0,0,0,0,0,FALSE
"GSE134809","B_cell::Centrocyte B","Mast","Stricture_minus_Control","Control","Stricture",0,0,0,0,0,FALSE
"GSE134809","B_cell::Centrocyte B","Mast","Inflamed_minus_Control","Control","Inflamed",0,1,0,0,1,FALSE
"GSE134809","B_cell::Centrocyte B","Mast","Inflamed_minus_Non_inflamed","Non-inflamed","Inflamed",1,1,0,1,1,TRUE
"GSE134809","B_cell::Centrocyte B","Mast","Stricture_minus_Inflamed","Inflamed","Stricture",1,0,0,1,0,FALSE
"GSE134809","B_cell::Centrocyte B","Mesenchymal_stromal","Stricture_minus_Non_stricture","Non-stricture","Stricture",0,0,0,0,0,FALSE
"GSE134809","B_cell::Centrocyte B","Mesenchymal_stromal","Stricture_minus_Control","Control","Stricture",0,0,0,0,0,FALSE
"GSE134809","B_cell::Centrocyte B","Mesenchymal_stromal","Inflamed_minus_Control","Control","Inflamed",0,1,0,0,1,FALSE
"GSE134809","B_cell::Centrocyte B","Mesenchymal_stromal","Inflamed_minus_Non_inflamed","Non-inflamed","Inflamed",1,1,0,1,1,TRUE
"GSE134809","B_cell::Centrocyte B","Mesenchymal_stromal","Stricture_minus_Inflamed","Inflamed","Stricture",1,0,0,1,0,FALSE
"GSE134809","B_cell::Centrocyte B","Myeloid","Stricture_minus_Non_stricture","Non-stricture","Stricture",0,0,0,0,0,FALSE
"GSE134809","B_cell::Centrocyte B","Myeloid","Stricture_minus_Control","Control","Stricture",0,0,0,0,0,FALSE
"GSE134809","B_cell::Centrocyte B","Myeloid","Inflamed_minus_Control","Control","Inflamed",0,1,0,0,1,FALSE
"GSE134809","B_cell::Centrocyte B","Myeloid","Inflamed_minus_Non_inflamed","Non-inflamed","Inflamed",1,1,0,1,1,TRUE
"GSE134809","B_cell::Centrocyte B","Myeloid","Stricture_minus_Inflamed","Inflamed","Stricture",1,0,0,1,0,FALSE
"GSE134809","B_cell::Centrocyte B","T_NK","Stricture_minus_Non_stricture","Non-stricture","Stricture",0,0,0,0,0,FALSE
"GSE134809","B_cell::Centrocyte B","T_NK","Stricture_minus_Control","Control","Stricture",0,0,0,0,0,FALSE
"GSE134809","B_cell::Centrocyte B","T_NK","Inflamed_minus_Control","Control","Inflamed",0,1,0,0,1,FALSE
"GSE134809","B_cell::Centrocyte B","T_NK","Inflamed_minus_Non_inflamed","Non-inflamed","Inflamed",1,1,0,1,1,TRUE
"GSE134809","B_cell::Centrocyte B","T_NK","Stricture_minus_Inflamed","Inflamed","Stricture",1,0,0,1,0,FALSE
"GSE134809","B_cell::DN2","Endothelial","Stricture_minus_Non_stricture","Non-stricture","Stricture",0,0,0,0,0,FALSE
"GSE134809","B_cell::DN2","Endothelial","Stricture_minus_Control","Control","Stricture",0,0,0,0,0,FALSE
"GSE134809","B_cell::DN2","Endothelial","Inflamed_minus_Control","Control","Inflamed",0,5,0,0,5,FALSE
"GSE134809","B_cell::DN2","Endothelial","Inflamed_minus_Non_inflamed","Non-inflamed","Inflamed",1,5,0,1,5,TRUE
"GSE134809","B_cell::DN2","Endothelial","Stricture_minus_Inflamed","Inflamed","Stricture",5,0,0,5,0,FALSE
"GSE134809","B_cell::DN2","Epithelial","Stricture_minus_Non_stricture","Non-stricture","Stricture",0,0,0,0,0,FALSE
"GSE134809","B_cell::DN2","Epithelial","Stricture_minus_Control","Control","Stricture",0,0,0,0,0,FALSE
"GSE134809","B_cell::DN2","Epithelial","Inflamed_minus_Control","Control","Inflamed",0,4,0,0,4,FALSE
"GSE134809","B_cell::DN2","Epithelial","Inflamed_minus_Non_inflamed","Non-inflamed","Inflamed",1,4,0,1,4,TRUE
"GSE134809","B_cell::DN2","Epithelial","Stricture_minus_Inflamed","Inflamed","Stricture",4,0,0,4,0,FALSE
"GSE134809","B_cell::DN2","Mast","Stricture_minus_Non_stricture","Non-stricture","Stricture",0,0,0,0,0,FALSE
"GSE134809","B_cell::DN2","Mast","Stricture_minus_Control","Control","Stricture",0,0,0,0,0,FALSE
"GSE134809","B_cell::DN2","Mast","Inflamed_minus_Control","Control","Inflamed",0,2,0,0,2,FALSE
"GSE134809","B_cell::DN2","Mast","Inflamed_minus_Non_inflamed","Non-inflamed","Inflamed",0,2,0,0,2,FALSE
"GSE134809","B_cell::DN2","Mast","Stricture_minus_Inflamed","Inflamed","Stricture",2,0,0,2,0,FALSE
"GSE134809","B_cell::DN2","Mesenchymal_stromal","Stricture_minus_Non_stricture","Non-stricture","Stricture",0,0,0,0,0,FALSE
"GSE134809","B_cell::DN2","Mesenchymal_stromal","Stricture_minus_Control","Control","Stricture",0,0,0,0,0,FALSE
"GSE134809","B_cell::DN2","Mesenchymal_stromal","Inflamed_minus_Control","Control","Inflamed",0,5,0,0,5,FALSE
"GSE134809","B_cell::DN2","Mesenchymal_stromal","Inflamed_minus_Non_inflamed","Non-inflamed","Inflamed",1,5,0,1,5,TRUE
"GSE134809","B_cell::DN2","Mesenchymal_stromal","Stricture_minus_Inflamed","Inflamed","Stricture",5,0,0,5,0,FALSE
"GSE134809","B_cell::DN2","Myeloid","Stricture_minus_Non_stricture","Non-stricture","Stricture",0,0,0,0,0,FALSE
"GSE134809","B_cell::DN2","Myeloid","Stricture_minus_Control","Control","Stricture",0,0,0,0,0,FALSE
"GSE134809","B_cell::DN2","Myeloid","Inflamed_minus_Control","Control","Inflamed",0,5,0,0,5,FALSE
"GSE134809","B_cell::DN2","Myeloid","Inflamed_minus_Non_inflamed","Non-inflamed","Inflamed",1,5,0,1,5,TRUE
"GSE134809","B_cell::DN2","Myeloid","Stricture_minus_Inflamed","Inflamed","Stricture",5,0,0,5,0,FALSE
"GSE134809","B_cell::DN2","T_NK","Stricture_minus_Non_stricture","Non-stricture","Stricture",0,0,0,0,0,FALSE
"GSE134809","B_cell::DN2","T_NK","Stricture_minus_Control","Control","Stricture",0,0,0,0,0,FALSE
"GSE134809","B_cell::DN2","T_NK","Inflamed_minus_Control","Control","Inflamed",0,5,0,0,5,FALSE
"GSE134809","B_cell::DN2","T_NK","Inflamed_minus_Non_inflamed","Non-inflamed","Inflamed",1,5,0,1,5,TRUE
"GSE134809","B_cell::DN2","T_NK","Stricture_minus_Inflamed","Inflamed","Stricture",5,0,0,5,0,FALSE
"GSE134809","B_cell::IgM-only","Endothelial","Stricture_minus_Non_stricture","Non-stricture","Stricture",0,0,0,0,0,FALSE
"GSE134809","B_cell::IgM-only","Endothelial","Stricture_minus_Control","Control","Stricture",0,0,0,0,0,FALSE
"GSE134809","B_cell::IgM-only","Endothelial","Inflamed_minus_Control","Control","Inflamed",0,3,0,0,3,FALSE
"GSE134809","B_cell::IgM-only","Endothelial","Inflamed_minus_Non_inflamed","Non-inflamed","Inflamed",0,3,0,0,3,FALSE
"GSE134809","B_cell::IgM-only","Endothelial","Stricture_minus_Inflamed","Inflamed","Stricture",3,0,0,3,0,FALSE
"GSE134809","B_cell::IgM-only","Epithelial","Stricture_minus_Non_stricture","Non-stricture","Stricture",0,0,0,0,0,FALSE
"GSE134809","B_cell::IgM-only","Epithelial","Stricture_minus_Control","Control","Stricture",0,0,0,0,0,FALSE
"GSE134809","B_cell::IgM-only","Epithelial","Inflamed_minus_Control","Control","Inflamed",0,3,0,0,3,FALSE
"GSE134809","B_cell::IgM-only","Epithelial","Inflamed_minus_Non_inflamed","Non-inflamed","Inflamed",0,3,0,0,3,FALSE
"GSE134809","B_cell::IgM-only","Epithelial","Stricture_minus_Inflamed","Inflamed","Stricture",3,0,0,3,0,FALSE
"GSE134809","B_cell::IgM-only","Mast","Stricture_minus_Non_stricture","Non-stricture","Stricture",0,0,0,0,0,FALSE
"GSE134809","B_cell::IgM-only","Mast","Stricture_minus_Control","Control","Stricture",0,0,0,0,0,FALSE
"GSE134809","B_cell::IgM-only","Mast","Inflamed_minus_Control","Control","Inflamed",0,1,0,0,1,FALSE
"GSE134809","B_cell::IgM-only","Mast","Inflamed_minus_Non_inflamed","Non-inflamed","Inflamed",0,1,0,0,1,FALSE
"GSE134809","B_cell::IgM-only","Mast","Stricture_minus_Inflamed","Inflamed","Stricture",1,0,0,1,0,FALSE
"GSE134809","B_cell::IgM-only","Mesenchymal_stromal","Stricture_minus_Non_stricture","Non-stricture","Stricture",0,0,0,0,0,FALSE
"GSE134809","B_cell::IgM-only","Mesenchymal_stromal","Stricture_minus_Control","Control","Stricture",0,0,0,0,0,FALSE
"GSE134809","B_cell::IgM-only","Mesenchymal_stromal","Inflamed_minus_Control","Control","Inflamed",0,3,0,0,3,FALSE
"GSE134809","B_cell::IgM-only","Mesenchymal_stromal","Inflamed_minus_Non_inflamed","Non-inflamed","Inflamed",0,3,0,0,3,FALSE
"GSE134809","B_cell::IgM-only","Mesenchymal_stromal","Stricture_minus_Inflamed","Inflamed","Stricture",3,0,0,3,0,FALSE
"GSE134809","B_cell::IgM-only","Myeloid","Stricture_minus_Non_stricture","Non-stricture","Stricture",0,0,0,0,0,FALSE
"GSE134809","B_cell::IgM-only","Myeloid","Stricture_minus_Control","Control","Stricture",0,0,0,0,0,FALSE
"GSE134809","B_cell::IgM-only","Myeloid","Inflamed_minus_Control","Control","Inflamed",0,3,0,0,3,FALSE
"GSE134809","B_cell::IgM-only","Myeloid","Inflamed_minus_Non_inflamed","Non-inflamed","Inflamed",0,3,0,0,3,FALSE
"GSE134809","B_cell::IgM-only","Myeloid","Stricture_minus_Inflamed","Inflamed","Stricture",3,0,0,3,0,FALSE
"GSE134809","B_cell::IgM-only","T_NK","Stricture_minus_Non_stricture","Non-stricture","Stricture",0,0,0,0,0,FALSE
"GSE134809","B_cell::IgM-only","T_NK","Stricture_minus_Control","Control","Stricture",0,0,0,0,0,FALSE
"GSE134809","B_cell::IgM-only","T_NK","Inflamed_minus_Control","Control","Inflamed",0,3,0,0,3,FALSE
"GSE134809","B_cell::IgM-only","T_NK","Inflamed_minus_Non_inflamed","Non-inflamed","Inflamed",0,3,0,0,3,FALSE
"GSE134809","B_cell::IgM-only","T_NK","Stricture_minus_Inflamed","Inflamed","Stricture",3,0,0,3,0,FALSE
"GSE134809","B_cell::MZ","Endothelial","Stricture_minus_Non_stricture","Non-stricture","Stricture",0,0,0,0,0,FALSE
"GSE134809","B_cell::MZ","Endothelial","Stricture_minus_Control","Control","Stricture",0,0,0,0,0,FALSE
"GSE134809","B_cell::MZ","Endothelial","Inflamed_minus_Control","Control","Inflamed",0,2,0,0,2,FALSE
"GSE134809","B_cell::MZ","Endothelial","Inflamed_minus_Non_inflamed","Non-inflamed","Inflamed",0,2,0,0,2,FALSE
"GSE134809","B_cell::MZ","Endothelial","Stricture_minus_Inflamed","Inflamed","Stricture",2,0,0,2,0,FALSE
"GSE134809","B_cell::MZ","Epithelial","Stricture_minus_Non_stricture","Non-stricture","Stricture",0,0,0,0,0,FALSE
"GSE134809","B_cell::MZ","Epithelial","Stricture_minus_Control","Control","Stricture",0,0,0,0,0,FALSE
"GSE134809","B_cell::MZ","Epithelial","Inflamed_minus_Control","Control","Inflamed",0,2,0,0,2,FALSE
"GSE134809","B_cell::MZ","Epithelial","Inflamed_minus_Non_inflamed","Non-inflamed","Inflamed",0,2,0,0,2,FALSE
"GSE134809","B_cell::MZ","Epithelial","Stricture_minus_Inflamed","Inflamed","Stricture",2,0,0,2,0,FALSE
"GSE134809","B_cell::MZ","Mast","Stricture_minus_Non_stricture","Non-stricture","Stricture",0,0,0,0,0,FALSE
"GSE134809","B_cell::MZ","Mast","Stricture_minus_Control","Control","Stricture",0,0,0,0,0,FALSE
"GSE134809","B_cell::MZ","Mast","Inflamed_minus_Control","Control","Inflamed",0,1,0,0,1,FALSE
"GSE134809","B_cell::MZ","Mast","Inflamed_minus_Non_inflamed","Non-inflamed","Inflamed",0,1,0,0,1,FALSE
"GSE134809","B_cell::MZ","Mast","Stricture_minus_Inflamed","Inflamed","Stricture",1,0,0,1,0,FALSE
"GSE134809","B_cell::MZ","Mesenchymal_stromal","Stricture_minus_Non_stricture","Non-stricture","Stricture",0,0,0,0,0,FALSE
"GSE134809","B_cell::MZ","Mesenchymal_stromal","Stricture_minus_Control","Control","Stricture",0,0,0,0,0,FALSE
"GSE134809","B_cell::MZ","Mesenchymal_stromal","Inflamed_minus_Control","Control","Inflamed",0,2,0,0,2,FALSE
"GSE134809","B_cell::MZ","Mesenchymal_stromal","Inflamed_minus_Non_inflamed","Non-inflamed","Inflamed",0,2,0,0,2,FALSE
"GSE134809","B_cell::MZ","Mesenchymal_stromal","Stricture_minus_Inflamed","Inflamed","Stricture",2,0,0,2,0,FALSE
"GSE134809","B_cell::MZ","Myeloid","Stricture_minus_Non_stricture","Non-stricture","Stricture",0,0,0,0,0,FALSE
"GSE134809","B_cell::MZ","Myeloid","Stricture_minus_Control","Control","Stricture",0,0,0,0,0,FALSE
"GSE134809","B_cell::MZ","Myeloid","Inflamed_minus_Control","Control","Inflamed",0,2,0,0,2,FALSE
"GSE134809","B_cell::MZ","Myeloid","Inflamed_minus_Non_inflamed","Non-inflamed","Inflamed",0,2,0,0,2,FALSE
"GSE134809","B_cell::MZ","Myeloid","Stricture_minus_Inflamed","Inflamed","Stricture",2,0,0,2,0,FALSE
"GSE134809","B_cell::MZ","T_NK","Stricture_minus_Non_stricture","Non-stricture","Stricture",0,0,0,0,0,FALSE
"GSE134809","B_cell::MZ","T_NK","Stricture_minus_Control","Control","Stricture",0,0,0,0,0,FALSE
"GSE134809","B_cell::MZ","T_NK","Inflamed_minus_Control","Control","Inflamed",0,2,0,0,2,FALSE
"GSE134809","B_cell::MZ","T_NK","Inflamed_minus_Non_inflamed","Non-inflamed","Inflamed",0,2,0,0,2,FALSE
"GSE134809","B_cell::MZ","T_NK","Stricture_minus_Inflamed","Inflamed","Stricture",2,0,0,2,0,FALSE
"GSE134809","B_cell::Naïve B","Endothelial","Stricture_minus_Non_stricture","Non-stricture","Stricture",0,0,0,0,0,FALSE
"GSE134809","B_cell::Naïve B","Endothelial","Stricture_minus_Control","Control","Stricture",0,0,0,0,0,FALSE
"GSE134809","B_cell::Naïve B","Endothelial","Inflamed_minus_Control","Control","Inflamed",0,9,0,0,9,FALSE
"GSE134809","B_cell::Naïve B","Endothelial","Inflamed_minus_Non_inflamed","Non-inflamed","Inflamed",4,9,0,4,9,TRUE
"GSE134809","B_cell::Naïve B","Endothelial","Stricture_minus_Inflamed","Inflamed","Stricture",9,0,0,9,0,FALSE
"GSE134809","B_cell::Naïve B","Epithelial","Stricture_minus_Non_stricture","Non-stricture","Stricture",0,0,0,0,0,FALSE
"GSE134809","B_cell::Naïve B","Epithelial","Stricture_minus_Control","Control","Stricture",0,0,0,0,0,FALSE
"GSE134809","B_cell::Naïve B","Epithelial","Inflamed_minus_Control","Control","Inflamed",0,8,0,0,8,FALSE
"GSE134809","B_cell::Naïve B","Epithelial","Inflamed_minus_Non_inflamed","Non-inflamed","Inflamed",6,8,0,6,8,TRUE
"GSE134809","B_cell::Naïve B","Epithelial","Stricture_minus_Inflamed","Inflamed","Stricture",8,0,0,8,0,FALSE
"GSE134809","B_cell::Naïve B","Mast","Stricture_minus_Non_stricture","Non-stricture","Stricture",0,0,0,0,0,FALSE
"GSE134809","B_cell::Naïve B","Mast","Stricture_minus_Control","Control","Stricture",0,0,0,0,0,FALSE
"GSE134809","B_cell::Naïve B","Mast","Inflamed_minus_Control","Control","Inflamed",0,2,0,0,2,FALSE
"GSE134809","B_cell::Naïve B","Mast","Inflamed_minus_Non_inflamed","Non-inflamed","Inflamed",3,2,0,3,2,TRUE
"GSE134809","B_cell::Naïve B","Mast","Stricture_minus_Inflamed","Inflamed","Stricture",2,0,0,2,0,FALSE
"GSE134809","B_cell::Naïve B","Mesenchymal_stromal","Stricture_minus_Non_stricture","Non-stricture","Stricture",0,0,0,0,0,FALSE
"GSE134809","B_cell::Naïve B","Mesenchymal_stromal","Stricture_minus_Control","Control","Stricture",0,0,0,0,0,FALSE
"GSE134809","B_cell::Naïve B","Mesenchymal_stromal","Inflamed_minus_Control","Control","Inflamed",0,9,0,0,9,FALSE
"GSE134809","B_cell::Naïve B","Mesenchymal_stromal","Inflamed_minus_Non_inflamed","Non-inflamed","Inflamed",5,9,0,5,9,TRUE
"GSE134809","B_cell::Naïve B","Mesenchymal_stromal","Stricture_minus_Inflamed","Inflamed","Stricture",9,0,0,9,0,FALSE
"GSE134809","B_cell::Naïve B","Myeloid","Stricture_minus_Non_stricture","Non-stricture","Stricture",0,0,0,0,0,FALSE
"GSE134809","B_cell::Naïve B","Myeloid","Stricture_minus_Control","Control","Stricture",0,0,0,0,0,FALSE
"GSE134809","B_cell::Naïve B","Myeloid","Inflamed_minus_Control","Control","Inflamed",0,9,0,0,9,FALSE
"GSE134809","B_cell::Naïve B","Myeloid","Inflamed_minus_Non_inflamed","Non-inflamed","Inflamed",6,9,0,6,9,TRUE
"GSE134809","B_cell::Naïve B","Myeloid","Stricture_minus_Inflamed","Inflamed","Stricture",9,0,0,9,0,FALSE
"GSE134809","B_cell::Naïve B","T_NK","Stricture_minus_Non_stricture","Non-stricture","Stricture",0,0,0,0,0,FALSE
"GSE134809","B_cell::Naïve B","T_NK","Stricture_minus_Control","Control","Stricture",0,0,0,0,0,FALSE
"GSE134809","B_cell::Naïve B","T_NK","Inflamed_minus_Control","Control","Inflamed",0,9,0,0,9,FALSE
"GSE134809","B_cell::Naïve B","T_NK","Inflamed_minus_Non_inflamed","Non-inflamed","Inflamed",6,9,0,6,9,TRUE
"GSE134809","B_cell::Naïve B","T_NK","Stricture_minus_Inflamed","Inflamed","Stricture",9,0,0,9,0,FALSE
"GSE134809","Plasma::Activated plasma","Endothelial","Stricture_minus_Non_stricture","Non-stricture","Stricture",0,0,0,0,0,FALSE
"GSE134809","Plasma::Activated plasma","Endothelial","Stricture_minus_Control","Control","Stricture",0,0,0,0,0,FALSE
"GSE134809","Plasma::Activated plasma","Endothelial","Inflamed_minus_Control","Control","Inflamed",0,8,0,0,8,FALSE
"GSE134809","Plasma::Activated plasma","Endothelial","Inflamed_minus_Non_inflamed","Non-inflamed","Inflamed",5,8,0,5,8,TRUE
"GSE134809","Plasma::Activated plasma","Endothelial","Stricture_minus_Inflamed","Inflamed","Stricture",8,0,0,8,0,FALSE
"GSE134809","Plasma::Activated plasma","Epithelial","Stricture_minus_Non_stricture","Non-stricture","Stricture",0,0,0,0,0,FALSE
"GSE134809","Plasma::Activated plasma","Epithelial","Stricture_minus_Control","Control","Stricture",0,0,0,0,0,FALSE
"GSE134809","Plasma::Activated plasma","Epithelial","Inflamed_minus_Control","Control","Inflamed",0,9,0,0,9,FALSE
"GSE134809","Plasma::Activated plasma","Epithelial","Inflamed_minus_Non_inflamed","Non-inflamed","Inflamed",8,9,0,8,9,TRUE
"GSE134809","Plasma::Activated plasma","Epithelial","Stricture_minus_Inflamed","Inflamed","Stricture",9,0,0,9,0,FALSE
"GSE134809","Plasma::Activated plasma","Mast","Stricture_minus_Non_stricture","Non-stricture","Stricture",0,0,0,0,0,FALSE
"GSE134809","Plasma::Activated plasma","Mast","Stricture_minus_Control","Control","Stricture",0,0,0,0,0,FALSE
"GSE134809","Plasma::Activated plasma","Mast","Inflamed_minus_Control","Control","Inflamed",0,4,0,0,4,FALSE
"GSE134809","Plasma::Activated plasma","Mast","Inflamed_minus_Non_inflamed","Non-inflamed","Inflamed",4,4,0,4,4,TRUE
"GSE134809","Plasma::Activated plasma","Mast","Stricture_minus_Inflamed","Inflamed","Stricture",4,0,0,4,0,FALSE
"GSE134809","Plasma::Activated plasma","Mesenchymal_stromal","Stricture_minus_Non_stricture","Non-stricture","Stricture",0,0,0,0,0,FALSE
"GSE134809","Plasma::Activated plasma","Mesenchymal_stromal","Stricture_minus_Control","Control","Stricture",0,0,0,0,0,FALSE
"GSE134809","Plasma::Activated plasma","Mesenchymal_stromal","Inflamed_minus_Control","Control","Inflamed",0,8,0,0,8,FALSE
"GSE134809","Plasma::Activated plasma","Mesenchymal_stromal","Inflamed_minus_Non_inflamed","Non-inflamed","Inflamed",7,8,0,7,8,TRUE
"GSE134809","Plasma::Activated plasma","Mesenchymal_stromal","Stricture_minus_Inflamed","Inflamed","Stricture",8,0,0,8,0,FALSE
"GSE134809","Plasma::Activated plasma","Myeloid","Stricture_minus_Non_stricture","Non-stricture","Stricture",0,0,0,0,0,FALSE
"GSE134809","Plasma::Activated plasma","Myeloid","Stricture_minus_Control","Control","Stricture",0,0,0,0,0,FALSE
"GSE134809","Plasma::Activated plasma","Myeloid","Inflamed_minus_Control","Control","Inflamed",0,9,0,0,9,FALSE
"GSE134809","Plasma::Activated plasma","Myeloid","Inflamed_minus_Non_inflamed","Non-inflamed","Inflamed",8,9,0,8,9,TRUE
"GSE134809","Plasma::Activated plasma","Myeloid","Stricture_minus_Inflamed","Inflamed","Stricture",9,0,0,9,0,FALSE
"GSE134809","Plasma::Activated plasma","T_NK","Stricture_minus_Non_stricture","Non-stricture","Stricture",0,0,0,0,0,FALSE
"GSE134809","Plasma::Activated plasma","T_NK","Stricture_minus_Control","Control","Stricture",0,0,0,0,0,FALSE
"GSE134809","Plasma::Activated plasma","T_NK","Inflamed_minus_Control","Control","Inflamed",0,9,0,0,9,FALSE
"GSE134809","Plasma::Activated plasma","T_NK","Inflamed_minus_Non_inflamed","Non-inflamed","Inflamed",8,9,0,8,9,TRUE
"GSE134809","Plasma::Activated plasma","T_NK","Stricture_minus_Inflamed","Inflamed","Stricture",9,0,0,9,0,FALSE
"GSE134809","Plasma::IgA plasma","Endothelial","Stricture_minus_Non_stricture","Non-stricture","Stricture",0,0,0,0,0,FALSE
"GSE134809","Plasma::IgA plasma","Endothelial","Stricture_minus_Control","Control","Stricture",0,0,0,0,0,FALSE
"GSE134809","Plasma::IgA plasma","Endothelial","Inflamed_minus_Control","Control","Inflamed",0,10,0,0,10,FALSE
"GSE134809","Plasma::IgA plasma","Endothelial","Inflamed_minus_Non_inflamed","Non-inflamed","Inflamed",7,10,0,7,10,TRUE
"GSE134809","Plasma::IgA plasma","Endothelial","Stricture_minus_Inflamed","Inflamed","Stricture",10,0,0,10,0,FALSE
"GSE134809","Plasma::IgA plasma","Epithelial","Stricture_minus_Non_stricture","Non-stricture","Stricture",0,0,0,0,0,FALSE
"GSE134809","Plasma::IgA plasma","Epithelial","Stricture_minus_Control","Control","Stricture",0,0,0,0,0,FALSE
"GSE134809","Plasma::IgA plasma","Epithelial","Inflamed_minus_Control","Control","Inflamed",0,10,0,0,10,FALSE
"GSE134809","Plasma::IgA plasma","Epithelial","Inflamed_minus_Non_inflamed","Non-inflamed","Inflamed",11,10,0,11,10,TRUE
"GSE134809","Plasma::IgA plasma","Epithelial","Stricture_minus_Inflamed","Inflamed","Stricture",10,0,0,10,0,FALSE
"GSE134809","Plasma::IgA plasma","Mast","Stricture_minus_Non_stricture","Non-stricture","Stricture",0,0,0,0,0,FALSE
"GSE134809","Plasma::IgA plasma","Mast","Stricture_minus_Control","Control","Stricture",0,0,0,0,0,FALSE
"GSE134809","Plasma::IgA plasma","Mast","Inflamed_minus_Control","Control","Inflamed",0,4,0,0,4,FALSE
"GSE134809","Plasma::IgA plasma","Mast","Inflamed_minus_Non_inflamed","Non-inflamed","Inflamed",5,4,0,5,4,TRUE
"GSE134809","Plasma::IgA plasma","Mast","Stricture_minus_Inflamed","Inflamed","Stricture",4,0,0,4,0,FALSE
"GSE134809","Plasma::IgA plasma","Mesenchymal_stromal","Stricture_minus_Non_stricture","Non-stricture","Stricture",0,0,0,0,0,FALSE
"GSE134809","Plasma::IgA plasma","Mesenchymal_stromal","Stricture_minus_Control","Control","Stricture",0,0,0,0,0,FALSE
"GSE134809","Plasma::IgA plasma","Mesenchymal_stromal","Inflamed_minus_Control","Control","Inflamed",0,10,0,0,10,FALSE
"GSE134809","Plasma::IgA plasma","Mesenchymal_stromal","Inflamed_minus_Non_inflamed","Non-inflamed","Inflamed",9,10,0,9,10,TRUE
"GSE134809","Plasma::IgA plasma","Mesenchymal_stromal","Stricture_minus_Inflamed","Inflamed","Stricture",10,0,0,10,0,FALSE
"GSE134809","Plasma::IgA plasma","Myeloid","Stricture_minus_Non_stricture","Non-stricture","Stricture",0,0,0,0,0,FALSE
"GSE134809","Plasma::IgA plasma","Myeloid","Stricture_minus_Control","Control","Stricture",0,0,0,0,0,FALSE
"GSE134809","Plasma::IgA plasma","Myeloid","Inflamed_minus_Control","Control","Inflamed",0,11,0,0,11,FALSE
"GSE134809","Plasma::IgA plasma","Myeloid","Inflamed_minus_Non_inflamed","Non-inflamed","Inflamed",10,11,0,10,11,TRUE
"GSE134809","Plasma::IgA plasma","Myeloid","Stricture_minus_Inflamed","Inflamed","Stricture",11,0,0,11,0,FALSE
"GSE134809","Plasma::IgA plasma","T_NK","Stricture_minus_Non_stricture","Non-stricture","Stricture",0,0,0,0,0,FALSE
"GSE134809","Plasma::IgA plasma","T_NK","Stricture_minus_Control","Control","Stricture",0,0,0,0,0,FALSE
"GSE134809","Plasma::IgA plasma","T_NK","Inflamed_minus_Control","Control","Inflamed",0,11,0,0,11,FALSE
"GSE134809","Plasma::IgA plasma","T_NK","Inflamed_minus_Non_inflamed","Non-inflamed","Inflamed",11,11,0,11,11,TRUE
"GSE134809","Plasma::IgA plasma","T_NK","Stricture_minus_Inflamed","Inflamed","Stricture",11,0,0,11,0,FALSE
"GSE134809","Plasma::IgG plasma","Endothelial","Stricture_minus_Non_stricture","Non-stricture","Stricture",0,0,0,0,0,FALSE
"GSE134809","Plasma::IgG plasma","Endothelial","Stricture_minus_Control","Control","Stricture",0,0,0,0,0,FALSE
"GSE134809","Plasma::IgG plasma","Endothelial","Inflamed_minus_Control","Control","Inflamed",0,8,0,0,8,FALSE
"GSE134809","Plasma::IgG plasma","Endothelial","Inflamed_minus_Non_inflamed","Non-inflamed","Inflamed",2,8,0,2,8,TRUE
"GSE134809","Plasma::IgG plasma","Endothelial","Stricture_minus_Inflamed","Inflamed","Stricture",8,0,0,8,0,FALSE
"GSE134809","Plasma::IgG plasma","Epithelial","Stricture_minus_Non_stricture","Non-stricture","Stricture",0,0,0,0,0,FALSE
"GSE134809","Plasma::IgG plasma","Epithelial","Stricture_minus_Control","Control","Stricture",0,0,0,0,0,FALSE
"GSE134809","Plasma::IgG plasma","Epithelial","Inflamed_minus_Control","Control","Inflamed",0,7,0,0,7,FALSE
"GSE134809","Plasma::IgG plasma","Epithelial","Inflamed_minus_Non_inflamed","Non-inflamed","Inflamed",3,7,0,3,7,TRUE
"GSE134809","Plasma::IgG plasma","Epithelial","Stricture_minus_Inflamed","Inflamed","Stricture",7,0,0,7,0,FALSE
"GSE134809","Plasma::IgG plasma","Mast","Stricture_minus_Non_stricture","Non-stricture","Stricture",0,0,0,0,0,FALSE
"GSE134809","Plasma::IgG plasma","Mast","Stricture_minus_Control","Control","Stricture",0,0,0,0,0,FALSE
"GSE134809","Plasma::IgG plasma","Mast","Inflamed_minus_Control","Control","Inflamed",0,3,0,0,3,FALSE
"GSE134809","Plasma::IgG plasma","Mast","Inflamed_minus_Non_inflamed","Non-inflamed","Inflamed",2,3,0,2,3,TRUE
"GSE134809","Plasma::IgG plasma","Mast","Stricture_minus_Inflamed","Inflamed","Stricture",3,0,0,3,0,FALSE
"GSE134809","Plasma::IgG plasma","Mesenchymal_stromal","Stricture_minus_Non_stricture","Non-stricture","Stricture",0,0,0,0,0,FALSE
"GSE134809","Plasma::IgG plasma","Mesenchymal_stromal","Stricture_minus_Control","Control","Stricture",0,0,0,0,0,FALSE
"GSE134809","Plasma::IgG plasma","Mesenchymal_stromal","Inflamed_minus_Control","Control","Inflamed",0,8,0,0,8,FALSE
"GSE134809","Plasma::IgG plasma","Mesenchymal_stromal","Inflamed_minus_Non_inflamed","Non-inflamed","Inflamed",3,8,0,3,8,TRUE
"GSE134809","Plasma::IgG plasma","Mesenchymal_stromal","Stricture_minus_Inflamed","Inflamed","Stricture",8,0,0,8,0,FALSE
"GSE134809","Plasma::IgG plasma","Myeloid","Stricture_minus_Non_stricture","Non-stricture","Stricture",0,0,0,0,0,FALSE
"GSE134809","Plasma::IgG plasma","Myeloid","Stricture_minus_Control","Control","Stricture",0,0,0,0,0,FALSE
"GSE134809","Plasma::IgG plasma","Myeloid","Inflamed_minus_Control","Control","Inflamed",0,8,0,0,8,FALSE
"GSE134809","Plasma::IgG plasma","Myeloid","Inflamed_minus_Non_inflamed","Non-inflamed","Inflamed",3,8,0,3,8,TRUE
"GSE134809","Plasma::IgG plasma","Myeloid","Stricture_minus_Inflamed","Inflamed","Stricture",8,0,0,8,0,FALSE
"GSE134809","Plasma::IgG plasma","T_NK","Stricture_minus_Non_stricture","Non-stricture","Stricture",0,0,0,0,0,FALSE
"GSE134809","Plasma::IgG plasma","T_NK","Stricture_minus_Control","Control","Stricture",0,0,0,0,0,FALSE
"GSE134809","Plasma::IgG plasma","T_NK","Inflamed_minus_Control","Control","Inflamed",0,8,0,0,8,FALSE
"GSE134809","Plasma::IgG plasma","T_NK","Inflamed_minus_Non_inflamed","Non-inflamed","Inflamed",3,8,0,3,8,TRUE
"GSE134809","Plasma::IgG plasma","T_NK","Stricture_minus_Inflamed","Inflamed","Stricture",8,0,0,8,0,FALSE
"GSE134809","Plasma::Transitional B","Endothelial","Stricture_minus_Non_stricture","Non-stricture","Stricture",0,0,0,0,0,FALSE
"GSE134809","Plasma::Transitional B","Endothelial","Stricture_minus_Control","Control","Stricture",0,0,0,0,0,FALSE
"GSE134809","Plasma::Transitional B","Endothelial","Inflamed_minus_Control","Control","Inflamed",0,1,0,0,1,FALSE
"GSE134809","Plasma::Transitional B","Endothelial","Inflamed_minus_Non_inflamed","Non-inflamed","Inflamed",0,1,0,0,1,FALSE
"GSE134809","Plasma::Transitional B","Endothelial","Stricture_minus_Inflamed","Inflamed","Stricture",1,0,0,1,0,FALSE
"GSE134809","Plasma::Transitional B","Epithelial","Stricture_minus_Non_stricture","Non-stricture","Stricture",0,0,0,0,0,FALSE
"GSE134809","Plasma::Transitional B","Epithelial","Stricture_minus_Control","Control","Stricture",0,0,0,0,0,FALSE
"GSE134809","Plasma::Transitional B","Epithelial","Inflamed_minus_Control","Control","Inflamed",0,1,0,0,1,FALSE
"GSE134809","Plasma::Transitional B","Epithelial","Inflamed_minus_Non_inflamed","Non-inflamed","Inflamed",0,1,0,0,1,FALSE
"GSE134809","Plasma::Transitional B","Epithelial","Stricture_minus_Inflamed","Inflamed","Stricture",1,0,0,1,0,FALSE
"GSE134809","Plasma::Transitional B","Mast","Stricture_minus_Non_stricture","Non-stricture","Stricture",0,0,0,0,0,FALSE
"GSE134809","Plasma::Transitional B","Mast","Stricture_minus_Control","Control","Stricture",0,0,0,0,0,FALSE
"GSE134809","Plasma::Transitional B","Mast","Inflamed_minus_Control","Control","Inflamed",0,1,0,0,1,FALSE
"GSE134809","Plasma::Transitional B","Mast","Inflamed_minus_Non_inflamed","Non-inflamed","Inflamed",0,1,0,0,1,FALSE
"GSE134809","Plasma::Transitional B","Mast","Stricture_minus_Inflamed","Inflamed","Stricture",1,0,0,1,0,FALSE
"GSE134809","Plasma::Transitional B","Mesenchymal_stromal","Stricture_minus_Non_stricture","Non-stricture","Stricture",0,0,0,0,0,FALSE
"GSE134809","Plasma::Transitional B","Mesenchymal_stromal","Stricture_minus_Control","Control","Stricture",0,0,0,0,0,FALSE
"GSE134809","Plasma::Transitional B","Mesenchymal_stromal","Inflamed_minus_Control","Control","Inflamed",0,1,0,0,1,FALSE
"GSE134809","Plasma::Transitional B","Mesenchymal_stromal","Inflamed_minus_Non_inflamed","Non-inflamed","Inflamed",0,1,0,0,1,FALSE
"GSE134809","Plasma::Transitional B","Mesenchymal_stromal","Stricture_minus_Inflamed","Inflamed","Stricture",1,0,0,1,0,FALSE
"GSE134809","Plasma::Transitional B","Myeloid","Stricture_minus_Non_stricture","Non-stricture","Stricture",0,0,0,0,0,FALSE
"GSE134809","Plasma::Transitional B","Myeloid","Stricture_minus_Control","Control","Stricture",0,0,0,0,0,FALSE
"GSE134809","Plasma::Transitional B","Myeloid","Inflamed_minus_Control","Control","Inflamed",0,1,0,0,1,FALSE
"GSE134809","Plasma::Transitional B","Myeloid","Inflamed_minus_Non_inflamed","Non-inflamed","Inflamed",0,1,0,0,1,FALSE
"GSE134809","Plasma::Transitional B","Myeloid","Stricture_minus_Inflamed","Inflamed","Stricture",1,0,0,1,0,FALSE
"GSE134809","Plasma::Transitional B","T_NK","Stricture_minus_Non_stricture","Non-stricture","Stricture",0,0,0,0,0,FALSE
"GSE134809","Plasma::Transitional B","T_NK","Stricture_minus_Control","Control","Stricture",0,0,0,0,0,FALSE
"GSE134809","Plasma::Transitional B","T_NK","Inflamed_minus_Control","Control","Inflamed",0,1,0,0,1,FALSE
"GSE134809","Plasma::Transitional B","T_NK","Inflamed_minus_Non_inflamed","Non-inflamed","Inflamed",0,1,0,0,1,FALSE
"GSE134809","Plasma::Transitional B","T_NK","Stricture_minus_Inflamed","Inflamed","Stricture",1,0,0,1,0,FALSE
"GSE134809","Endothelial","B_cell::ActB3","Stricture_minus_Non_stricture","Non-stricture","Stricture",0,0,0,0,0,FALSE
"GSE134809","Endothelial","B_cell::ActB3","Stricture_minus_Control","Control","Stricture",0,0,0,0,0,FALSE
"GSE134809","Endothelial","B_cell::ActB3","Inflamed_minus_Control","Control","Inflamed",0,5,0,0,5,FALSE
"GSE134809","Endothelial","B_cell::ActB3","Inflamed_minus_Non_inflamed","Non-inflamed","Inflamed",0,5,0,0,5,FALSE
"GSE134809","Endothelial","B_cell::ActB3","Stricture_minus_Inflamed","Inflamed","Stricture",5,0,0,5,0,FALSE
"GSE134809","Endothelial","B_cell::CSM","Stricture_minus_Non_stricture","Non-stricture","Stricture",0,0,0,0,0,FALSE
"GSE134809","Endothelial","B_cell::CSM","Stricture_minus_Control","Control","Stricture",0,0,0,0,0,FALSE
"GSE134809","Endothelial","B_cell::CSM","Inflamed_minus_Control","Control","Inflamed",0,10,0,0,10,FALSE
"GSE134809","Endothelial","B_cell::CSM","Inflamed_minus_Non_inflamed","Non-inflamed","Inflamed",7,10,0,7,10,TRUE
"GSE134809","Endothelial","B_cell::CSM","Stricture_minus_Inflamed","Inflamed","Stricture",10,0,0,10,0,FALSE
"GSE134809","Endothelial","B_cell::Centroblast B","Stricture_minus_Non_stricture","Non-stricture","Stricture",0,0,0,0,0,FALSE
"GSE134809","Endothelial","B_cell::Centroblast B","Stricture_minus_Control","Control","Stricture",0,0,0,0,0,FALSE
"GSE134809","Endothelial","B_cell::Centroblast B","Inflamed_minus_Control","Control","Inflamed",0,1,0,0,1,FALSE
"GSE134809","Endothelial","B_cell::Centroblast B","Inflamed_minus_Non_inflamed","Non-inflamed","Inflamed",0,1,0,0,1,FALSE
"GSE134809","Endothelial","B_cell::Centroblast B","Stricture_minus_Inflamed","Inflamed","Stricture",1,0,0,1,0,FALSE
"GSE134809","Endothelial","B_cell::Centrocyte B","Stricture_minus_Non_stricture","Non-stricture","Stricture",0,0,0,0,0,FALSE
"GSE134809","Endothelial","B_cell::Centrocyte B","Stricture_minus_Control","Control","Stricture",0,0,0,0,0,FALSE
"GSE134809","Endothelial","B_cell::Centrocyte B","Inflamed_minus_Control","Control","Inflamed",0,1,0,0,1,FALSE
"GSE134809","Endothelial","B_cell::Centrocyte B","Inflamed_minus_Non_inflamed","Non-inflamed","Inflamed",1,1,0,1,1,TRUE
"GSE134809","Endothelial","B_cell::Centrocyte B","Stricture_minus_Inflamed","Inflamed","Stricture",1,0,0,1,0,FALSE
"GSE134809","Endothelial","B_cell::DN2","Stricture_minus_Non_stricture","Non-stricture","Stricture",0,0,0,0,0,FALSE
"GSE134809","Endothelial","B_cell::DN2","Stricture_minus_Control","Control","Stricture",0,0,0,0,0,FALSE
"GSE134809","Endothelial","B_cell::DN2","Inflamed_minus_Control","Control","Inflamed",0,5,0,0,5,FALSE
"GSE134809","Endothelial","B_cell::DN2","Inflamed_minus_Non_inflamed","Non-inflamed","Inflamed",1,5,0,1,5,TRUE
"GSE134809","Endothelial","B_cell::DN2","Stricture_minus_Inflamed","Inflamed","Stricture",5,0,0,5,0,FALSE
"GSE134809","Endothelial","B_cell::IgM-only","Stricture_minus_Non_stricture","Non-stricture","Stricture",0,0,0,0,0,FALSE
"GSE134809","Endothelial","B_cell::IgM-only","Stricture_minus_Control","Control","Stricture",0,0,0,0,0,FALSE
"GSE134809","Endothelial","B_cell::IgM-only","Inflamed_minus_Control","Control","Inflamed",0,3,0,0,3,FALSE
"GSE134809","Endothelial","B_cell::IgM-only","Inflamed_minus_Non_inflamed","Non-inflamed","Inflamed",0,3,0,0,3,FALSE
"GSE134809","Endothelial","B_cell::IgM-only","Stricture_minus_Inflamed","Inflamed","Stricture",3,0,0,3,0,FALSE
"GSE134809","Endothelial","B_cell::MZ","Stricture_minus_Non_stricture","Non-stricture","Stricture",0,0,0,0,0,FALSE
"GSE134809","Endothelial","B_cell::MZ","Stricture_minus_Control","Control","Stricture",0,0,0,0,0,FALSE
"GSE134809","Endothelial","B_cell::MZ","Inflamed_minus_Control","Control","Inflamed",0,2,0,0,2,FALSE
"GSE134809","Endothelial","B_cell::MZ","Inflamed_minus_Non_inflamed","Non-inflamed","Inflamed",0,2,0,0,2,FALSE
"GSE134809","Endothelial","B_cell::MZ","Stricture_minus_Inflamed","Inflamed","Stricture",2,0,0,2,0,FALSE
"GSE134809","Endothelial","B_cell::Naïve B","Stricture_minus_Non_stricture","Non-stricture","Stricture",0,0,0,0,0,FALSE
"GSE134809","Endothelial","B_cell::Naïve B","Stricture_minus_Control","Control","Stricture",0,0,0,0,0,FALSE
"GSE134809","Endothelial","B_cell::Naïve B","Inflamed_minus_Control","Control","Inflamed",0,9,0,0,9,FALSE
"GSE134809","Endothelial","B_cell::Naïve B","Inflamed_minus_Non_inflamed","Non-inflamed","Inflamed",4,9,0,4,9,TRUE
"GSE134809","Endothelial","B_cell::Naïve B","Stricture_minus_Inflamed","Inflamed","Stricture",9,0,0,9,0,FALSE
"GSE134809","Endothelial","Plasma::Activated plasma","Stricture_minus_Non_stricture","Non-stricture","Stricture",0,0,0,0,0,FALSE
"GSE134809","Endothelial","Plasma::Activated plasma","Stricture_minus_Control","Control","Stricture",0,0,0,0,0,FALSE
"GSE134809","Endothelial","Plasma::Activated plasma","Inflamed_minus_Control","Control","Inflamed",0,8,0,0,8,FALSE
"GSE134809","Endothelial","Plasma::Activated plasma","Inflamed_minus_Non_inflamed","Non-inflamed","Inflamed",5,8,0,5,8,TRUE
"GSE134809","Endothelial","Plasma::Activated plasma","Stricture_minus_Inflamed","Inflamed","Stricture",8,0,0,8,0,FALSE
"GSE134809","Endothelial","Plasma::IgA plasma","Stricture_minus_Non_stricture","Non-stricture","Stricture",0,0,0,0,0,FALSE
"GSE134809","Endothelial","Plasma::IgA plasma","Stricture_minus_Control","Control","Stricture",0,0,0,0,0,FALSE
"GSE134809","Endothelial","Plasma::IgA plasma","Inflamed_minus_Control","Control","Inflamed",0,10,0,0,10,FALSE
"GSE134809","Endothelial","Plasma::IgA plasma","Inflamed_minus_Non_inflamed","Non-inflamed","Inflamed",7,10,0,7,10,TRUE
"GSE134809","Endothelial","Plasma::IgA plasma","Stricture_minus_Inflamed","Inflamed","Stricture",10,0,0,10,0,FALSE
"GSE134809","Endothelial","Plasma::IgG plasma","Stricture_minus_Non_stricture","Non-stricture","Stricture",0,0,0,0,0,FALSE
"GSE134809","Endothelial","Plasma::IgG plasma","Stricture_minus_Control","Control","Stricture",0,0,0,0,0,FALSE
"GSE134809","Endothelial","Plasma::IgG plasma","Inflamed_minus_Control","Control","Inflamed",0,8,0,0,8,FALSE
"GSE134809","Endothelial","Plasma::IgG plasma","Inflamed_minus_Non_inflamed","Non-inflamed","Inflamed",2,8,0,2,8,TRUE
"GSE134809","Endothelial","Plasma::IgG plasma","Stricture_minus_Inflamed","Inflamed","Stricture",8,0,0,8,0,FALSE
"GSE134809","Endothelial","Plasma::Transitional B","Stricture_minus_Non_stricture","Non-stricture","Stricture",0,0,0,0,0,FALSE
"GSE134809","Endothelial","Plasma::Transitional B","Stricture_minus_Control","Control","Stricture",0,0,0,0,0,FALSE
"GSE134809","Endothelial","Plasma::Transitional B","Inflamed_minus_Control","Control","Inflamed",0,1,0,0,1,FALSE
"GSE134809","Endothelial","Plasma::Transitional B","Inflamed_minus_Non_inflamed","Non-inflamed","Inflamed",0,1,0,0,1,FALSE
"GSE134809","Endothelial","Plasma::Transitional B","Stricture_minus_Inflamed","Inflamed","Stricture",1,0,0,1,0,FALSE
"GSE134809","Epithelial","B_cell::ActB3","Stricture_minus_Non_stricture","Non-stricture","Stricture",0,0,0,0,0,FALSE
"GSE134809","Epithelial","B_cell::ActB3","Stricture_minus_Control","Control","Stricture",0,0,0,0,0,FALSE
"GSE134809","Epithelial","B_cell::ActB3","Inflamed_minus_Control","Control","Inflamed",0,5,0,0,5,FALSE
"GSE134809","Epithelial","B_cell::ActB3","Inflamed_minus_Non_inflamed","Non-inflamed","Inflamed",0,5,0,0,5,FALSE
"GSE134809","Epithelial","B_cell::ActB3","Stricture_minus_Inflamed","Inflamed","Stricture",5,0,0,5,0,FALSE
"GSE134809","Epithelial","B_cell::CSM","Stricture_minus_Non_stricture","Non-stricture","Stricture",0,0,0,0,0,FALSE
"GSE134809","Epithelial","B_cell::CSM","Stricture_minus_Control","Control","Stricture",0,0,0,0,0,FALSE
"GSE134809","Epithelial","B_cell::CSM","Inflamed_minus_Control","Control","Inflamed",0,9,0,0,9,FALSE
"GSE134809","Epithelial","B_cell::CSM","Inflamed_minus_Non_inflamed","Non-inflamed","Inflamed",10,9,0,10,9,TRUE
"GSE134809","Epithelial","B_cell::CSM","Stricture_minus_Inflamed","Inflamed","Stricture",9,0,0,9,0,FALSE
"GSE134809","Epithelial","B_cell::Centroblast B","Stricture_minus_Non_stricture","Non-stricture","Stricture",0,0,0,0,0,FALSE
"GSE134809","Epithelial","B_cell::Centroblast B","Stricture_minus_Control","Control","Stricture",0,0,0,0,0,FALSE
"GSE134809","Epithelial","B_cell::Centroblast B","Inflamed_minus_Control","Control","Inflamed",0,1,0,0,1,FALSE
"GSE134809","Epithelial","B_cell::Centroblast B","Inflamed_minus_Non_inflamed","Non-inflamed","Inflamed",0,1,0,0,1,FALSE
"GSE134809","Epithelial","B_cell::Centroblast B","Stricture_minus_Inflamed","Inflamed","Stricture",1,0,0,1,0,FALSE
"GSE134809","Epithelial","B_cell::Centrocyte B","Stricture_minus_Non_stricture","Non-stricture","Stricture",0,0,0,0,0,FALSE
"GSE134809","Epithelial","B_cell::Centrocyte B","Stricture_minus_Control","Control","Stricture",0,0,0,0,0,FALSE
"GSE134809","Epithelial","B_cell::Centrocyte B","Inflamed_minus_Control","Control","Inflamed",0,1,0,0,1,FALSE
"GSE134809","Epithelial","B_cell::Centrocyte B","Inflamed_minus_Non_inflamed","Non-inflamed","Inflamed",1,1,0,1,1,TRUE
"GSE134809","Epithelial","B_cell::Centrocyte B","Stricture_minus_Inflamed","Inflamed","Stricture",1,0,0,1,0,FALSE
"GSE134809","Epithelial","B_cell::DN2","Stricture_minus_Non_stricture","Non-stricture","Stricture",0,0,0,0,0,FALSE
"GSE134809","Epithelial","B_cell::DN2","Stricture_minus_Control","Control","Stricture",0,0,0,0,0,FALSE
"GSE134809","Epithelial","B_cell::DN2","Inflamed_minus_Control","Control","Inflamed",0,4,0,0,4,FALSE
"GSE134809","Epithelial","B_cell::DN2","Inflamed_minus_Non_inflamed","Non-inflamed","Inflamed",1,4,0,1,4,TRUE
"GSE134809","Epithelial","B_cell::DN2","Stricture_minus_Inflamed","Inflamed","Stricture",4,0,0,4,0,FALSE
"GSE134809","Epithelial","B_cell::IgM-only","Stricture_minus_Non_stricture","Non-stricture","Stricture",0,0,0,0,0,FALSE
"GSE134809","Epithelial","B_cell::IgM-only","Stricture_minus_Control","Control","Stricture",0,0,0,0,0,FALSE
"GSE134809","Epithelial","B_cell::IgM-only","Inflamed_minus_Control","Control","Inflamed",0,3,0,0,3,FALSE
"GSE134809","Epithelial","B_cell::IgM-only","Inflamed_minus_Non_inflamed","Non-inflamed","Inflamed",0,3,0,0,3,FALSE
"GSE134809","Epithelial","B_cell::IgM-only","Stricture_minus_Inflamed","Inflamed","Stricture",3,0,0,3,0,FALSE
"GSE134809","Epithelial","B_cell::MZ","Stricture_minus_Non_stricture","Non-stricture","Stricture",0,0,0,0,0,FALSE
"GSE134809","Epithelial","B_cell::MZ","Stricture_minus_Control","Control","Stricture",0,0,0,0,0,FALSE
"GSE134809","Epithelial","B_cell::MZ","Inflamed_minus_Control","Control","Inflamed",0,2,0,0,2,FALSE
"GSE134809","Epithelial","B_cell::MZ","Inflamed_minus_Non_inflamed","Non-inflamed","Inflamed",0,2,0,0,2,FALSE
"GSE134809","Epithelial","B_cell::MZ","Stricture_minus_Inflamed","Inflamed","Stricture",2,0,0,2,0,FALSE
"GSE134809","Epithelial","B_cell::Naïve B","Stricture_minus_Non_stricture","Non-stricture","Stricture",0,0,0,0,0,FALSE
"GSE134809","Epithelial","B_cell::Naïve B","Stricture_minus_Control","Control","Stricture",0,0,0,0,0,FALSE
"GSE134809","Epithelial","B_cell::Naïve B","Inflamed_minus_Control","Control","Inflamed",0,8,0,0,8,FALSE
"GSE134809","Epithelial","B_cell::Naïve B","Inflamed_minus_Non_inflamed","Non-inflamed","Inflamed",6,8,0,6,8,TRUE
"GSE134809","Epithelial","B_cell::Naïve B","Stricture_minus_Inflamed","Inflamed","Stricture",8,0,0,8,0,FALSE
"GSE134809","Epithelial","Plasma::Activated plasma","Stricture_minus_Non_stricture","Non-stricture","Stricture",0,0,0,0,0,FALSE
"GSE134809","Epithelial","Plasma::Activated plasma","Stricture_minus_Control","Control","Stricture",0,0,0,0,0,FALSE
"GSE134809","Epithelial","Plasma::Activated plasma","Inflamed_minus_Control","Control","Inflamed",0,9,0,0,9,FALSE
"GSE134809","Epithelial","Plasma::Activated plasma","Inflamed_minus_Non_inflamed","Non-inflamed","Inflamed",8,9,0,8,9,TRUE
"GSE134809","Epithelial","Plasma::Activated plasma","Stricture_minus_Inflamed","Inflamed","Stricture",9,0,0,9,0,FALSE
"GSE134809","Epithelial","Plasma::IgA plasma","Stricture_minus_Non_stricture","Non-stricture","Stricture",0,0,0,0,0,FALSE
"GSE134809","Epithelial","Plasma::IgA plasma","Stricture_minus_Control","Control","Stricture",0,0,0,0,0,FALSE
"GSE134809","Epithelial","Plasma::IgA plasma","Inflamed_minus_Control","Control","Inflamed",0,10,0,0,10,FALSE
"GSE134809","Epithelial","Plasma::IgA plasma","Inflamed_minus_Non_inflamed","Non-inflamed","Inflamed",11,10,0,11,10,TRUE
"GSE134809","Epithelial","Plasma::IgA plasma","Stricture_minus_Inflamed","Inflamed","Stricture",10,0,0,10,0,FALSE
"GSE134809","Epithelial","Plasma::IgG plasma","Stricture_minus_Non_stricture","Non-stricture","Stricture",0,0,0,0,0,FALSE
"GSE134809","Epithelial","Plasma::IgG plasma","Stricture_minus_Control","Control","Stricture",0,0,0,0,0,FALSE
"GSE134809","Epithelial","Plasma::IgG plasma","Inflamed_minus_Control","Control","Inflamed",0,7,0,0,7,FALSE
"GSE134809","Epithelial","Plasma::IgG plasma","Inflamed_minus_Non_inflamed","Non-inflamed","Inflamed",3,7,0,3,7,TRUE
"GSE134809","Epithelial","Plasma::IgG plasma","Stricture_minus_Inflamed","Inflamed","Stricture",7,0,0,7,0,FALSE
"GSE134809","Epithelial","Plasma::Transitional B","Stricture_minus_Non_stricture","Non-stricture","Stricture",0,0,0,0,0,FALSE
"GSE134809","Epithelial","Plasma::Transitional B","Stricture_minus_Control","Control","Stricture",0,0,0,0,0,FALSE
"GSE134809","Epithelial","Plasma::Transitional B","Inflamed_minus_Control","Control","Inflamed",0,1,0,0,1,FALSE
"GSE134809","Epithelial","Plasma::Transitional B","Inflamed_minus_Non_inflamed","Non-inflamed","Inflamed",0,1,0,0,1,FALSE
"GSE134809","Epithelial","Plasma::Transitional B","Stricture_minus_Inflamed","Inflamed","Stricture",1,0,0,1,0,FALSE
"GSE134809","Mast","B_cell::ActB3","Stricture_minus_Non_stricture","Non-stricture","Stricture",0,0,0,0,0,FALSE
"GSE134809","Mast","B_cell::ActB3","Stricture_minus_Control","Control","Stricture",0,0,0,0,0,FALSE
"GSE134809","Mast","B_cell::ActB3","Inflamed_minus_Control","Control","Inflamed",0,2,0,0,2,FALSE
"GSE134809","Mast","B_cell::ActB3","Inflamed_minus_Non_inflamed","Non-inflamed","Inflamed",0,2,0,0,2,FALSE
"GSE134809","Mast","B_cell::ActB3","Stricture_minus_Inflamed","Inflamed","Stricture",2,0,0,2,0,FALSE
"GSE134809","Mast","B_cell::CSM","Stricture_minus_Non_stricture","Non-stricture","Stricture",0,0,0,0,0,FALSE
"GSE134809","Mast","B_cell::CSM","Stricture_minus_Control","Control","Stricture",0,0,0,0,0,FALSE
"GSE134809","Mast","B_cell::CSM","Inflamed_minus_Control","Control","Inflamed",0,3,0,0,3,FALSE
"GSE134809","Mast","B_cell::CSM","Inflamed_minus_Non_inflamed","Non-inflamed","Inflamed",5,3,0,5,3,TRUE
"GSE134809","Mast","B_cell::CSM","Stricture_minus_Inflamed","Inflamed","Stricture",3,0,0,3,0,FALSE
"GSE134809","Mast","B_cell::Centroblast B","Stricture_minus_Non_stricture","Non-stricture","Stricture",0,0,0,0,0,FALSE
"GSE134809","Mast","B_cell::Centroblast B","Stricture_minus_Control","Control","Stricture",0,0,0,0,0,FALSE
"GSE134809","Mast","B_cell::Centroblast B","Inflamed_minus_Control","Control","Inflamed",0,1,0,0,1,FALSE
"GSE134809","Mast","B_cell::Centroblast B","Inflamed_minus_Non_inflamed","Non-inflamed","Inflamed",0,1,0,0,1,FALSE
"GSE134809","Mast","B_cell::Centroblast B","Stricture_minus_Inflamed","Inflamed","Stricture",1,0,0,1,0,FALSE
"GSE134809","Mast","B_cell::Centrocyte B","Stricture_minus_Non_stricture","Non-stricture","Stricture",0,0,0,0,0,FALSE
"GSE134809","Mast","B_cell::Centrocyte B","Stricture_minus_Control","Control","Stricture",0,0,0,0,0,FALSE
"GSE134809","Mast","B_cell::Centrocyte B","Inflamed_minus_Control","Control","Inflamed",0,1,0,0,1,FALSE
"GSE134809","Mast","B_cell::Centrocyte B","Inflamed_minus_Non_inflamed","Non-inflamed","Inflamed",1,1,0,1,1,TRUE
"GSE134809","Mast","B_cell::Centrocyte B","Stricture_minus_Inflamed","Inflamed","Stricture",1,0,0,1,0,FALSE
"GSE134809","Mast","B_cell::DN2","Stricture_minus_Non_stricture","Non-stricture","Stricture",0,0,0,0,0,FALSE
"GSE134809","Mast","B_cell::DN2","Stricture_minus_Control","Control","Stricture",0,0,0,0,0,FALSE
"GSE134809","Mast","B_cell::DN2","Inflamed_minus_Control","Control","Inflamed",0,2,0,0,2,FALSE
"GSE134809","Mast","B_cell::DN2","Inflamed_minus_Non_inflamed","Non-inflamed","Inflamed",0,2,0,0,2,FALSE
"GSE134809","Mast","B_cell::DN2","Stricture_minus_Inflamed","Inflamed","Stricture",2,0,0,2,0,FALSE
"GSE134809","Mast","B_cell::IgM-only","Stricture_minus_Non_stricture","Non-stricture","Stricture",0,0,0,0,0,FALSE
"GSE134809","Mast","B_cell::IgM-only","Stricture_minus_Control","Control","Stricture",0,0,0,0,0,FALSE
"GSE134809","Mast","B_cell::IgM-only","Inflamed_minus_Control","Control","Inflamed",0,1,0,0,1,FALSE
"GSE134809","Mast","B_cell::IgM-only","Inflamed_minus_Non_inflamed","Non-inflamed","Inflamed",0,1,0,0,1,FALSE
"GSE134809","Mast","B_cell::IgM-only","Stricture_minus_Inflamed","Inflamed","Stricture",1,0,0,1,0,FALSE
"GSE134809","Mast","B_cell::MZ","Stricture_minus_Non_stricture","Non-stricture","Stricture",0,0,0,0,0,FALSE
"GSE134809","Mast","B_cell::MZ","Stricture_minus_Control","Control","Stricture",0,0,0,0,0,FALSE
"GSE134809","Mast","B_cell::MZ","Inflamed_minus_Control","Control","Inflamed",0,1,0,0,1,FALSE
"GSE134809","Mast","B_cell::MZ","Inflamed_minus_Non_inflamed","Non-inflamed","Inflamed",0,1,0,0,1,FALSE
"GSE134809","Mast","B_cell::MZ","Stricture_minus_Inflamed","Inflamed","Stricture",1,0,0,1,0,FALSE
"GSE134809","Mast","B_cell::Naïve B","Stricture_minus_Non_stricture","Non-stricture","Stricture",0,0,0,0,0,FALSE
"GSE134809","Mast","B_cell::Naïve B","Stricture_minus_Control","Control","Stricture",0,0,0,0,0,FALSE
"GSE134809","Mast","B_cell::Naïve B","Inflamed_minus_Control","Control","Inflamed",0,2,0,0,2,FALSE
"GSE134809","Mast","B_cell::Naïve B","Inflamed_minus_Non_inflamed","Non-inflamed","Inflamed",3,2,0,3,2,TRUE
"GSE134809","Mast","B_cell::Naïve B","Stricture_minus_Inflamed","Inflamed","Stricture",2,0,0,2,0,FALSE
"GSE134809","Mast","Plasma::Activated plasma","Stricture_minus_Non_stricture","Non-stricture","Stricture",0,0,0,0,0,FALSE
"GSE134809","Mast","Plasma::Activated plasma","Stricture_minus_Control","Control","Stricture",0,0,0,0,0,FALSE
"GSE134809","Mast","Plasma::Activated plasma","Inflamed_minus_Control","Control","Inflamed",0,4,0,0,4,FALSE
"GSE134809","Mast","Plasma::Activated plasma","Inflamed_minus_Non_inflamed","Non-inflamed","Inflamed",4,4,0,4,4,TRUE
"GSE134809","Mast","Plasma::Activated plasma","Stricture_minus_Inflamed","Inflamed","Stricture",4,0,0,4,0,FALSE
"GSE134809","Mast","Plasma::IgA plasma","Stricture_minus_Non_stricture","Non-stricture","Stricture",0,0,0,0,0,FALSE
"GSE134809","Mast","Plasma::IgA plasma","Stricture_minus_Control","Control","Stricture",0,0,0,0,0,FALSE
"GSE134809","Mast","Plasma::IgA plasma","Inflamed_minus_Control","Control","Inflamed",0,4,0,0,4,FALSE
"GSE134809","Mast","Plasma::IgA plasma","Inflamed_minus_Non_inflamed","Non-inflamed","Inflamed",5,4,0,5,4,TRUE
"GSE134809","Mast","Plasma::IgA plasma","Stricture_minus_Inflamed","Inflamed","Stricture",4,0,0,4,0,FALSE
"GSE134809","Mast","Plasma::IgG plasma","Stricture_minus_Non_stricture","Non-stricture","Stricture",0,0,0,0,0,FALSE
"GSE134809","Mast","Plasma::IgG plasma","Stricture_minus_Control","Control","Stricture",0,0,0,0,0,FALSE
"GSE134809","Mast","Plasma::IgG plasma","Inflamed_minus_Control","Control","Inflamed",0,3,0,0,3,FALSE
"GSE134809","Mast","Plasma::IgG plasma","Inflamed_minus_Non_inflamed","Non-inflamed","Inflamed",2,3,0,2,3,TRUE
"GSE134809","Mast","Plasma::IgG plasma","Stricture_minus_Inflamed","Inflamed","Stricture",3,0,0,3,0,FALSE
"GSE134809","Mast","Plasma::Transitional B","Stricture_minus_Non_stricture","Non-stricture","Stricture",0,0,0,0,0,FALSE
"GSE134809","Mast","Plasma::Transitional B","Stricture_minus_Control","Control","Stricture",0,0,0,0,0,FALSE
"GSE134809","Mast","Plasma::Transitional B","Inflamed_minus_Control","Control","Inflamed",0,1,0,0,1,FALSE
"GSE134809","Mast","Plasma::Transitional B","Inflamed_minus_Non_inflamed","Non-inflamed","Inflamed",0,1,0,0,1,FALSE
"GSE134809","Mast","Plasma::Transitional B","Stricture_minus_Inflamed","Inflamed","Stricture",1,0,0,1,0,FALSE
"GSE134809","Mesenchymal_stromal","B_cell::ActB3","Stricture_minus_Non_stricture","Non-stricture","Stricture",0,0,0,0,0,FALSE
"GSE134809","Mesenchymal_stromal","B_cell::ActB3","Stricture_minus_Control","Control","Stricture",0,0,0,0,0,FALSE
"GSE134809","Mesenchymal_stromal","B_cell::ActB3","Inflamed_minus_Control","Control","Inflamed",0,5,0,0,5,FALSE
"GSE134809","Mesenchymal_stromal","B_cell::ActB3","Inflamed_minus_Non_inflamed","Non-inflamed","Inflamed",0,5,0,0,5,FALSE
"GSE134809","Mesenchymal_stromal","B_cell::ActB3","Stricture_minus_Inflamed","Inflamed","Stricture",5,0,0,5,0,FALSE
"GSE134809","Mesenchymal_stromal","B_cell::CSM","Stricture_minus_Non_stricture","Non-stricture","Stricture",0,0,0,0,0,FALSE
"GSE134809","Mesenchymal_stromal","B_cell::CSM","Stricture_minus_Control","Control","Stricture",0,0,0,0,0,FALSE
"GSE134809","Mesenchymal_stromal","B_cell::CSM","Inflamed_minus_Control","Control","Inflamed",0,10,0,0,10,FALSE
"GSE134809","Mesenchymal_stromal","B_cell::CSM","Inflamed_minus_Non_inflamed","Non-inflamed","Inflamed",9,10,0,9,10,TRUE
"GSE134809","Mesenchymal_stromal","B_cell::CSM","Stricture_minus_Inflamed","Inflamed","Stricture",10,0,0,10,0,FALSE
"GSE134809","Mesenchymal_stromal","B_cell::Centroblast B","Stricture_minus_Non_stricture","Non-stricture","Stricture",0,0,0,0,0,FALSE
"GSE134809","Mesenchymal_stromal","B_cell::Centroblast B","Stricture_minus_Control","Control","Stricture",0,0,0,0,0,FALSE
"GSE134809","Mesenchymal_stromal","B_cell::Centroblast B","Inflamed_minus_Control","Control","Inflamed",0,1,0,0,1,FALSE
"GSE134809","Mesenchymal_stromal","B_cell::Centroblast B","Inflamed_minus_Non_inflamed","Non-inflamed","Inflamed",0,1,0,0,1,FALSE
"GSE134809","Mesenchymal_stromal","B_cell::Centroblast B","Stricture_minus_Inflamed","Inflamed","Stricture",1,0,0,1,0,FALSE
"GSE134809","Mesenchymal_stromal","B_cell::Centrocyte B","Stricture_minus_Non_stricture","Non-stricture","Stricture",0,0,0,0,0,FALSE
"GSE134809","Mesenchymal_stromal","B_cell::Centrocyte B","Stricture_minus_Control","Control","Stricture",0,0,0,0,0,FALSE
"GSE134809","Mesenchymal_stromal","B_cell::Centrocyte B","Inflamed_minus_Control","Control","Inflamed",0,1,0,0,1,FALSE
"GSE134809","Mesenchymal_stromal","B_cell::Centrocyte B","Inflamed_minus_Non_inflamed","Non-inflamed","Inflamed",1,1,0,1,1,TRUE
"GSE134809","Mesenchymal_stromal","B_cell::Centrocyte B","Stricture_minus_Inflamed","Inflamed","Stricture",1,0,0,1,0,FALSE
"GSE134809","Mesenchymal_stromal","B_cell::DN2","Stricture_minus_Non_stricture","Non-stricture","Stricture",0,0,0,0,0,FALSE
"GSE134809","Mesenchymal_stromal","B_cell::DN2","Stricture_minus_Control","Control","Stricture",0,0,0,0,0,FALSE
"GSE134809","Mesenchymal_stromal","B_cell::DN2","Inflamed_minus_Control","Control","Inflamed",0,5,0,0,5,FALSE
"GSE134809","Mesenchymal_stromal","B_cell::DN2","Inflamed_minus_Non_inflamed","Non-inflamed","Inflamed",1,5,0,1,5,TRUE
"GSE134809","Mesenchymal_stromal","B_cell::DN2","Stricture_minus_Inflamed","Inflamed","Stricture",5,0,0,5,0,FALSE
"GSE134809","Mesenchymal_stromal","B_cell::IgM-only","Stricture_minus_Non_stricture","Non-stricture","Stricture",0,0,0,0,0,FALSE
"GSE134809","Mesenchymal_stromal","B_cell::IgM-only","Stricture_minus_Control","Control","Stricture",0,0,0,0,0,FALSE
"GSE134809","Mesenchymal_stromal","B_cell::IgM-only","Inflamed_minus_Control","Control","Inflamed",0,3,0,0,3,FALSE
"GSE134809","Mesenchymal_stromal","B_cell::IgM-only","Inflamed_minus_Non_inflamed","Non-inflamed","Inflamed",0,3,0,0,3,FALSE
"GSE134809","Mesenchymal_stromal","B_cell::IgM-only","Stricture_minus_Inflamed","Inflamed","Stricture",3,0,0,3,0,FALSE
"GSE134809","Mesenchymal_stromal","B_cell::MZ","Stricture_minus_Non_stricture","Non-stricture","Stricture",0,0,0,0,0,FALSE
"GSE134809","Mesenchymal_stromal","B_cell::MZ","Stricture_minus_Control","Control","Stricture",0,0,0,0,0,FALSE
"GSE134809","Mesenchymal_stromal","B_cell::MZ","Inflamed_minus_Control","Control","Inflamed",0,2,0,0,2,FALSE
"GSE134809","Mesenchymal_stromal","B_cell::MZ","Inflamed_minus_Non_inflamed","Non-inflamed","Inflamed",0,2,0,0,2,FALSE
"GSE134809","Mesenchymal_stromal","B_cell::MZ","Stricture_minus_Inflamed","Inflamed","Stricture",2,0,0,2,0,FALSE
"GSE134809","Mesenchymal_stromal","B_cell::Naïve B","Stricture_minus_Non_stricture","Non-stricture","Stricture",0,0,0,0,0,FALSE
"GSE134809","Mesenchymal_stromal","B_cell::Naïve B","Stricture_minus_Control","Control","Stricture",0,0,0,0,0,FALSE
"GSE134809","Mesenchymal_stromal","B_cell::Naïve B","Inflamed_minus_Control","Control","Inflamed",0,9,0,0,9,FALSE
"GSE134809","Mesenchymal_stromal","B_cell::Naïve B","Inflamed_minus_Non_inflamed","Non-inflamed","Inflamed",5,9,0,5,9,TRUE
"GSE134809","Mesenchymal_stromal","B_cell::Naïve B","Stricture_minus_Inflamed","Inflamed","Stricture",9,0,0,9,0,FALSE
"GSE134809","Mesenchymal_stromal","Plasma::Activated plasma","Stricture_minus_Non_stricture","Non-stricture","Stricture",0,0,0,0,0,FALSE
"GSE134809","Mesenchymal_stromal","Plasma::Activated plasma","Stricture_minus_Control","Control","Stricture",0,0,0,0,0,FALSE
"GSE134809","Mesenchymal_stromal","Plasma::Activated plasma","Inflamed_minus_Control","Control","Inflamed",0,8,0,0,8,FALSE
"GSE134809","Mesenchymal_stromal","Plasma::Activated plasma","Inflamed_minus_Non_inflamed","Non-inflamed","Inflamed",7,8,0,7,8,TRUE
"GSE134809","Mesenchymal_stromal","Plasma::Activated plasma","Stricture_minus_Inflamed","Inflamed","Stricture",8,0,0,8,0,FALSE
"GSE134809","Mesenchymal_stromal","Plasma::IgA plasma","Stricture_minus_Non_stricture","Non-stricture","Stricture",0,0,0,0,0,FALSE
"GSE134809","Mesenchymal_stromal","Plasma::IgA plasma","Stricture_minus_Control","Control","Stricture",0,0,0,0,0,FALSE
"GSE134809","Mesenchymal_stromal","Plasma::IgA plasma","Inflamed_minus_Control","Control","Inflamed",0,10,0,0,10,FALSE
"GSE134809","Mesenchymal_stromal","Plasma::IgA plasma","Inflamed_minus_Non_inflamed","Non-inflamed","Inflamed",9,10,0,9,10,TRUE
"GSE134809","Mesenchymal_stromal","Plasma::IgA plasma","Stricture_minus_Inflamed","Inflamed","Stricture",10,0,0,10,0,FALSE
"GSE134809","Mesenchymal_stromal","Plasma::IgG plasma","Stricture_minus_Non_stricture","Non-stricture","Stricture",0,0,0,0,0,FALSE
"GSE134809","Mesenchymal_stromal","Plasma::IgG plasma","Stricture_minus_Control","Control","Stricture",0,0,0,0,0,FALSE
"GSE134809","Mesenchymal_stromal","Plasma::IgG plasma","Inflamed_minus_Control","Control","Inflamed",0,8,0,0,8,FALSE
"GSE134809","Mesenchymal_stromal","Plasma::IgG plasma","Inflamed_minus_Non_inflamed","Non-inflamed","Inflamed",3,8,0,3,8,TRUE
"GSE134809","Mesenchymal_stromal","Plasma::IgG plasma","Stricture_minus_Inflamed","Inflamed","Stricture",8,0,0,8,0,FALSE
"GSE134809","Mesenchymal_stromal","Plasma::Transitional B","Stricture_minus_Non_stricture","Non-stricture","Stricture",0,0,0,0,0,FALSE
"GSE134809","Mesenchymal_stromal","Plasma::Transitional B","Stricture_minus_Control","Control","Stricture",0,0,0,0,0,FALSE
"GSE134809","Mesenchymal_stromal","Plasma::Transitional B","Inflamed_minus_Control","Control","Inflamed",0,1,0,0,1,FALSE
"GSE134809","Mesenchymal_stromal","Plasma::Transitional B","Inflamed_minus_Non_inflamed","Non-inflamed","Inflamed",0,1,0,0,1,FALSE
"GSE134809","Mesenchymal_stromal","Plasma::Transitional B","Stricture_minus_Inflamed","Inflamed","Stricture",1,0,0,1,0,FALSE
"GSE134809","Myeloid","B_cell::ActB3","Stricture_minus_Non_stricture","Non-stricture","Stricture",0,0,0,0,0,FALSE
"GSE134809","Myeloid","B_cell::ActB3","Stricture_minus_Control","Control","Stricture",0,0,0,0,0,FALSE
"GSE134809","Myeloid","B_cell::ActB3","Inflamed_minus_Control","Control","Inflamed",0,5,0,0,5,FALSE
"GSE134809","Myeloid","B_cell::ActB3","Inflamed_minus_Non_inflamed","Non-inflamed","Inflamed",0,5,0,0,5,FALSE
"GSE134809","Myeloid","B_cell::ActB3","Stricture_minus_Inflamed","Inflamed","Stricture",5,0,0,5,0,FALSE
"GSE134809","Myeloid","B_cell::CSM","Stricture_minus_Non_stricture","Non-stricture","Stricture",0,0,0,0,0,FALSE
"GSE134809","Myeloid","B_cell::CSM","Stricture_minus_Control","Control","Stricture",0,0,0,0,0,FALSE
"GSE134809","Myeloid","B_cell::CSM","Inflamed_minus_Control","Control","Inflamed",0,10,0,0,10,FALSE
"GSE134809","Myeloid","B_cell::CSM","Inflamed_minus_Non_inflamed","Non-inflamed","Inflamed",10,10,0,10,10,TRUE
"GSE134809","Myeloid","B_cell::CSM","Stricture_minus_Inflamed","Inflamed","Stricture",10,0,0,10,0,FALSE
"GSE134809","Myeloid","B_cell::Centroblast B","Stricture_minus_Non_stricture","Non-stricture","Stricture",0,0,0,0,0,FALSE
"GSE134809","Myeloid","B_cell::Centroblast B","Stricture_minus_Control","Control","Stricture",0,0,0,0,0,FALSE
"GSE134809","Myeloid","B_cell::Centroblast B","Inflamed_minus_Control","Control","Inflamed",0,1,0,0,1,FALSE
"GSE134809","Myeloid","B_cell::Centroblast B","Inflamed_minus_Non_inflamed","Non-inflamed","Inflamed",0,1,0,0,1,FALSE
"GSE134809","Myeloid","B_cell::Centroblast B","Stricture_minus_Inflamed","Inflamed","Stricture",1,0,0,1,0,FALSE
"GSE134809","Myeloid","B_cell::Centrocyte B","Stricture_minus_Non_stricture","Non-stricture","Stricture",0,0,0,0,0,FALSE
"GSE134809","Myeloid","B_cell::Centrocyte B","Stricture_minus_Control","Control","Stricture",0,0,0,0,0,FALSE
"GSE134809","Myeloid","B_cell::Centrocyte B","Inflamed_minus_Control","Control","Inflamed",0,1,0,0,1,FALSE
"GSE134809","Myeloid","B_cell::Centrocyte B","Inflamed_minus_Non_inflamed","Non-inflamed","Inflamed",1,1,0,1,1,TRUE
"GSE134809","Myeloid","B_cell::Centrocyte B","Stricture_minus_Inflamed","Inflamed","Stricture",1,0,0,1,0,FALSE
"GSE134809","Myeloid","B_cell::DN2","Stricture_minus_Non_stricture","Non-stricture","Stricture",0,0,0,0,0,FALSE
"GSE134809","Myeloid","B_cell::DN2","Stricture_minus_Control","Control","Stricture",0,0,0,0,0,FALSE
"GSE134809","Myeloid","B_cell::DN2","Inflamed_minus_Control","Control","Inflamed",0,5,0,0,5,FALSE
"GSE134809","Myeloid","B_cell::DN2","Inflamed_minus_Non_inflamed","Non-inflamed","Inflamed",1,5,0,1,5,TRUE
"GSE134809","Myeloid","B_cell::DN2","Stricture_minus_Inflamed","Inflamed","Stricture",5,0,0,5,0,FALSE
"GSE134809","Myeloid","B_cell::IgM-only","Stricture_minus_Non_stricture","Non-stricture","Stricture",0,0,0,0,0,FALSE
"GSE134809","Myeloid","B_cell::IgM-only","Stricture_minus_Control","Control","Stricture",0,0,0,0,0,FALSE
"GSE134809","Myeloid","B_cell::IgM-only","Inflamed_minus_Control","Control","Inflamed",0,3,0,0,3,FALSE
"GSE134809","Myeloid","B_cell::IgM-only","Inflamed_minus_Non_inflamed","Non-inflamed","Inflamed",0,3,0,0,3,FALSE
"GSE134809","Myeloid","B_cell::IgM-only","Stricture_minus_Inflamed","Inflamed","Stricture",3,0,0,3,0,FALSE
"GSE134809","Myeloid","B_cell::MZ","Stricture_minus_Non_stricture","Non-stricture","Stricture",0,0,0,0,0,FALSE
"GSE134809","Myeloid","B_cell::MZ","Stricture_minus_Control","Control","Stricture",0,0,0,0,0,FALSE
"GSE134809","Myeloid","B_cell::MZ","Inflamed_minus_Control","Control","Inflamed",0,2,0,0,2,FALSE
"GSE134809","Myeloid","B_cell::MZ","Inflamed_minus_Non_inflamed","Non-inflamed","Inflamed",0,2,0,0,2,FALSE
"GSE134809","Myeloid","B_cell::MZ","Stricture_minus_Inflamed","Inflamed","Stricture",2,0,0,2,0,FALSE
"GSE134809","Myeloid","B_cell::Naïve B","Stricture_minus_Non_stricture","Non-stricture","Stricture",0,0,0,0,0,FALSE
"GSE134809","Myeloid","B_cell::Naïve B","Stricture_minus_Control","Control","Stricture",0,0,0,0,0,FALSE
"GSE134809","Myeloid","B_cell::Naïve B","Inflamed_minus_Control","Control","Inflamed",0,9,0,0,9,FALSE
"GSE134809","Myeloid","B_cell::Naïve B","Inflamed_minus_Non_inflamed","Non-inflamed","Inflamed",6,9,0,6,9,TRUE
"GSE134809","Myeloid","B_cell::Naïve B","Stricture_minus_Inflamed","Inflamed","Stricture",9,0,0,9,0,FALSE
"GSE134809","Myeloid","Plasma::Activated plasma","Stricture_minus_Non_stricture","Non-stricture","Stricture",0,0,0,0,0,FALSE
"GSE134809","Myeloid","Plasma::Activated plasma","Stricture_minus_Control","Control","Stricture",0,0,0,0,0,FALSE
"GSE134809","Myeloid","Plasma::Activated plasma","Inflamed_minus_Control","Control","Inflamed",0,9,0,0,9,FALSE
"GSE134809","Myeloid","Plasma::Activated plasma","Inflamed_minus_Non_inflamed","Non-inflamed","Inflamed",8,9,0,8,9,TRUE
"GSE134809","Myeloid","Plasma::Activated plasma","Stricture_minus_Inflamed","Inflamed","Stricture",9,0,0,9,0,FALSE
"GSE134809","Myeloid","Plasma::IgA plasma","Stricture_minus_Non_stricture","Non-stricture","Stricture",0,0,0,0,0,FALSE
"GSE134809","Myeloid","Plasma::IgA plasma","Stricture_minus_Control","Control","Stricture",0,0,0,0,0,FALSE
"GSE134809","Myeloid","Plasma::IgA plasma","Inflamed_minus_Control","Control","Inflamed",0,11,0,0,11,FALSE
"GSE134809","Myeloid","Plasma::IgA plasma","Inflamed_minus_Non_inflamed","Non-inflamed","Inflamed",10,11,0,10,11,TRUE
"GSE134809","Myeloid","Plasma::IgA plasma","Stricture_minus_Inflamed","Inflamed","Stricture",11,0,0,11,0,FALSE
"GSE134809","Myeloid","Plasma::IgG plasma","Stricture_minus_Non_stricture","Non-stricture","Stricture",0,0,0,0,0,FALSE
"GSE134809","Myeloid","Plasma::IgG plasma","Stricture_minus_Control","Control","Stricture",0,0,0,0,0,FALSE
"GSE134809","Myeloid","Plasma::IgG plasma","Inflamed_minus_Control","Control","Inflamed",0,8,0,0,8,FALSE
"GSE134809","Myeloid","Plasma::IgG plasma","Inflamed_minus_Non_inflamed","Non-inflamed","Inflamed",3,8,0,3,8,TRUE
"GSE134809","Myeloid","Plasma::IgG plasma","Stricture_minus_Inflamed","Inflamed","Stricture",8,0,0,8,0,FALSE
"GSE134809","Myeloid","Plasma::Transitional B","Stricture_minus_Non_stricture","Non-stricture","Stricture",0,0,0,0,0,FALSE
"GSE134809","Myeloid","Plasma::Transitional B","Stricture_minus_Control","Control","Stricture",0,0,0,0,0,FALSE
"GSE134809","Myeloid","Plasma::Transitional B","Inflamed_minus_Control","Control","Inflamed",0,1,0,0,1,FALSE
"GSE134809","Myeloid","Plasma::Transitional B","Inflamed_minus_Non_inflamed","Non-inflamed","Inflamed",0,1,0,0,1,FALSE
"GSE134809","Myeloid","Plasma::Transitional B","Stricture_minus_Inflamed","Inflamed","Stricture",1,0,0,1,0,FALSE
"GSE134809","T_NK","B_cell::ActB3","Stricture_minus_Non_stricture","Non-stricture","Stricture",0,0,0,0,0,FALSE
"GSE134809","T_NK","B_cell::ActB3","Stricture_minus_Control","Control","Stricture",0,0,0,0,0,FALSE
"GSE134809","T_NK","B_cell::ActB3","Inflamed_minus_Control","Control","Inflamed",0,5,0,0,5,FALSE
"GSE134809","T_NK","B_cell::ActB3","Inflamed_minus_Non_inflamed","Non-inflamed","Inflamed",0,5,0,0,5,FALSE
"GSE134809","T_NK","B_cell::ActB3","Stricture_minus_Inflamed","Inflamed","Stricture",5,0,0,5,0,FALSE
"GSE134809","T_NK","B_cell::CSM","Stricture_minus_Non_stricture","Non-stricture","Stricture",0,0,0,0,0,FALSE
"GSE134809","T_NK","B_cell::CSM","Stricture_minus_Control","Control","Stricture",0,0,0,0,0,FALSE
"GSE134809","T_NK","B_cell::CSM","Inflamed_minus_Control","Control","Inflamed",0,10,0,0,10,FALSE
"GSE134809","T_NK","B_cell::CSM","Inflamed_minus_Non_inflamed","Non-inflamed","Inflamed",10,10,0,10,10,TRUE
"GSE134809","T_NK","B_cell::CSM","Stricture_minus_Inflamed","Inflamed","Stricture",10,0,0,10,0,FALSE
"GSE134809","T_NK","B_cell::Centroblast B","Stricture_minus_Non_stricture","Non-stricture","Stricture",0,0,0,0,0,FALSE
"GSE134809","T_NK","B_cell::Centroblast B","Stricture_minus_Control","Control","Stricture",0,0,0,0,0,FALSE
"GSE134809","T_NK","B_cell::Centroblast B","Inflamed_minus_Control","Control","Inflamed",0,1,0,0,1,FALSE
"GSE134809","T_NK","B_cell::Centroblast B","Inflamed_minus_Non_inflamed","Non-inflamed","Inflamed",0,1,0,0,1,FALSE
"GSE134809","T_NK","B_cell::Centroblast B","Stricture_minus_Inflamed","Inflamed","Stricture",1,0,0,1,0,FALSE
"GSE134809","T_NK","B_cell::Centrocyte B","Stricture_minus_Non_stricture","Non-stricture","Stricture",0,0,0,0,0,FALSE
"GSE134809","T_NK","B_cell::Centrocyte B","Stricture_minus_Control","Control","Stricture",0,0,0,0,0,FALSE
"GSE134809","T_NK","B_cell::Centrocyte B","Inflamed_minus_Control","Control","Inflamed",0,1,0,0,1,FALSE
"GSE134809","T_NK","B_cell::Centrocyte B","Inflamed_minus_Non_inflamed","Non-inflamed","Inflamed",1,1,0,1,1,TRUE
"GSE134809","T_NK","B_cell::Centrocyte B","Stricture_minus_Inflamed","Inflamed","Stricture",1,0,0,1,0,FALSE
"GSE134809","T_NK","B_cell::DN2","Stricture_minus_Non_stricture","Non-stricture","Stricture",0,0,0,0,0,FALSE
"GSE134809","T_NK","B_cell::DN2","Stricture_minus_Control","Control","Stricture",0,0,0,0,0,FALSE
"GSE134809","T_NK","B_cell::DN2","Inflamed_minus_Control","Control","Inflamed",0,5,0,0,5,FALSE
"GSE134809","T_NK","B_cell::DN2","Inflamed_minus_Non_inflamed","Non-inflamed","Inflamed",1,5,0,1,5,TRUE
"GSE134809","T_NK","B_cell::DN2","Stricture_minus_Inflamed","Inflamed","Stricture",5,0,0,5,0,FALSE
"GSE134809","T_NK","B_cell::IgM-only","Stricture_minus_Non_stricture","Non-stricture","Stricture",0,0,0,0,0,FALSE
"GSE134809","T_NK","B_cell::IgM-only","Stricture_minus_Control","Control","Stricture",0,0,0,0,0,FALSE
"GSE134809","T_NK","B_cell::IgM-only","Inflamed_minus_Control","Control","Inflamed",0,3,0,0,3,FALSE
"GSE134809","T_NK","B_cell::IgM-only","Inflamed_minus_Non_inflamed","Non-inflamed","Inflamed",0,3,0,0,3,FALSE
"GSE134809","T_NK","B_cell::IgM-only","Stricture_minus_Inflamed","Inflamed","Stricture",3,0,0,3,0,FALSE
"GSE134809","T_NK","B_cell::MZ","Stricture_minus_Non_stricture","Non-stricture","Stricture",0,0,0,0,0,FALSE
"GSE134809","T_NK","B_cell::MZ","Stricture_minus_Control","Control","Stricture",0,0,0,0,0,FALSE
"GSE134809","T_NK","B_cell::MZ","Inflamed_minus_Control","Control","Inflamed",0,2,0,0,2,FALSE
"GSE134809","T_NK","B_cell::MZ","Inflamed_minus_Non_inflamed","Non-inflamed","Inflamed",0,2,0,0,2,FALSE
"GSE134809","T_NK","B_cell::MZ","Stricture_minus_Inflamed","Inflamed","Stricture",2,0,0,2,0,FALSE
"GSE134809","T_NK","B_cell::Naïve B","Stricture_minus_Non_stricture","Non-stricture","Stricture",0,0,0,0,0,FALSE
"GSE134809","T_NK","B_cell::Naïve B","Stricture_minus_Control","Control","Stricture",0,0,0,0,0,FALSE
"GSE134809","T_NK","B_cell::Naïve B","Inflamed_minus_Control","Control","Inflamed",0,9,0,0,9,FALSE
"GSE134809","T_NK","B_cell::Naïve B","Inflamed_minus_Non_inflamed","Non-inflamed","Inflamed",6,9,0,6,9,TRUE
"GSE134809","T_NK","B_cell::Naïve B","Stricture_minus_Inflamed","Inflamed","Stricture",9,0,0,9,0,FALSE
"GSE134809","T_NK","Plasma::Activated plasma","Stricture_minus_Non_stricture","Non-stricture","Stricture",0,0,0,0,0,FALSE
"GSE134809","T_NK","Plasma::Activated plasma","Stricture_minus_Control","Control","Stricture",0,0,0,0,0,FALSE
"GSE134809","T_NK","Plasma::Activated plasma","Inflamed_minus_Control","Control","Inflamed",0,9,0,0,9,FALSE
"GSE134809","T_NK","Plasma::Activated plasma","Inflamed_minus_Non_inflamed","Non-inflamed","Inflamed",8,9,0,8,9,TRUE
"GSE134809","T_NK","Plasma::Activated plasma","Stricture_minus_Inflamed","Inflamed","Stricture",9,0,0,9,0,FALSE
"GSE134809","T_NK","Plasma::IgA plasma","Stricture_minus_Non_stricture","Non-stricture","Stricture",0,0,0,0,0,FALSE
"GSE134809","T_NK","Plasma::IgA plasma","Stricture_minus_Control","Control","Stricture",0,0,0,0,0,FALSE
"GSE134809","T_NK","Plasma::IgA plasma","Inflamed_minus_Control","Control","Inflamed",0,11,0,0,11,FALSE
"GSE134809","T_NK","Plasma::IgA plasma","Inflamed_minus_Non_inflamed","Non-inflamed","Inflamed",11,11,0,11,11,TRUE
"GSE134809","T_NK","Plasma::IgA plasma","Stricture_minus_Inflamed","Inflamed","Stricture",11,0,0,11,0,FALSE
"GSE134809","T_NK","Plasma::IgG plasma","Stricture_minus_Non_stricture","Non-stricture","Stricture",0,0,0,0,0,FALSE
"GSE134809","T_NK","Plasma::IgG plasma","Stricture_minus_Control","Control","Stricture",0,0,0,0,0,FALSE
"GSE134809","T_NK","Plasma::IgG plasma","Inflamed_minus_Control","Control","Inflamed",0,8,0,0,8,FALSE
"GSE134809","T_NK","Plasma::IgG plasma","Inflamed_minus_Non_inflamed","Non-inflamed","Inflamed",3,8,0,3,8,TRUE
"GSE134809","T_NK","Plasma::IgG plasma","Stricture_minus_Inflamed","Inflamed","Stricture",8,0,0,8,0,FALSE
"GSE134809","T_NK","Plasma::Transitional B","Stricture_minus_Non_stricture","Non-stricture","Stricture",0,0,0,0,0,FALSE
"GSE134809","T_NK","Plasma::Transitional B","Stricture_minus_Control","Control","Stricture",0,0,0,0,0,FALSE
"GSE134809","T_NK","Plasma::Transitional B","Inflamed_minus_Control","Control","Inflamed",0,1,0,0,1,FALSE
"GSE134809","T_NK","Plasma::Transitional B","Inflamed_minus_Non_inflamed","Non-inflamed","Inflamed",0,1,0,0,1,FALSE
"GSE134809","T_NK","Plasma::Transitional B","Stricture_minus_Inflamed","Inflamed","Stricture",1,0,0,1,0,FALSE
"JCI2024","B_cell::ActB3","Endothelial","Stricture_minus_Non_stricture","Non-stricture","Stricture",0,1,0,0,1,FALSE
"JCI2024","B_cell::ActB3","Endothelial","Stricture_minus_Control","Control","Stricture",0,1,0,0,1,FALSE
"JCI2024","B_cell::ActB3","Endothelial","Inflamed_minus_Control","Control","Inflamed",0,0,0,0,0,FALSE
"JCI2024","B_cell::ActB3","Endothelial","Inflamed_minus_Non_inflamed","Non-inflamed","Inflamed",0,0,0,0,0,FALSE
"JCI2024","B_cell::ActB3","Endothelial","Stricture_minus_Inflamed","Inflamed","Stricture",0,1,0,0,1,FALSE
"JCI2024","B_cell::ActB3","Epithelial","Stricture_minus_Non_stricture","Non-stricture","Stricture",0,1,0,0,1,FALSE
"JCI2024","B_cell::ActB3","Epithelial","Stricture_minus_Control","Control","Stricture",0,1,0,0,1,FALSE
"JCI2024","B_cell::ActB3","Epithelial","Inflamed_minus_Control","Control","Inflamed",0,0,0,0,0,FALSE
"JCI2024","B_cell::ActB3","Epithelial","Inflamed_minus_Non_inflamed","Non-inflamed","Inflamed",0,0,0,0,0,FALSE
"JCI2024","B_cell::ActB3","Epithelial","Stricture_minus_Inflamed","Inflamed","Stricture",0,1,0,0,1,FALSE
"JCI2024","B_cell::ActB3","Mast","Stricture_minus_Non_stricture","Non-stricture","Stricture",0,1,0,0,1,FALSE
"JCI2024","B_cell::ActB3","Mast","Stricture_minus_Control","Control","Stricture",0,1,0,0,1,FALSE
"JCI2024","B_cell::ActB3","Mast","Inflamed_minus_Control","Control","Inflamed",0,0,0,0,0,FALSE
"JCI2024","B_cell::ActB3","Mast","Inflamed_minus_Non_inflamed","Non-inflamed","Inflamed",0,0,0,0,0,FALSE
"JCI2024","B_cell::ActB3","Mast","Stricture_minus_Inflamed","Inflamed","Stricture",0,1,0,0,1,FALSE
"JCI2024","B_cell::ActB3","Mesenchymal_stromal","Stricture_minus_Non_stricture","Non-stricture","Stricture",0,1,0,0,1,FALSE
"JCI2024","B_cell::ActB3","Mesenchymal_stromal","Stricture_minus_Control","Control","Stricture",0,1,0,0,1,FALSE
"JCI2024","B_cell::ActB3","Mesenchymal_stromal","Inflamed_minus_Control","Control","Inflamed",0,0,0,0,0,FALSE
"JCI2024","B_cell::ActB3","Mesenchymal_stromal","Inflamed_minus_Non_inflamed","Non-inflamed","Inflamed",0,0,0,0,0,FALSE
"JCI2024","B_cell::ActB3","Mesenchymal_stromal","Stricture_minus_Inflamed","Inflamed","Stricture",0,1,0,0,1,FALSE
"JCI2024","B_cell::ActB3","Myeloid","Stricture_minus_Non_stricture","Non-stricture","Stricture",0,1,0,0,1,FALSE
"JCI2024","B_cell::ActB3","Myeloid","Stricture_minus_Control","Control","Stricture",0,1,0,0,1,FALSE
"JCI2024","B_cell::ActB3","Myeloid","Inflamed_minus_Control","Control","Inflamed",0,0,0,0,0,FALSE
"JCI2024","B_cell::ActB3","Myeloid","Inflamed_minus_Non_inflamed","Non-inflamed","Inflamed",0,0,0,0,0,FALSE
"JCI2024","B_cell::ActB3","Myeloid","Stricture_minus_Inflamed","Inflamed","Stricture",0,1,0,0,1,FALSE
"JCI2024","B_cell::ActB3","T_NK","Stricture_minus_Non_stricture","Non-stricture","Stricture",0,1,0,0,1,FALSE
"JCI2024","B_cell::ActB3","T_NK","Stricture_minus_Control","Control","Stricture",0,1,0,0,1,FALSE
"JCI2024","B_cell::ActB3","T_NK","Inflamed_minus_Control","Control","Inflamed",0,0,0,0,0,FALSE
"JCI2024","B_cell::ActB3","T_NK","Inflamed_minus_Non_inflamed","Non-inflamed","Inflamed",0,0,0,0,0,FALSE
"JCI2024","B_cell::ActB3","T_NK","Stricture_minus_Inflamed","Inflamed","Stricture",0,1,0,0,1,FALSE
"JCI2024","B_cell::CSM","Endothelial","Stricture_minus_Non_stricture","Non-stricture","Stricture",5,6,5,0,1,TRUE
"JCI2024","B_cell::CSM","Endothelial","Stricture_minus_Control","Control","Stricture",0,6,0,0,6,FALSE
"JCI2024","B_cell::CSM","Endothelial","Inflamed_minus_Control","Control","Inflamed",0,0,0,0,0,FALSE
"JCI2024","B_cell::CSM","Endothelial","Inflamed_minus_Non_inflamed","Non-inflamed","Inflamed",0,0,0,0,0,FALSE
"JCI2024","B_cell::CSM","Endothelial","Stricture_minus_Inflamed","Inflamed","Stricture",0,6,0,0,6,FALSE
"JCI2024","B_cell::CSM","Epithelial","Stricture_minus_Non_stricture","Non-stricture","Stricture",4,6,4,0,2,TRUE
"JCI2024","B_cell::CSM","Epithelial","Stricture_minus_Control","Control","Stricture",0,6,0,0,6,FALSE
"JCI2024","B_cell::CSM","Epithelial","Inflamed_minus_Control","Control","Inflamed",0,0,0,0,0,FALSE
"JCI2024","B_cell::CSM","Epithelial","Inflamed_minus_Non_inflamed","Non-inflamed","Inflamed",0,0,0,0,0,FALSE
"JCI2024","B_cell::CSM","Epithelial","Stricture_minus_Inflamed","Inflamed","Stricture",0,6,0,0,6,FALSE
"JCI2024","B_cell::CSM","Mast","Stricture_minus_Non_stricture","Non-stricture","Stricture",5,6,5,0,1,TRUE
"JCI2024","B_cell::CSM","Mast","Stricture_minus_Control","Control","Stricture",0,6,0,0,6,FALSE
"JCI2024","B_cell::CSM","Mast","Inflamed_minus_Control","Control","Inflamed",0,0,0,0,0,FALSE
"JCI2024","B_cell::CSM","Mast","Inflamed_minus_Non_inflamed","Non-inflamed","Inflamed",0,0,0,0,0,FALSE
"JCI2024","B_cell::CSM","Mast","Stricture_minus_Inflamed","Inflamed","Stricture",0,6,0,0,6,FALSE
"JCI2024","B_cell::CSM","Mesenchymal_stromal","Stricture_minus_Non_stricture","Non-stricture","Stricture",5,6,5,0,1,TRUE
"JCI2024","B_cell::CSM","Mesenchymal_stromal","Stricture_minus_Control","Control","Stricture",0,6,0,0,6,FALSE
"JCI2024","B_cell::CSM","Mesenchymal_stromal","Inflamed_minus_Control","Control","Inflamed",0,0,0,0,0,FALSE
"JCI2024","B_cell::CSM","Mesenchymal_stromal","Inflamed_minus_Non_inflamed","Non-inflamed","Inflamed",0,0,0,0,0,FALSE
"JCI2024","B_cell::CSM","Mesenchymal_stromal","Stricture_minus_Inflamed","Inflamed","Stricture",0,6,0,0,6,FALSE
"JCI2024","B_cell::CSM","Myeloid","Stricture_minus_Non_stricture","Non-stricture","Stricture",5,6,5,0,1,TRUE
"JCI2024","B_cell::CSM","Myeloid","Stricture_minus_Control","Control","Stricture",0,6,0,0,6,FALSE
"JCI2024","B_cell::CSM","Myeloid","Inflamed_minus_Control","Control","Inflamed",0,0,0,0,0,FALSE
"JCI2024","B_cell::CSM","Myeloid","Inflamed_minus_Non_inflamed","Non-inflamed","Inflamed",0,0,0,0,0,FALSE
"JCI2024","B_cell::CSM","Myeloid","Stricture_minus_Inflamed","Inflamed","Stricture",0,6,0,0,6,FALSE
"JCI2024","B_cell::CSM","T_NK","Stricture_minus_Non_stricture","Non-stricture","Stricture",5,6,5,0,1,TRUE
"JCI2024","B_cell::CSM","T_NK","Stricture_minus_Control","Control","Stricture",0,6,0,0,6,FALSE
"JCI2024","B_cell::CSM","T_NK","Inflamed_minus_Control","Control","Inflamed",0,0,0,0,0,FALSE
"JCI2024","B_cell::CSM","T_NK","Inflamed_minus_Non_inflamed","Non-inflamed","Inflamed",0,0,0,0,0,FALSE
"JCI2024","B_cell::CSM","T_NK","Stricture_minus_Inflamed","Inflamed","Stricture",0,6,0,0,6,FALSE
"JCI2024","B_cell::Centroblast B","Endothelial","Stricture_minus_Non_stricture","Non-stricture","Stricture",0,0,0,0,0,FALSE
"JCI2024","B_cell::Centroblast B","Endothelial","Stricture_minus_Control","Control","Stricture",0,0,0,0,0,FALSE
"JCI2024","B_cell::Centroblast B","Endothelial","Inflamed_minus_Control","Control","Inflamed",0,0,0,0,0,FALSE
"JCI2024","B_cell::Centroblast B","Endothelial","Inflamed_minus_Non_inflamed","Non-inflamed","Inflamed",0,0,0,0,0,FALSE
"JCI2024","B_cell::Centroblast B","Endothelial","Stricture_minus_Inflamed","Inflamed","Stricture",0,0,0,0,0,FALSE
"JCI2024","B_cell::Centroblast B","Epithelial","Stricture_minus_Non_stricture","Non-stricture","Stricture",0,0,0,0,0,FALSE
"JCI2024","B_cell::Centroblast B","Epithelial","Stricture_minus_Control","Control","Stricture",0,0,0,0,0,FALSE
"JCI2024","B_cell::Centroblast B","Epithelial","Inflamed_minus_Control","Control","Inflamed",0,0,0,0,0,FALSE
"JCI2024","B_cell::Centroblast B","Epithelial","Inflamed_minus_Non_inflamed","Non-inflamed","Inflamed",0,0,0,0,0,FALSE
"JCI2024","B_cell::Centroblast B","Epithelial","Stricture_minus_Inflamed","Inflamed","Stricture",0,0,0,0,0,FALSE
"JCI2024","B_cell::Centroblast B","Mast","Stricture_minus_Non_stricture","Non-stricture","Stricture",0,0,0,0,0,FALSE
"JCI2024","B_cell::Centroblast B","Mast","Stricture_minus_Control","Control","Stricture",0,0,0,0,0,FALSE
"JCI2024","B_cell::Centroblast B","Mast","Inflamed_minus_Control","Control","Inflamed",0,0,0,0,0,FALSE
"JCI2024","B_cell::Centroblast B","Mast","Inflamed_minus_Non_inflamed","Non-inflamed","Inflamed",0,0,0,0,0,FALSE
"JCI2024","B_cell::Centroblast B","Mast","Stricture_minus_Inflamed","Inflamed","Stricture",0,0,0,0,0,FALSE
"JCI2024","B_cell::Centroblast B","Mesenchymal_stromal","Stricture_minus_Non_stricture","Non-stricture","Stricture",0,0,0,0,0,FALSE
"JCI2024","B_cell::Centroblast B","Mesenchymal_stromal","Stricture_minus_Control","Control","Stricture",0,0,0,0,0,FALSE
"JCI2024","B_cell::Centroblast B","Mesenchymal_stromal","Inflamed_minus_Control","Control","Inflamed",0,0,0,0,0,FALSE
"JCI2024","B_cell::Centroblast B","Mesenchymal_stromal","Inflamed_minus_Non_inflamed","Non-inflamed","Inflamed",0,0,0,0,0,FALSE
"JCI2024","B_cell::Centroblast B","Mesenchymal_stromal","Stricture_minus_Inflamed","Inflamed","Stricture",0,0,0,0,0,FALSE
"JCI2024","B_cell::Centroblast B","Myeloid","Stricture_minus_Non_stricture","Non-stricture","Stricture",0,0,0,0,0,FALSE
"JCI2024","B_cell::Centroblast B","Myeloid","Stricture_minus_Control","Control","Stricture",0,0,0,0,0,FALSE
"JCI2024","B_cell::Centroblast B","Myeloid","Inflamed_minus_Control","Control","Inflamed",0,0,0,0,0,FALSE
"JCI2024","B_cell::Centroblast B","Myeloid","Inflamed_minus_Non_inflamed","Non-inflamed","Inflamed",0,0,0,0,0,FALSE
"JCI2024","B_cell::Centroblast B","Myeloid","Stricture_minus_Inflamed","Inflamed","Stricture",0,0,0,0,0,FALSE
"JCI2024","B_cell::Centroblast B","T_NK","Stricture_minus_Non_stricture","Non-stricture","Stricture",0,0,0,0,0,FALSE
"JCI2024","B_cell::Centroblast B","T_NK","Stricture_minus_Control","Control","Stricture",0,0,0,0,0,FALSE
"JCI2024","B_cell::Centroblast B","T_NK","Inflamed_minus_Control","Control","Inflamed",0,0,0,0,0,FALSE
"JCI2024","B_cell::Centroblast B","T_NK","Inflamed_minus_Non_inflamed","Non-inflamed","Inflamed",0,0,0,0,0,FALSE
"JCI2024","B_cell::Centroblast B","T_NK","Stricture_minus_Inflamed","Inflamed","Stricture",0,0,0,0,0,FALSE
"JCI2024","B_cell::Centrocyte B","Endothelial","Stricture_minus_Non_stricture","Non-stricture","Stricture",0,0,0,0,0,FALSE
"JCI2024","B_cell::Centrocyte B","Endothelial","Stricture_minus_Control","Control","Stricture",0,0,0,0,0,FALSE
"JCI2024","B_cell::Centrocyte B","Endothelial","Inflamed_minus_Control","Control","Inflamed",0,0,0,0,0,FALSE
"JCI2024","B_cell::Centrocyte B","Endothelial","Inflamed_minus_Non_inflamed","Non-inflamed","Inflamed",0,0,0,0,0,FALSE
"JCI2024","B_cell::Centrocyte B","Endothelial","Stricture_minus_Inflamed","Inflamed","Stricture",0,0,0,0,0,FALSE
"JCI2024","B_cell::Centrocyte B","Epithelial","Stricture_minus_Non_stricture","Non-stricture","Stricture",0,0,0,0,0,FALSE
"JCI2024","B_cell::Centrocyte B","Epithelial","Stricture_minus_Control","Control","Stricture",0,0,0,0,0,FALSE
"JCI2024","B_cell::Centrocyte B","Epithelial","Inflamed_minus_Control","Control","Inflamed",0,0,0,0,0,FALSE
"JCI2024","B_cell::Centrocyte B","Epithelial","Inflamed_minus_Non_inflamed","Non-inflamed","Inflamed",0,0,0,0,0,FALSE
"JCI2024","B_cell::Centrocyte B","Epithelial","Stricture_minus_Inflamed","Inflamed","Stricture",0,0,0,0,0,FALSE
"JCI2024","B_cell::Centrocyte B","Mast","Stricture_minus_Non_stricture","Non-stricture","Stricture",0,0,0,0,0,FALSE
"JCI2024","B_cell::Centrocyte B","Mast","Stricture_minus_Control","Control","Stricture",0,0,0,0,0,FALSE
"JCI2024","B_cell::Centrocyte B","Mast","Inflamed_minus_Control","Control","Inflamed",0,0,0,0,0,FALSE
"JCI2024","B_cell::Centrocyte B","Mast","Inflamed_minus_Non_inflamed","Non-inflamed","Inflamed",0,0,0,0,0,FALSE
"JCI2024","B_cell::Centrocyte B","Mast","Stricture_minus_Inflamed","Inflamed","Stricture",0,0,0,0,0,FALSE
"JCI2024","B_cell::Centrocyte B","Mesenchymal_stromal","Stricture_minus_Non_stricture","Non-stricture","Stricture",0,0,0,0,0,FALSE
"JCI2024","B_cell::Centrocyte B","Mesenchymal_stromal","Stricture_minus_Control","Control","Stricture",0,0,0,0,0,FALSE
"JCI2024","B_cell::Centrocyte B","Mesenchymal_stromal","Inflamed_minus_Control","Control","Inflamed",0,0,0,0,0,FALSE
"JCI2024","B_cell::Centrocyte B","Mesenchymal_stromal","Inflamed_minus_Non_inflamed","Non-inflamed","Inflamed",0,0,0,0,0,FALSE
"JCI2024","B_cell::Centrocyte B","Mesenchymal_stromal","Stricture_minus_Inflamed","Inflamed","Stricture",0,0,0,0,0,FALSE
"JCI2024","B_cell::Centrocyte B","Myeloid","Stricture_minus_Non_stricture","Non-stricture","Stricture",0,0,0,0,0,FALSE
"JCI2024","B_cell::Centrocyte B","Myeloid","Stricture_minus_Control","Control","Stricture",0,0,0,0,0,FALSE
"JCI2024","B_cell::Centrocyte B","Myeloid","Inflamed_minus_Control","Control","Inflamed",0,0,0,0,0,FALSE
"JCI2024","B_cell::Centrocyte B","Myeloid","Inflamed_minus_Non_inflamed","Non-inflamed","Inflamed",0,0,0,0,0,FALSE
"JCI2024","B_cell::Centrocyte B","Myeloid","Stricture_minus_Inflamed","Inflamed","Stricture",0,0,0,0,0,FALSE
"JCI2024","B_cell::Centrocyte B","T_NK","Stricture_minus_Non_stricture","Non-stricture","Stricture",0,0,0,0,0,FALSE
"JCI2024","B_cell::Centrocyte B","T_NK","Stricture_minus_Control","Control","Stricture",0,0,0,0,0,FALSE
"JCI2024","B_cell::Centrocyte B","T_NK","Inflamed_minus_Control","Control","Inflamed",0,0,0,0,0,FALSE
"JCI2024","B_cell::Centrocyte B","T_NK","Inflamed_minus_Non_inflamed","Non-inflamed","Inflamed",0,0,0,0,0,FALSE
"JCI2024","B_cell::Centrocyte B","T_NK","Stricture_minus_Inflamed","Inflamed","Stricture",0,0,0,0,0,FALSE
"JCI2024","B_cell::DN2","Endothelial","Stricture_minus_Non_stricture","Non-stricture","Stricture",3,4,2,1,2,TRUE
"JCI2024","B_cell::DN2","Endothelial","Stricture_minus_Control","Control","Stricture",0,4,0,0,4,FALSE
"JCI2024","B_cell::DN2","Endothelial","Inflamed_minus_Control","Control","Inflamed",0,0,0,0,0,FALSE
"JCI2024","B_cell::DN2","Endothelial","Inflamed_minus_Non_inflamed","Non-inflamed","Inflamed",0,0,0,0,0,FALSE
"JCI2024","B_cell::DN2","Endothelial","Stricture_minus_Inflamed","Inflamed","Stricture",0,4,0,0,4,FALSE
"JCI2024","B_cell::DN2","Epithelial","Stricture_minus_Non_stricture","Non-stricture","Stricture",3,4,2,1,2,TRUE
"JCI2024","B_cell::DN2","Epithelial","Stricture_minus_Control","Control","Stricture",0,4,0,0,4,FALSE
"JCI2024","B_cell::DN2","Epithelial","Inflamed_minus_Control","Control","Inflamed",0,0,0,0,0,FALSE
"JCI2024","B_cell::DN2","Epithelial","Inflamed_minus_Non_inflamed","Non-inflamed","Inflamed",0,0,0,0,0,FALSE
"JCI2024","B_cell::DN2","Epithelial","Stricture_minus_Inflamed","Inflamed","Stricture",0,4,0,0,4,FALSE
"JCI2024","B_cell::DN2","Mast","Stricture_minus_Non_stricture","Non-stricture","Stricture",3,4,2,1,2,TRUE
"JCI2024","B_cell::DN2","Mast","Stricture_minus_Control","Control","Stricture",0,4,0,0,4,FALSE
"JCI2024","B_cell::DN2","Mast","Inflamed_minus_Control","Control","Inflamed",0,0,0,0,0,FALSE
"JCI2024","B_cell::DN2","Mast","Inflamed_minus_Non_inflamed","Non-inflamed","Inflamed",0,0,0,0,0,FALSE
"JCI2024","B_cell::DN2","Mast","Stricture_minus_Inflamed","Inflamed","Stricture",0,4,0,0,4,FALSE
"JCI2024","B_cell::DN2","Mesenchymal_stromal","Stricture_minus_Non_stricture","Non-stricture","Stricture",3,4,2,1,2,TRUE
"JCI2024","B_cell::DN2","Mesenchymal_stromal","Stricture_minus_Control","Control","Stricture",0,4,0,0,4,FALSE
"JCI2024","B_cell::DN2","Mesenchymal_stromal","Inflamed_minus_Control","Control","Inflamed",0,0,0,0,0,FALSE
"JCI2024","B_cell::DN2","Mesenchymal_stromal","Inflamed_minus_Non_inflamed","Non-inflamed","Inflamed",0,0,0,0,0,FALSE
"JCI2024","B_cell::DN2","Mesenchymal_stromal","Stricture_minus_Inflamed","Inflamed","Stricture",0,4,0,0,4,FALSE
"JCI2024","B_cell::DN2","Myeloid","Stricture_minus_Non_stricture","Non-stricture","Stricture",3,4,2,1,2,TRUE
"JCI2024","B_cell::DN2","Myeloid","Stricture_minus_Control","Control","Stricture",0,4,0,0,4,FALSE
"JCI2024","B_cell::DN2","Myeloid","Inflamed_minus_Control","Control","Inflamed",0,0,0,0,0,FALSE
"JCI2024","B_cell::DN2","Myeloid","Inflamed_minus_Non_inflamed","Non-inflamed","Inflamed",0,0,0,0,0,FALSE
"JCI2024","B_cell::DN2","Myeloid","Stricture_minus_Inflamed","Inflamed","Stricture",0,4,0,0,4,FALSE
"JCI2024","B_cell::DN2","T_NK","Stricture_minus_Non_stricture","Non-stricture","Stricture",3,4,2,1,2,TRUE
"JCI2024","B_cell::DN2","T_NK","Stricture_minus_Control","Control","Stricture",0,4,0,0,4,FALSE
"JCI2024","B_cell::DN2","T_NK","Inflamed_minus_Control","Control","Inflamed",0,0,0,0,0,FALSE
"JCI2024","B_cell::DN2","T_NK","Inflamed_minus_Non_inflamed","Non-inflamed","Inflamed",0,0,0,0,0,FALSE
"JCI2024","B_cell::DN2","T_NK","Stricture_minus_Inflamed","Inflamed","Stricture",0,4,0,0,4,FALSE
"JCI2024","B_cell::IgM-only","Endothelial","Stricture_minus_Non_stricture","Non-stricture","Stricture",0,3,0,0,3,FALSE
"JCI2024","B_cell::IgM-only","Endothelial","Stricture_minus_Control","Control","Stricture",0,3,0,0,3,FALSE
"JCI2024","B_cell::IgM-only","Endothelial","Inflamed_minus_Control","Control","Inflamed",0,0,0,0,0,FALSE
"JCI2024","B_cell::IgM-only","Endothelial","Inflamed_minus_Non_inflamed","Non-inflamed","Inflamed",0,0,0,0,0,FALSE
"JCI2024","B_cell::IgM-only","Endothelial","Stricture_minus_Inflamed","Inflamed","Stricture",0,3,0,0,3,FALSE
"JCI2024","B_cell::IgM-only","Epithelial","Stricture_minus_Non_stricture","Non-stricture","Stricture",0,3,0,0,3,FALSE
"JCI2024","B_cell::IgM-only","Epithelial","Stricture_minus_Control","Control","Stricture",0,3,0,0,3,FALSE
"JCI2024","B_cell::IgM-only","Epithelial","Inflamed_minus_Control","Control","Inflamed",0,0,0,0,0,FALSE
"JCI2024","B_cell::IgM-only","Epithelial","Inflamed_minus_Non_inflamed","Non-inflamed","Inflamed",0,0,0,0,0,FALSE
"JCI2024","B_cell::IgM-only","Epithelial","Stricture_minus_Inflamed","Inflamed","Stricture",0,3,0,0,3,FALSE
"JCI2024","B_cell::IgM-only","Mast","Stricture_minus_Non_stricture","Non-stricture","Stricture",0,3,0,0,3,FALSE
"JCI2024","B_cell::IgM-only","Mast","Stricture_minus_Control","Control","Stricture",0,3,0,0,3,FALSE
"JCI2024","B_cell::IgM-only","Mast","Inflamed_minus_Control","Control","Inflamed",0,0,0,0,0,FALSE
"JCI2024","B_cell::IgM-only","Mast","Inflamed_minus_Non_inflamed","Non-inflamed","Inflamed",0,0,0,0,0,FALSE
"JCI2024","B_cell::IgM-only","Mast","Stricture_minus_Inflamed","Inflamed","Stricture",0,3,0,0,3,FALSE
"JCI2024","B_cell::IgM-only","Mesenchymal_stromal","Stricture_minus_Non_stricture","Non-stricture","Stricture",0,3,0,0,3,FALSE
"JCI2024","B_cell::IgM-only","Mesenchymal_stromal","Stricture_minus_Control","Control","Stricture",0,3,0,0,3,FALSE
"JCI2024","B_cell::IgM-only","Mesenchymal_stromal","Inflamed_minus_Control","Control","Inflamed",0,0,0,0,0,FALSE
"JCI2024","B_cell::IgM-only","Mesenchymal_stromal","Inflamed_minus_Non_inflamed","Non-inflamed","Inflamed",0,0,0,0,0,FALSE
"JCI2024","B_cell::IgM-only","Mesenchymal_stromal","Stricture_minus_Inflamed","Inflamed","Stricture",0,3,0,0,3,FALSE
"JCI2024","B_cell::IgM-only","Myeloid","Stricture_minus_Non_stricture","Non-stricture","Stricture",0,3,0,0,3,FALSE
"JCI2024","B_cell::IgM-only","Myeloid","Stricture_minus_Control","Control","Stricture",0,3,0,0,3,FALSE
"JCI2024","B_cell::IgM-only","Myeloid","Inflamed_minus_Control","Control","Inflamed",0,0,0,0,0,FALSE
"JCI2024","B_cell::IgM-only","Myeloid","Inflamed_minus_Non_inflamed","Non-inflamed","Inflamed",0,0,0,0,0,FALSE
"JCI2024","B_cell::IgM-only","Myeloid","Stricture_minus_Inflamed","Inflamed","Stricture",0,3,0,0,3,FALSE
"JCI2024","B_cell::IgM-only","T_NK","Stricture_minus_Non_stricture","Non-stricture","Stricture",0,3,0,0,3,FALSE
"JCI2024","B_cell::IgM-only","T_NK","Stricture_minus_Control","Control","Stricture",0,3,0,0,3,FALSE
"JCI2024","B_cell::IgM-only","T_NK","Inflamed_minus_Control","Control","Inflamed",0,0,0,0,0,FALSE
"JCI2024","B_cell::IgM-only","T_NK","Inflamed_minus_Non_inflamed","Non-inflamed","Inflamed",0,0,0,0,0,FALSE
"JCI2024","B_cell::IgM-only","T_NK","Stricture_minus_Inflamed","Inflamed","Stricture",0,3,0,0,3,FALSE
"JCI2024","B_cell::MZ","Endothelial","Stricture_minus_Non_stricture","Non-stricture","Stricture",0,0,0,0,0,FALSE
"JCI2024","B_cell::MZ","Endothelial","Stricture_minus_Control","Control","Stricture",0,0,0,0,0,FALSE
"JCI2024","B_cell::MZ","Endothelial","Inflamed_minus_Control","Control","Inflamed",0,0,0,0,0,FALSE
"JCI2024","B_cell::MZ","Endothelial","Inflamed_minus_Non_inflamed","Non-inflamed","Inflamed",0,0,0,0,0,FALSE
"JCI2024","B_cell::MZ","Endothelial","Stricture_minus_Inflamed","Inflamed","Stricture",0,0,0,0,0,FALSE
"JCI2024","B_cell::MZ","Epithelial","Stricture_minus_Non_stricture","Non-stricture","Stricture",0,0,0,0,0,FALSE
"JCI2024","B_cell::MZ","Epithelial","Stricture_minus_Control","Control","Stricture",0,0,0,0,0,FALSE
"JCI2024","B_cell::MZ","Epithelial","Inflamed_minus_Control","Control","Inflamed",0,0,0,0,0,FALSE
"JCI2024","B_cell::MZ","Epithelial","Inflamed_minus_Non_inflamed","Non-inflamed","Inflamed",0,0,0,0,0,FALSE
"JCI2024","B_cell::MZ","Epithelial","Stricture_minus_Inflamed","Inflamed","Stricture",0,0,0,0,0,FALSE
"JCI2024","B_cell::MZ","Mast","Stricture_minus_Non_stricture","Non-stricture","Stricture",0,0,0,0,0,FALSE
"JCI2024","B_cell::MZ","Mast","Stricture_minus_Control","Control","Stricture",0,0,0,0,0,FALSE
"JCI2024","B_cell::MZ","Mast","Inflamed_minus_Control","Control","Inflamed",0,0,0,0,0,FALSE
"JCI2024","B_cell::MZ","Mast","Inflamed_minus_Non_inflamed","Non-inflamed","Inflamed",0,0,0,0,0,FALSE
"JCI2024","B_cell::MZ","Mast","Stricture_minus_Inflamed","Inflamed","Stricture",0,0,0,0,0,FALSE
"JCI2024","B_cell::MZ","Mesenchymal_stromal","Stricture_minus_Non_stricture","Non-stricture","Stricture",0,0,0,0,0,FALSE
"JCI2024","B_cell::MZ","Mesenchymal_stromal","Stricture_minus_Control","Control","Stricture",0,0,0,0,0,FALSE
"JCI2024","B_cell::MZ","Mesenchymal_stromal","Inflamed_minus_Control","Control","Inflamed",0,0,0,0,0,FALSE
"JCI2024","B_cell::MZ","Mesenchymal_stromal","Inflamed_minus_Non_inflamed","Non-inflamed","Inflamed",0,0,0,0,0,FALSE
"JCI2024","B_cell::MZ","Mesenchymal_stromal","Stricture_minus_Inflamed","Inflamed","Stricture",0,0,0,0,0,FALSE
"JCI2024","B_cell::MZ","Myeloid","Stricture_minus_Non_stricture","Non-stricture","Stricture",0,0,0,0,0,FALSE
"JCI2024","B_cell::MZ","Myeloid","Stricture_minus_Control","Control","Stricture",0,0,0,0,0,FALSE
"JCI2024","B_cell::MZ","Myeloid","Inflamed_minus_Control","Control","Inflamed",0,0,0,0,0,FALSE
"JCI2024","B_cell::MZ","Myeloid","Inflamed_minus_Non_inflamed","Non-inflamed","Inflamed",0,0,0,0,0,FALSE
"JCI2024","B_cell::MZ","Myeloid","Stricture_minus_Inflamed","Inflamed","Stricture",0,0,0,0,0,FALSE
"JCI2024","B_cell::MZ","T_NK","Stricture_minus_Non_stricture","Non-stricture","Stricture",0,0,0,0,0,FALSE
"JCI2024","B_cell::MZ","T_NK","Stricture_minus_Control","Control","Stricture",0,0,0,0,0,FALSE
"JCI2024","B_cell::MZ","T_NK","Inflamed_minus_Control","Control","Inflamed",0,0,0,0,0,FALSE
"JCI2024","B_cell::MZ","T_NK","Inflamed_minus_Non_inflamed","Non-inflamed","Inflamed",0,0,0,0,0,FALSE
"JCI2024","B_cell::MZ","T_NK","Stricture_minus_Inflamed","Inflamed","Stricture",0,0,0,0,0,FALSE
"JCI2024","B_cell::Naïve B","Endothelial","Stricture_minus_Non_stricture","Non-stricture","Stricture",1,5,1,0,4,TRUE
"JCI2024","B_cell::Naïve B","Endothelial","Stricture_minus_Control","Control","Stricture",0,5,0,0,5,FALSE
"JCI2024","B_cell::Naïve B","Endothelial","Inflamed_minus_Control","Control","Inflamed",0,0,0,0,0,FALSE
"JCI2024","B_cell::Naïve B","Endothelial","Inflamed_minus_Non_inflamed","Non-inflamed","Inflamed",0,0,0,0,0,FALSE
"JCI2024","B_cell::Naïve B","Endothelial","Stricture_minus_Inflamed","Inflamed","Stricture",0,5,0,0,5,FALSE
"JCI2024","B_cell::Naïve B","Epithelial","Stricture_minus_Non_stricture","Non-stricture","Stricture",1,5,1,0,4,TRUE
"JCI2024","B_cell::Naïve B","Epithelial","Stricture_minus_Control","Control","Stricture",0,5,0,0,5,FALSE
"JCI2024","B_cell::Naïve B","Epithelial","Inflamed_minus_Control","Control","Inflamed",0,0,0,0,0,FALSE
"JCI2024","B_cell::Naïve B","Epithelial","Inflamed_minus_Non_inflamed","Non-inflamed","Inflamed",0,0,0,0,0,FALSE
"JCI2024","B_cell::Naïve B","Epithelial","Stricture_minus_Inflamed","Inflamed","Stricture",0,5,0,0,5,FALSE
"JCI2024","B_cell::Naïve B","Mast","Stricture_minus_Non_stricture","Non-stricture","Stricture",1,5,1,0,4,TRUE
"JCI2024","B_cell::Naïve B","Mast","Stricture_minus_Control","Control","Stricture",0,5,0,0,5,FALSE
"JCI2024","B_cell::Naïve B","Mast","Inflamed_minus_Control","Control","Inflamed",0,0,0,0,0,FALSE
"JCI2024","B_cell::Naïve B","Mast","Inflamed_minus_Non_inflamed","Non-inflamed","Inflamed",0,0,0,0,0,FALSE
"JCI2024","B_cell::Naïve B","Mast","Stricture_minus_Inflamed","Inflamed","Stricture",0,5,0,0,5,FALSE
"JCI2024","B_cell::Naïve B","Mesenchymal_stromal","Stricture_minus_Non_stricture","Non-stricture","Stricture",1,5,1,0,4,TRUE
"JCI2024","B_cell::Naïve B","Mesenchymal_stromal","Stricture_minus_Control","Control","Stricture",0,5,0,0,5,FALSE
"JCI2024","B_cell::Naïve B","Mesenchymal_stromal","Inflamed_minus_Control","Control","Inflamed",0,0,0,0,0,FALSE
"JCI2024","B_cell::Naïve B","Mesenchymal_stromal","Inflamed_minus_Non_inflamed","Non-inflamed","Inflamed",0,0,0,0,0,FALSE
"JCI2024","B_cell::Naïve B","Mesenchymal_stromal","Stricture_minus_Inflamed","Inflamed","Stricture",0,5,0,0,5,FALSE
"JCI2024","B_cell::Naïve B","Myeloid","Stricture_minus_Non_stricture","Non-stricture","Stricture",1,5,1,0,4,TRUE
"JCI2024","B_cell::Naïve B","Myeloid","Stricture_minus_Control","Control","Stricture",0,5,0,0,5,FALSE
"JCI2024","B_cell::Naïve B","Myeloid","Inflamed_minus_Control","Control","Inflamed",0,0,0,0,0,FALSE
"JCI2024","B_cell::Naïve B","Myeloid","Inflamed_minus_Non_inflamed","Non-inflamed","Inflamed",0,0,0,0,0,FALSE
"JCI2024","B_cell::Naïve B","Myeloid","Stricture_minus_Inflamed","Inflamed","Stricture",0,5,0,0,5,FALSE
"JCI2024","B_cell::Naïve B","T_NK","Stricture_minus_Non_stricture","Non-stricture","Stricture",1,5,1,0,4,TRUE
"JCI2024","B_cell::Naïve B","T_NK","Stricture_minus_Control","Control","Stricture",0,5,0,0,5,FALSE
"JCI2024","B_cell::Naïve B","T_NK","Inflamed_minus_Control","Control","Inflamed",0,0,0,0,0,FALSE
"JCI2024","B_cell::Naïve B","T_NK","Inflamed_minus_Non_inflamed","Non-inflamed","Inflamed",0,0,0,0,0,FALSE
"JCI2024","B_cell::Naïve B","T_NK","Stricture_minus_Inflamed","Inflamed","Stricture",0,5,0,0,5,FALSE
"JCI2024","Plasma::Activated plasma","Endothelial","Stricture_minus_Non_stricture","Non-stricture","Stricture",6,6,6,0,0,TRUE
"JCI2024","Plasma::Activated plasma","Endothelial","Stricture_minus_Control","Control","Stricture",0,6,0,0,6,FALSE
"JCI2024","Plasma::Activated plasma","Endothelial","Inflamed_minus_Control","Control","Inflamed",0,0,0,0,0,FALSE
"JCI2024","Plasma::Activated plasma","Endothelial","Inflamed_minus_Non_inflamed","Non-inflamed","Inflamed",0,0,0,0,0,FALSE
"JCI2024","Plasma::Activated plasma","Endothelial","Stricture_minus_Inflamed","Inflamed","Stricture",0,6,0,0,6,FALSE
"JCI2024","Plasma::Activated plasma","Epithelial","Stricture_minus_Non_stricture","Non-stricture","Stricture",5,6,5,0,1,TRUE
"JCI2024","Plasma::Activated plasma","Epithelial","Stricture_minus_Control","Control","Stricture",0,6,0,0,6,FALSE
"JCI2024","Plasma::Activated plasma","Epithelial","Inflamed_minus_Control","Control","Inflamed",0,0,0,0,0,FALSE
"JCI2024","Plasma::Activated plasma","Epithelial","Inflamed_minus_Non_inflamed","Non-inflamed","Inflamed",0,0,0,0,0,FALSE
"JCI2024","Plasma::Activated plasma","Epithelial","Stricture_minus_Inflamed","Inflamed","Stricture",0,6,0,0,6,FALSE
"JCI2024","Plasma::Activated plasma","Mast","Stricture_minus_Non_stricture","Non-stricture","Stricture",6,6,6,0,0,TRUE
"JCI2024","Plasma::Activated plasma","Mast","Stricture_minus_Control","Control","Stricture",0,6,0,0,6,FALSE
"JCI2024","Plasma::Activated plasma","Mast","Inflamed_minus_Control","Control","Inflamed",0,0,0,0,0,FALSE
"JCI2024","Plasma::Activated plasma","Mast","Inflamed_minus_Non_inflamed","Non-inflamed","Inflamed",0,0,0,0,0,FALSE
"JCI2024","Plasma::Activated plasma","Mast","Stricture_minus_Inflamed","Inflamed","Stricture",0,6,0,0,6,FALSE
"JCI2024","Plasma::Activated plasma","Mesenchymal_stromal","Stricture_minus_Non_stricture","Non-stricture","Stricture",6,6,6,0,0,TRUE
"JCI2024","Plasma::Activated plasma","Mesenchymal_stromal","Stricture_minus_Control","Control","Stricture",0,6,0,0,6,FALSE
"JCI2024","Plasma::Activated plasma","Mesenchymal_stromal","Inflamed_minus_Control","Control","Inflamed",0,0,0,0,0,FALSE
"JCI2024","Plasma::Activated plasma","Mesenchymal_stromal","Inflamed_minus_Non_inflamed","Non-inflamed","Inflamed",0,0,0,0,0,FALSE
"JCI2024","Plasma::Activated plasma","Mesenchymal_stromal","Stricture_minus_Inflamed","Inflamed","Stricture",0,6,0,0,6,FALSE
"JCI2024","Plasma::Activated plasma","Myeloid","Stricture_minus_Non_stricture","Non-stricture","Stricture",6,6,6,0,0,TRUE
"JCI2024","Plasma::Activated plasma","Myeloid","Stricture_minus_Control","Control","Stricture",0,6,0,0,6,FALSE
"JCI2024","Plasma::Activated plasma","Myeloid","Inflamed_minus_Control","Control","Inflamed",0,0,0,0,0,FALSE
"JCI2024","Plasma::Activated plasma","Myeloid","Inflamed_minus_Non_inflamed","Non-inflamed","Inflamed",0,0,0,0,0,FALSE
"JCI2024","Plasma::Activated plasma","Myeloid","Stricture_minus_Inflamed","Inflamed","Stricture",0,6,0,0,6,FALSE
"JCI2024","Plasma::Activated plasma","T_NK","Stricture_minus_Non_stricture","Non-stricture","Stricture",6,6,6,0,0,TRUE
"JCI2024","Plasma::Activated plasma","T_NK","Stricture_minus_Control","Control","Stricture",0,6,0,0,6,FALSE
"JCI2024","Plasma::Activated plasma","T_NK","Inflamed_minus_Control","Control","Inflamed",0,0,0,0,0,FALSE
"JCI2024","Plasma::Activated plasma","T_NK","Inflamed_minus_Non_inflamed","Non-inflamed","Inflamed",0,0,0,0,0,FALSE
"JCI2024","Plasma::Activated plasma","T_NK","Stricture_minus_Inflamed","Inflamed","Stricture",0,6,0,0,6,FALSE
"JCI2024","Plasma::IgA plasma","Endothelial","Stricture_minus_Non_stricture","Non-stricture","Stricture",6,6,6,0,0,TRUE
"JCI2024","Plasma::IgA plasma","Endothelial","Stricture_minus_Control","Control","Stricture",0,6,0,0,6,FALSE
"JCI2024","Plasma::IgA plasma","Endothelial","Inflamed_minus_Control","Control","Inflamed",0,0,0,0,0,FALSE
"JCI2024","Plasma::IgA plasma","Endothelial","Inflamed_minus_Non_inflamed","Non-inflamed","Inflamed",0,0,0,0,0,FALSE
"JCI2024","Plasma::IgA plasma","Endothelial","Stricture_minus_Inflamed","Inflamed","Stricture",0,6,0,0,6,FALSE
"JCI2024","Plasma::IgA plasma","Epithelial","Stricture_minus_Non_stricture","Non-stricture","Stricture",5,6,5,0,1,TRUE
"JCI2024","Plasma::IgA plasma","Epithelial","Stricture_minus_Control","Control","Stricture",0,6,0,0,6,FALSE
"JCI2024","Plasma::IgA plasma","Epithelial","Inflamed_minus_Control","Control","Inflamed",0,0,0,0,0,FALSE
"JCI2024","Plasma::IgA plasma","Epithelial","Inflamed_minus_Non_inflamed","Non-inflamed","Inflamed",0,0,0,0,0,FALSE
"JCI2024","Plasma::IgA plasma","Epithelial","Stricture_minus_Inflamed","Inflamed","Stricture",0,6,0,0,6,FALSE
"JCI2024","Plasma::IgA plasma","Mast","Stricture_minus_Non_stricture","Non-stricture","Stricture",6,6,6,0,0,TRUE
"JCI2024","Plasma::IgA plasma","Mast","Stricture_minus_Control","Control","Stricture",0,6,0,0,6,FALSE
"JCI2024","Plasma::IgA plasma","Mast","Inflamed_minus_Control","Control","Inflamed",0,0,0,0,0,FALSE
"JCI2024","Plasma::IgA plasma","Mast","Inflamed_minus_Non_inflamed","Non-inflamed","Inflamed",0,0,0,0,0,FALSE
"JCI2024","Plasma::IgA plasma","Mast","Stricture_minus_Inflamed","Inflamed","Stricture",0,6,0,0,6,FALSE
"JCI2024","Plasma::IgA plasma","Mesenchymal_stromal","Stricture_minus_Non_stricture","Non-stricture","Stricture",6,6,6,0,0,TRUE
"JCI2024","Plasma::IgA plasma","Mesenchymal_stromal","Stricture_minus_Control","Control","Stricture",0,6,0,0,6,FALSE
"JCI2024","Plasma::IgA plasma","Mesenchymal_stromal","Inflamed_minus_Control","Control","Inflamed",0,0,0,0,0,FALSE
"JCI2024","Plasma::IgA plasma","Mesenchymal_stromal","Inflamed_minus_Non_inflamed","Non-inflamed","Inflamed",0,0,0,0,0,FALSE
"JCI2024","Plasma::IgA plasma","Mesenchymal_stromal","Stricture_minus_Inflamed","Inflamed","Stricture",0,6,0,0,6,FALSE
"JCI2024","Plasma::IgA plasma","Myeloid","Stricture_minus_Non_stricture","Non-stricture","Stricture",6,6,6,0,0,TRUE
"JCI2024","Plasma::IgA plasma","Myeloid","Stricture_minus_Control","Control","Stricture",0,6,0,0,6,FALSE
"JCI2024","Plasma::IgA plasma","Myeloid","Inflamed_minus_Control","Control","Inflamed",0,0,0,0,0,FALSE
"JCI2024","Plasma::IgA plasma","Myeloid","Inflamed_minus_Non_inflamed","Non-inflamed","Inflamed",0,0,0,0,0,FALSE
"JCI2024","Plasma::IgA plasma","Myeloid","Stricture_minus_Inflamed","Inflamed","Stricture",0,6,0,0,6,FALSE
"JCI2024","Plasma::IgA plasma","T_NK","Stricture_minus_Non_stricture","Non-stricture","Stricture",6,6,6,0,0,TRUE
"JCI2024","Plasma::IgA plasma","T_NK","Stricture_minus_Control","Control","Stricture",0,6,0,0,6,FALSE
"JCI2024","Plasma::IgA plasma","T_NK","Inflamed_minus_Control","Control","Inflamed",0,0,0,0,0,FALSE
"JCI2024","Plasma::IgA plasma","T_NK","Inflamed_minus_Non_inflamed","Non-inflamed","Inflamed",0,0,0,0,0,FALSE
"JCI2024","Plasma::IgA plasma","T_NK","Stricture_minus_Inflamed","Inflamed","Stricture",0,6,0,0,6,FALSE
"JCI2024","Plasma::IgG plasma","Endothelial","Stricture_minus_Non_stricture","Non-stricture","Stricture",0,5,0,0,5,FALSE
"JCI2024","Plasma::IgG plasma","Endothelial","Stricture_minus_Control","Control","Stricture",0,5,0,0,5,FALSE
"JCI2024","Plasma::IgG plasma","Endothelial","Inflamed_minus_Control","Control","Inflamed",0,0,0,0,0,FALSE
"JCI2024","Plasma::IgG plasma","Endothelial","Inflamed_minus_Non_inflamed","Non-inflamed","Inflamed",0,0,0,0,0,FALSE
"JCI2024","Plasma::IgG plasma","Endothelial","Stricture_minus_Inflamed","Inflamed","Stricture",0,5,0,0,5,FALSE
"JCI2024","Plasma::IgG plasma","Epithelial","Stricture_minus_Non_stricture","Non-stricture","Stricture",0,5,0,0,5,FALSE
"JCI2024","Plasma::IgG plasma","Epithelial","Stricture_minus_Control","Control","Stricture",0,5,0,0,5,FALSE
"JCI2024","Plasma::IgG plasma","Epithelial","Inflamed_minus_Control","Control","Inflamed",0,0,0,0,0,FALSE
"JCI2024","Plasma::IgG plasma","Epithelial","Inflamed_minus_Non_inflamed","Non-inflamed","Inflamed",0,0,0,0,0,FALSE
"JCI2024","Plasma::IgG plasma","Epithelial","Stricture_minus_Inflamed","Inflamed","Stricture",0,5,0,0,5,FALSE
"JCI2024","Plasma::IgG plasma","Mast","Stricture_minus_Non_stricture","Non-stricture","Stricture",0,5,0,0,5,FALSE
"JCI2024","Plasma::IgG plasma","Mast","Stricture_minus_Control","Control","Stricture",0,5,0,0,5,FALSE
"JCI2024","Plasma::IgG plasma","Mast","Inflamed_minus_Control","Control","Inflamed",0,0,0,0,0,FALSE
"JCI2024","Plasma::IgG plasma","Mast","Inflamed_minus_Non_inflamed","Non-inflamed","Inflamed",0,0,0,0,0,FALSE
"JCI2024","Plasma::IgG plasma","Mast","Stricture_minus_Inflamed","Inflamed","Stricture",0,5,0,0,5,FALSE
"JCI2024","Plasma::IgG plasma","Mesenchymal_stromal","Stricture_minus_Non_stricture","Non-stricture","Stricture",0,5,0,0,5,FALSE
"JCI2024","Plasma::IgG plasma","Mesenchymal_stromal","Stricture_minus_Control","Control","Stricture",0,5,0,0,5,FALSE
"JCI2024","Plasma::IgG plasma","Mesenchymal_stromal","Inflamed_minus_Control","Control","Inflamed",0,0,0,0,0,FALSE
"JCI2024","Plasma::IgG plasma","Mesenchymal_stromal","Inflamed_minus_Non_inflamed","Non-inflamed","Inflamed",0,0,0,0,0,FALSE
"JCI2024","Plasma::IgG plasma","Mesenchymal_stromal","Stricture_minus_Inflamed","Inflamed","Stricture",0,5,0,0,5,FALSE
"JCI2024","Plasma::IgG plasma","Myeloid","Stricture_minus_Non_stricture","Non-stricture","Stricture",0,5,0,0,5,FALSE
"JCI2024","Plasma::IgG plasma","Myeloid","Stricture_minus_Control","Control","Stricture",0,5,0,0,5,FALSE
"JCI2024","Plasma::IgG plasma","Myeloid","Inflamed_minus_Control","Control","Inflamed",0,0,0,0,0,FALSE
"JCI2024","Plasma::IgG plasma","Myeloid","Inflamed_minus_Non_inflamed","Non-inflamed","Inflamed",0,0,0,0,0,FALSE
"JCI2024","Plasma::IgG plasma","Myeloid","Stricture_minus_Inflamed","Inflamed","Stricture",0,5,0,0,5,FALSE
"JCI2024","Plasma::IgG plasma","T_NK","Stricture_minus_Non_stricture","Non-stricture","Stricture",0,5,0,0,5,FALSE
"JCI2024","Plasma::IgG plasma","T_NK","Stricture_minus_Control","Control","Stricture",0,5,0,0,5,FALSE
"JCI2024","Plasma::IgG plasma","T_NK","Inflamed_minus_Control","Control","Inflamed",0,0,0,0,0,FALSE
"JCI2024","Plasma::IgG plasma","T_NK","Inflamed_minus_Non_inflamed","Non-inflamed","Inflamed",0,0,0,0,0,FALSE
"JCI2024","Plasma::IgG plasma","T_NK","Stricture_minus_Inflamed","Inflamed","Stricture",0,5,0,0,5,FALSE
"JCI2024","Plasma::Transitional B","Endothelial","Stricture_minus_Non_stricture","Non-stricture","Stricture",0,0,0,0,0,FALSE
"JCI2024","Plasma::Transitional B","Endothelial","Stricture_minus_Control","Control","Stricture",0,0,0,0,0,FALSE
"JCI2024","Plasma::Transitional B","Endothelial","Inflamed_minus_Control","Control","Inflamed",0,0,0,0,0,FALSE
"JCI2024","Plasma::Transitional B","Endothelial","Inflamed_minus_Non_inflamed","Non-inflamed","Inflamed",0,0,0,0,0,FALSE
"JCI2024","Plasma::Transitional B","Endothelial","Stricture_minus_Inflamed","Inflamed","Stricture",0,0,0,0,0,FALSE
"JCI2024","Plasma::Transitional B","Epithelial","Stricture_minus_Non_stricture","Non-stricture","Stricture",0,0,0,0,0,FALSE
"JCI2024","Plasma::Transitional B","Epithelial","Stricture_minus_Control","Control","Stricture",0,0,0,0,0,FALSE
"JCI2024","Plasma::Transitional B","Epithelial","Inflamed_minus_Control","Control","Inflamed",0,0,0,0,0,FALSE
"JCI2024","Plasma::Transitional B","Epithelial","Inflamed_minus_Non_inflamed","Non-inflamed","Inflamed",0,0,0,0,0,FALSE
"JCI2024","Plasma::Transitional B","Epithelial","Stricture_minus_Inflamed","Inflamed","Stricture",0,0,0,0,0,FALSE
"JCI2024","Plasma::Transitional B","Mast","Stricture_minus_Non_stricture","Non-stricture","Stricture",0,0,0,0,0,FALSE
"JCI2024","Plasma::Transitional B","Mast","Stricture_minus_Control","Control","Stricture",0,0,0,0,0,FALSE
"JCI2024","Plasma::Transitional B","Mast","Inflamed_minus_Control","Control","Inflamed",0,0,0,0,0,FALSE
"JCI2024","Plasma::Transitional B","Mast","Inflamed_minus_Non_inflamed","Non-inflamed","Inflamed",0,0,0,0,0,FALSE
"JCI2024","Plasma::Transitional B","Mast","Stricture_minus_Inflamed","Inflamed","Stricture",0,0,0,0,0,FALSE
"JCI2024","Plasma::Transitional B","Mesenchymal_stromal","Stricture_minus_Non_stricture","Non-stricture","Stricture",0,0,0,0,0,FALSE
"JCI2024","Plasma::Transitional B","Mesenchymal_stromal","Stricture_minus_Control","Control","Stricture",0,0,0,0,0,FALSE
"JCI2024","Plasma::Transitional B","Mesenchymal_stromal","Inflamed_minus_Control","Control","Inflamed",0,0,0,0,0,FALSE
"JCI2024","Plasma::Transitional B","Mesenchymal_stromal","Inflamed_minus_Non_inflamed","Non-inflamed","Inflamed",0,0,0,0,0,FALSE
"JCI2024","Plasma::Transitional B","Mesenchymal_stromal","Stricture_minus_Inflamed","Inflamed","Stricture",0,0,0,0,0,FALSE
"JCI2024","Plasma::Transitional B","Myeloid","Stricture_minus_Non_stricture","Non-stricture","Stricture",0,0,0,0,0,FALSE
"JCI2024","Plasma::Transitional B","Myeloid","Stricture_minus_Control","Control","Stricture",0,0,0,0,0,FALSE
"JCI2024","Plasma::Transitional B","Myeloid","Inflamed_minus_Control","Control","Inflamed",0,0,0,0,0,FALSE
"JCI2024","Plasma::Transitional B","Myeloid","Inflamed_minus_Non_inflamed","Non-inflamed","Inflamed",0,0,0,0,0,FALSE
"JCI2024","Plasma::Transitional B","Myeloid","Stricture_minus_Inflamed","Inflamed","Stricture",0,0,0,0,0,FALSE
"JCI2024","Plasma::Transitional B","T_NK","Stricture_minus_Non_stricture","Non-stricture","Stricture",0,0,0,0,0,FALSE
"JCI2024","Plasma::Transitional B","T_NK","Stricture_minus_Control","Control","Stricture",0,0,0,0,0,FALSE
"JCI2024","Plasma::Transitional B","T_NK","Inflamed_minus_Control","Control","Inflamed",0,0,0,0,0,FALSE
"JCI2024","Plasma::Transitional B","T_NK","Inflamed_minus_Non_inflamed","Non-inflamed","Inflamed",0,0,0,0,0,FALSE
"JCI2024","Plasma::Transitional B","T_NK","Stricture_minus_Inflamed","Inflamed","Stricture",0,0,0,0,0,FALSE
"JCI2024","Endothelial","B_cell::ActB3","Stricture_minus_Non_stricture","Non-stricture","Stricture",0,1,0,0,1,FALSE
"JCI2024","Endothelial","B_cell::ActB3","Stricture_minus_Control","Control","Stricture",0,1,0,0,1,FALSE
"JCI2024","Endothelial","B_cell::ActB3","Inflamed_minus_Control","Control","Inflamed",0,0,0,0,0,FALSE
"JCI2024","Endothelial","B_cell::ActB3","Inflamed_minus_Non_inflamed","Non-inflamed","Inflamed",0,0,0,0,0,FALSE
"JCI2024","Endothelial","B_cell::ActB3","Stricture_minus_Inflamed","Inflamed","Stricture",0,1,0,0,1,FALSE
"JCI2024","Endothelial","B_cell::CSM","Stricture_minus_Non_stricture","Non-stricture","Stricture",5,6,5,0,1,TRUE
"JCI2024","Endothelial","B_cell::CSM","Stricture_minus_Control","Control","Stricture",0,6,0,0,6,FALSE
"JCI2024","Endothelial","B_cell::CSM","Inflamed_minus_Control","Control","Inflamed",0,0,0,0,0,FALSE
"JCI2024","Endothelial","B_cell::CSM","Inflamed_minus_Non_inflamed","Non-inflamed","Inflamed",0,0,0,0,0,FALSE
"JCI2024","Endothelial","B_cell::CSM","Stricture_minus_Inflamed","Inflamed","Stricture",0,6,0,0,6,FALSE
"JCI2024","Endothelial","B_cell::Centroblast B","Stricture_minus_Non_stricture","Non-stricture","Stricture",0,0,0,0,0,FALSE
"JCI2024","Endothelial","B_cell::Centroblast B","Stricture_minus_Control","Control","Stricture",0,0,0,0,0,FALSE
"JCI2024","Endothelial","B_cell::Centroblast B","Inflamed_minus_Control","Control","Inflamed",0,0,0,0,0,FALSE
"JCI2024","Endothelial","B_cell::Centroblast B","Inflamed_minus_Non_inflamed","Non-inflamed","Inflamed",0,0,0,0,0,FALSE
"JCI2024","Endothelial","B_cell::Centroblast B","Stricture_minus_Inflamed","Inflamed","Stricture",0,0,0,0,0,FALSE
"JCI2024","Endothelial","B_cell::Centrocyte B","Stricture_minus_Non_stricture","Non-stricture","Stricture",0,0,0,0,0,FALSE
"JCI2024","Endothelial","B_cell::Centrocyte B","Stricture_minus_Control","Control","Stricture",0,0,0,0,0,FALSE
"JCI2024","Endothelial","B_cell::Centrocyte B","Inflamed_minus_Control","Control","Inflamed",0,0,0,0,0,FALSE
"JCI2024","Endothelial","B_cell::Centrocyte B","Inflamed_minus_Non_inflamed","Non-inflamed","Inflamed",0,0,0,0,0,FALSE
"JCI2024","Endothelial","B_cell::Centrocyte B","Stricture_minus_Inflamed","Inflamed","Stricture",0,0,0,0,0,FALSE
"JCI2024","Endothelial","B_cell::DN2","Stricture_minus_Non_stricture","Non-stricture","Stricture",3,4,2,1,2,TRUE
"JCI2024","Endothelial","B_cell::DN2","Stricture_minus_Control","Control","Stricture",0,4,0,0,4,FALSE
"JCI2024","Endothelial","B_cell::DN2","Inflamed_minus_Control","Control","Inflamed",0,0,0,0,0,FALSE
"JCI2024","Endothelial","B_cell::DN2","Inflamed_minus_Non_inflamed","Non-inflamed","Inflamed",0,0,0,0,0,FALSE
"JCI2024","Endothelial","B_cell::DN2","Stricture_minus_Inflamed","Inflamed","Stricture",0,4,0,0,4,FALSE
"JCI2024","Endothelial","B_cell::IgM-only","Stricture_minus_Non_stricture","Non-stricture","Stricture",0,3,0,0,3,FALSE
"JCI2024","Endothelial","B_cell::IgM-only","Stricture_minus_Control","Control","Stricture",0,3,0,0,3,FALSE
"JCI2024","Endothelial","B_cell::IgM-only","Inflamed_minus_Control","Control","Inflamed",0,0,0,0,0,FALSE
"JCI2024","Endothelial","B_cell::IgM-only","Inflamed_minus_Non_inflamed","Non-inflamed","Inflamed",0,0,0,0,0,FALSE
"JCI2024","Endothelial","B_cell::IgM-only","Stricture_minus_Inflamed","Inflamed","Stricture",0,3,0,0,3,FALSE
"JCI2024","Endothelial","B_cell::MZ","Stricture_minus_Non_stricture","Non-stricture","Stricture",0,0,0,0,0,FALSE
"JCI2024","Endothelial","B_cell::MZ","Stricture_minus_Control","Control","Stricture",0,0,0,0,0,FALSE
"JCI2024","Endothelial","B_cell::MZ","Inflamed_minus_Control","Control","Inflamed",0,0,0,0,0,FALSE
"JCI2024","Endothelial","B_cell::MZ","Inflamed_minus_Non_inflamed","Non-inflamed","Inflamed",0,0,0,0,0,FALSE
"JCI2024","Endothelial","B_cell::MZ","Stricture_minus_Inflamed","Inflamed","Stricture",0,0,0,0,0,FALSE
"JCI2024","Endothelial","B_cell::Naïve B","Stricture_minus_Non_stricture","Non-stricture","Stricture",1,5,1,0,4,TRUE
"JCI2024","Endothelial","B_cell::Naïve B","Stricture_minus_Control","Control","Stricture",0,5,0,0,5,FALSE
"JCI2024","Endothelial","B_cell::Naïve B","Inflamed_minus_Control","Control","Inflamed",0,0,0,0,0,FALSE
"JCI2024","Endothelial","B_cell::Naïve B","Inflamed_minus_Non_inflamed","Non-inflamed","Inflamed",0,0,0,0,0,FALSE
"JCI2024","Endothelial","B_cell::Naïve B","Stricture_minus_Inflamed","Inflamed","Stricture",0,5,0,0,5,FALSE
"JCI2024","Endothelial","Plasma::Activated plasma","Stricture_minus_Non_stricture","Non-stricture","Stricture",6,6,6,0,0,TRUE
"JCI2024","Endothelial","Plasma::Activated plasma","Stricture_minus_Control","Control","Stricture",0,6,0,0,6,FALSE
"JCI2024","Endothelial","Plasma::Activated plasma","Inflamed_minus_Control","Control","Inflamed",0,0,0,0,0,FALSE
"JCI2024","Endothelial","Plasma::Activated plasma","Inflamed_minus_Non_inflamed","Non-inflamed","Inflamed",0,0,0,0,0,FALSE
"JCI2024","Endothelial","Plasma::Activated plasma","Stricture_minus_Inflamed","Inflamed","Stricture",0,6,0,0,6,FALSE
"JCI2024","Endothelial","Plasma::IgA plasma","Stricture_minus_Non_stricture","Non-stricture","Stricture",6,6,6,0,0,TRUE
"JCI2024","Endothelial","Plasma::IgA plasma","Stricture_minus_Control","Control","Stricture",0,6,0,0,6,FALSE
"JCI2024","Endothelial","Plasma::IgA plasma","Inflamed_minus_Control","Control","Inflamed",0,0,0,0,0,FALSE
"JCI2024","Endothelial","Plasma::IgA plasma","Inflamed_minus_Non_inflamed","Non-inflamed","Inflamed",0,0,0,0,0,FALSE
"JCI2024","Endothelial","Plasma::IgA plasma","Stricture_minus_Inflamed","Inflamed","Stricture",0,6,0,0,6,FALSE
"JCI2024","Endothelial","Plasma::IgG plasma","Stricture_minus_Non_stricture","Non-stricture","Stricture",0,5,0,0,5,FALSE
"JCI2024","Endothelial","Plasma::IgG plasma","Stricture_minus_Control","Control","Stricture",0,5,0,0,5,FALSE
"JCI2024","Endothelial","Plasma::IgG plasma","Inflamed_minus_Control","Control","Inflamed",0,0,0,0,0,FALSE
"JCI2024","Endothelial","Plasma::IgG plasma","Inflamed_minus_Non_inflamed","Non-inflamed","Inflamed",0,0,0,0,0,FALSE
"JCI2024","Endothelial","Plasma::IgG plasma","Stricture_minus_Inflamed","Inflamed","Stricture",0,5,0,0,5,FALSE
"JCI2024","Endothelial","Plasma::Transitional B","Stricture_minus_Non_stricture","Non-stricture","Stricture",0,0,0,0,0,FALSE
"JCI2024","Endothelial","Plasma::Transitional B","Stricture_minus_Control","Control","Stricture",0,0,0,0,0,FALSE
"JCI2024","Endothelial","Plasma::Transitional B","Inflamed_minus_Control","Control","Inflamed",0,0,0,0,0,FALSE
"JCI2024","Endothelial","Plasma::Transitional B","Inflamed_minus_Non_inflamed","Non-inflamed","Inflamed",0,0,0,0,0,FALSE
"JCI2024","Endothelial","Plasma::Transitional B","Stricture_minus_Inflamed","Inflamed","Stricture",0,0,0,0,0,FALSE
"JCI2024","Epithelial","B_cell::ActB3","Stricture_minus_Non_stricture","Non-stricture","Stricture",0,1,0,0,1,FALSE
"JCI2024","Epithelial","B_cell::ActB3","Stricture_minus_Control","Control","Stricture",0,1,0,0,1,FALSE
"JCI2024","Epithelial","B_cell::ActB3","Inflamed_minus_Control","Control","Inflamed",0,0,0,0,0,FALSE
"JCI2024","Epithelial","B_cell::ActB3","Inflamed_minus_Non_inflamed","Non-inflamed","Inflamed",0,0,0,0,0,FALSE
"JCI2024","Epithelial","B_cell::ActB3","Stricture_minus_Inflamed","Inflamed","Stricture",0,1,0,0,1,FALSE
"JCI2024","Epithelial","B_cell::CSM","Stricture_minus_Non_stricture","Non-stricture","Stricture",4,6,4,0,2,TRUE
"JCI2024","Epithelial","B_cell::CSM","Stricture_minus_Control","Control","Stricture",0,6,0,0,6,FALSE
"JCI2024","Epithelial","B_cell::CSM","Inflamed_minus_Control","Control","Inflamed",0,0,0,0,0,FALSE
"JCI2024","Epithelial","B_cell::CSM","Inflamed_minus_Non_inflamed","Non-inflamed","Inflamed",0,0,0,0,0,FALSE
"JCI2024","Epithelial","B_cell::CSM","Stricture_minus_Inflamed","Inflamed","Stricture",0,6,0,0,6,FALSE
"JCI2024","Epithelial","B_cell::Centroblast B","Stricture_minus_Non_stricture","Non-stricture","Stricture",0,0,0,0,0,FALSE
"JCI2024","Epithelial","B_cell::Centroblast B","Stricture_minus_Control","Control","Stricture",0,0,0,0,0,FALSE
"JCI2024","Epithelial","B_cell::Centroblast B","Inflamed_minus_Control","Control","Inflamed",0,0,0,0,0,FALSE
"JCI2024","Epithelial","B_cell::Centroblast B","Inflamed_minus_Non_inflamed","Non-inflamed","Inflamed",0,0,0,0,0,FALSE
"JCI2024","Epithelial","B_cell::Centroblast B","Stricture_minus_Inflamed","Inflamed","Stricture",0,0,0,0,0,FALSE
"JCI2024","Epithelial","B_cell::Centrocyte B","Stricture_minus_Non_stricture","Non-stricture","Stricture",0,0,0,0,0,FALSE
"JCI2024","Epithelial","B_cell::Centrocyte B","Stricture_minus_Control","Control","Stricture",0,0,0,0,0,FALSE
"JCI2024","Epithelial","B_cell::Centrocyte B","Inflamed_minus_Control","Control","Inflamed",0,0,0,0,0,FALSE
"JCI2024","Epithelial","B_cell::Centrocyte B","Inflamed_minus_Non_inflamed","Non-inflamed","Inflamed",0,0,0,0,0,FALSE
"JCI2024","Epithelial","B_cell::Centrocyte B","Stricture_minus_Inflamed","Inflamed","Stricture",0,0,0,0,0,FALSE
"JCI2024","Epithelial","B_cell::DN2","Stricture_minus_Non_stricture","Non-stricture","Stricture",3,4,2,1,2,TRUE
"JCI2024","Epithelial","B_cell::DN2","Stricture_minus_Control","Control","Stricture",0,4,0,0,4,FALSE
"JCI2024","Epithelial","B_cell::DN2","Inflamed_minus_Control","Control","Inflamed",0,0,0,0,0,FALSE
"JCI2024","Epithelial","B_cell::DN2","Inflamed_minus_Non_inflamed","Non-inflamed","Inflamed",0,0,0,0,0,FALSE
"JCI2024","Epithelial","B_cell::DN2","Stricture_minus_Inflamed","Inflamed","Stricture",0,4,0,0,4,FALSE
"JCI2024","Epithelial","B_cell::IgM-only","Stricture_minus_Non_stricture","Non-stricture","Stricture",0,3,0,0,3,FALSE
"JCI2024","Epithelial","B_cell::IgM-only","Stricture_minus_Control","Control","Stricture",0,3,0,0,3,FALSE
"JCI2024","Epithelial","B_cell::IgM-only","Inflamed_minus_Control","Control","Inflamed",0,0,0,0,0,FALSE
"JCI2024","Epithelial","B_cell::IgM-only","Inflamed_minus_Non_inflamed","Non-inflamed","Inflamed",0,0,0,0,0,FALSE
"JCI2024","Epithelial","B_cell::IgM-only","Stricture_minus_Inflamed","Inflamed","Stricture",0,3,0,0,3,FALSE
"JCI2024","Epithelial","B_cell::MZ","Stricture_minus_Non_stricture","Non-stricture","Stricture",0,0,0,0,0,FALSE
"JCI2024","Epithelial","B_cell::MZ","Stricture_minus_Control","Control","Stricture",0,0,0,0,0,FALSE
"JCI2024","Epithelial","B_cell::MZ","Inflamed_minus_Control","Control","Inflamed",0,0,0,0,0,FALSE
"JCI2024","Epithelial","B_cell::MZ","Inflamed_minus_Non_inflamed","Non-inflamed","Inflamed",0,0,0,0,0,FALSE
"JCI2024","Epithelial","B_cell::MZ","Stricture_minus_Inflamed","Inflamed","Stricture",0,0,0,0,0,FALSE
"JCI2024","Epithelial","B_cell::Naïve B","Stricture_minus_Non_stricture","Non-stricture","Stricture",1,5,1,0,4,TRUE
"JCI2024","Epithelial","B_cell::Naïve B","Stricture_minus_Control","Control","Stricture",0,5,0,0,5,FALSE
"JCI2024","Epithelial","B_cell::Naïve B","Inflamed_minus_Control","Control","Inflamed",0,0,0,0,0,FALSE
"JCI2024","Epithelial","B_cell::Naïve B","Inflamed_minus_Non_inflamed","Non-inflamed","Inflamed",0,0,0,0,0,FALSE
"JCI2024","Epithelial","B_cell::Naïve B","Stricture_minus_Inflamed","Inflamed","Stricture",0,5,0,0,5,FALSE
"JCI2024","Epithelial","Plasma::Activated plasma","Stricture_minus_Non_stricture","Non-stricture","Stricture",5,6,5,0,1,TRUE
"JCI2024","Epithelial","Plasma::Activated plasma","Stricture_minus_Control","Control","Stricture",0,6,0,0,6,FALSE
"JCI2024","Epithelial","Plasma::Activated plasma","Inflamed_minus_Control","Control","Inflamed",0,0,0,0,0,FALSE
"JCI2024","Epithelial","Plasma::Activated plasma","Inflamed_minus_Non_inflamed","Non-inflamed","Inflamed",0,0,0,0,0,FALSE
"JCI2024","Epithelial","Plasma::Activated plasma","Stricture_minus_Inflamed","Inflamed","Stricture",0,6,0,0,6,FALSE
"JCI2024","Epithelial","Plasma::IgA plasma","Stricture_minus_Non_stricture","Non-stricture","Stricture",5,6,5,0,1,TRUE
"JCI2024","Epithelial","Plasma::IgA plasma","Stricture_minus_Control","Control","Stricture",0,6,0,0,6,FALSE
"JCI2024","Epithelial","Plasma::IgA plasma","Inflamed_minus_Control","Control","Inflamed",0,0,0,0,0,FALSE
"JCI2024","Epithelial","Plasma::IgA plasma","Inflamed_minus_Non_inflamed","Non-inflamed","Inflamed",0,0,0,0,0,FALSE
"JCI2024","Epithelial","Plasma::IgA plasma","Stricture_minus_Inflamed","Inflamed","Stricture",0,6,0,0,6,FALSE
"JCI2024","Epithelial","Plasma::IgG plasma","Stricture_minus_Non_stricture","Non-stricture","Stricture",0,5,0,0,5,FALSE
"JCI2024","Epithelial","Plasma::IgG plasma","Stricture_minus_Control","Control","Stricture",0,5,0,0,5,FALSE
"JCI2024","Epithelial","Plasma::IgG plasma","Inflamed_minus_Control","Control","Inflamed",0,0,0,0,0,FALSE
"JCI2024","Epithelial","Plasma::IgG plasma","Inflamed_minus_Non_inflamed","Non-inflamed","Inflamed",0,0,0,0,0,FALSE
"JCI2024","Epithelial","Plasma::IgG plasma","Stricture_minus_Inflamed","Inflamed","Stricture",0,5,0,0,5,FALSE
"JCI2024","Epithelial","Plasma::Transitional B","Stricture_minus_Non_stricture","Non-stricture","Stricture",0,0,0,0,0,FALSE
"JCI2024","Epithelial","Plasma::Transitional B","Stricture_minus_Control","Control","Stricture",0,0,0,0,0,FALSE
"JCI2024","Epithelial","Plasma::Transitional B","Inflamed_minus_Control","Control","Inflamed",0,0,0,0,0,FALSE
"JCI2024","Epithelial","Plasma::Transitional B","Inflamed_minus_Non_inflamed","Non-inflamed","Inflamed",0,0,0,0,0,FALSE
"JCI2024","Epithelial","Plasma::Transitional B","Stricture_minus_Inflamed","Inflamed","Stricture",0,0,0,0,0,FALSE
"JCI2024","Mast","B_cell::ActB3","Stricture_minus_Non_stricture","Non-stricture","Stricture",0,1,0,0,1,FALSE
"JCI2024","Mast","B_cell::ActB3","Stricture_minus_Control","Control","Stricture",0,1,0,0,1,FALSE
"JCI2024","Mast","B_cell::ActB3","Inflamed_minus_Control","Control","Inflamed",0,0,0,0,0,FALSE
"JCI2024","Mast","B_cell::ActB3","Inflamed_minus_Non_inflamed","Non-inflamed","Inflamed",0,0,0,0,0,FALSE
"JCI2024","Mast","B_cell::ActB3","Stricture_minus_Inflamed","Inflamed","Stricture",0,1,0,0,1,FALSE
"JCI2024","Mast","B_cell::CSM","Stricture_minus_Non_stricture","Non-stricture","Stricture",5,6,5,0,1,TRUE
"JCI2024","Mast","B_cell::CSM","Stricture_minus_Control","Control","Stricture",0,6,0,0,6,FALSE
"JCI2024","Mast","B_cell::CSM","Inflamed_minus_Control","Control","Inflamed",0,0,0,0,0,FALSE
"JCI2024","Mast","B_cell::CSM","Inflamed_minus_Non_inflamed","Non-inflamed","Inflamed",0,0,0,0,0,FALSE
"JCI2024","Mast","B_cell::CSM","Stricture_minus_Inflamed","Inflamed","Stricture",0,6,0,0,6,FALSE
"JCI2024","Mast","B_cell::Centroblast B","Stricture_minus_Non_stricture","Non-stricture","Stricture",0,0,0,0,0,FALSE
"JCI2024","Mast","B_cell::Centroblast B","Stricture_minus_Control","Control","Stricture",0,0,0,0,0,FALSE
"JCI2024","Mast","B_cell::Centroblast B","Inflamed_minus_Control","Control","Inflamed",0,0,0,0,0,FALSE
"JCI2024","Mast","B_cell::Centroblast B","Inflamed_minus_Non_inflamed","Non-inflamed","Inflamed",0,0,0,0,0,FALSE
"JCI2024","Mast","B_cell::Centroblast B","Stricture_minus_Inflamed","Inflamed","Stricture",0,0,0,0,0,FALSE
"JCI2024","Mast","B_cell::Centrocyte B","Stricture_minus_Non_stricture","Non-stricture","Stricture",0,0,0,0,0,FALSE
"JCI2024","Mast","B_cell::Centrocyte B","Stricture_minus_Control","Control","Stricture",0,0,0,0,0,FALSE
"JCI2024","Mast","B_cell::Centrocyte B","Inflamed_minus_Control","Control","Inflamed",0,0,0,0,0,FALSE
"JCI2024","Mast","B_cell::Centrocyte B","Inflamed_minus_Non_inflamed","Non-inflamed","Inflamed",0,0,0,0,0,FALSE
"JCI2024","Mast","B_cell::Centrocyte B","Stricture_minus_Inflamed","Inflamed","Stricture",0,0,0,0,0,FALSE
"JCI2024","Mast","B_cell::DN2","Stricture_minus_Non_stricture","Non-stricture","Stricture",3,4,2,1,2,TRUE
"JCI2024","Mast","B_cell::DN2","Stricture_minus_Control","Control","Stricture",0,4,0,0,4,FALSE
"JCI2024","Mast","B_cell::DN2","Inflamed_minus_Control","Control","Inflamed",0,0,0,0,0,FALSE
"JCI2024","Mast","B_cell::DN2","Inflamed_minus_Non_inflamed","Non-inflamed","Inflamed",0,0,0,0,0,FALSE
"JCI2024","Mast","B_cell::DN2","Stricture_minus_Inflamed","Inflamed","Stricture",0,4,0,0,4,FALSE
"JCI2024","Mast","B_cell::IgM-only","Stricture_minus_Non_stricture","Non-stricture","Stricture",0,3,0,0,3,FALSE
"JCI2024","Mast","B_cell::IgM-only","Stricture_minus_Control","Control","Stricture",0,3,0,0,3,FALSE
"JCI2024","Mast","B_cell::IgM-only","Inflamed_minus_Control","Control","Inflamed",0,0,0,0,0,FALSE
"JCI2024","Mast","B_cell::IgM-only","Inflamed_minus_Non_inflamed","Non-inflamed","Inflamed",0,0,0,0,0,FALSE
"JCI2024","Mast","B_cell::IgM-only","Stricture_minus_Inflamed","Inflamed","Stricture",0,3,0,0,3,FALSE
"JCI2024","Mast","B_cell::MZ","Stricture_minus_Non_stricture","Non-stricture","Stricture",0,0,0,0,0,FALSE
"JCI2024","Mast","B_cell::MZ","Stricture_minus_Control","Control","Stricture",0,0,0,0,0,FALSE
"JCI2024","Mast","B_cell::MZ","Inflamed_minus_Control","Control","Inflamed",0,0,0,0,0,FALSE
"JCI2024","Mast","B_cell::MZ","Inflamed_minus_Non_inflamed","Non-inflamed","Inflamed",0,0,0,0,0,FALSE
"JCI2024","Mast","B_cell::MZ","Stricture_minus_Inflamed","Inflamed","Stricture",0,0,0,0,0,FALSE
"JCI2024","Mast","B_cell::Naïve B","Stricture_minus_Non_stricture","Non-stricture","Stricture",1,5,1,0,4,TRUE
"JCI2024","Mast","B_cell::Naïve B","Stricture_minus_Control","Control","Stricture",0,5,0,0,5,FALSE
"JCI2024","Mast","B_cell::Naïve B","Inflamed_minus_Control","Control","Inflamed",0,0,0,0,0,FALSE
"JCI2024","Mast","B_cell::Naïve B","Inflamed_minus_Non_inflamed","Non-inflamed","Inflamed",0,0,0,0,0,FALSE
"JCI2024","Mast","B_cell::Naïve B","Stricture_minus_Inflamed","Inflamed","Stricture",0,5,0,0,5,FALSE
"JCI2024","Mast","Plasma::Activated plasma","Stricture_minus_Non_stricture","Non-stricture","Stricture",6,6,6,0,0,TRUE
"JCI2024","Mast","Plasma::Activated plasma","Stricture_minus_Control","Control","Stricture",0,6,0,0,6,FALSE
"JCI2024","Mast","Plasma::Activated plasma","Inflamed_minus_Control","Control","Inflamed",0,0,0,0,0,FALSE
"JCI2024","Mast","Plasma::Activated plasma","Inflamed_minus_Non_inflamed","Non-inflamed","Inflamed",0,0,0,0,0,FALSE
"JCI2024","Mast","Plasma::Activated plasma","Stricture_minus_Inflamed","Inflamed","Stricture",0,6,0,0,6,FALSE
"JCI2024","Mast","Plasma::IgA plasma","Stricture_minus_Non_stricture","Non-stricture","Stricture",6,6,6,0,0,TRUE
"JCI2024","Mast","Plasma::IgA plasma","Stricture_minus_Control","Control","Stricture",0,6,0,0,6,FALSE
"JCI2024","Mast","Plasma::IgA plasma","Inflamed_minus_Control","Control","Inflamed",0,0,0,0,0,FALSE
"JCI2024","Mast","Plasma::IgA plasma","Inflamed_minus_Non_inflamed","Non-inflamed","Inflamed",0,0,0,0,0,FALSE
"JCI2024","Mast","Plasma::IgA plasma","Stricture_minus_Inflamed","Inflamed","Stricture",0,6,0,0,6,FALSE
"JCI2024","Mast","Plasma::IgG plasma","Stricture_minus_Non_stricture","Non-stricture","Stricture",0,5,0,0,5,FALSE
"JCI2024","Mast","Plasma::IgG plasma","Stricture_minus_Control","Control","Stricture",0,5,0,0,5,FALSE
"JCI2024","Mast","Plasma::IgG plasma","Inflamed_minus_Control","Control","Inflamed",0,0,0,0,0,FALSE
"JCI2024","Mast","Plasma::IgG plasma","Inflamed_minus_Non_inflamed","Non-inflamed","Inflamed",0,0,0,0,0,FALSE
"JCI2024","Mast","Plasma::IgG plasma","Stricture_minus_Inflamed","Inflamed","Stricture",0,5,0,0,5,FALSE
"JCI2024","Mast","Plasma::Transitional B","Stricture_minus_Non_stricture","Non-stricture","Stricture",0,0,0,0,0,FALSE
"JCI2024","Mast","Plasma::Transitional B","Stricture_minus_Control","Control","Stricture",0,0,0,0,0,FALSE
"JCI2024","Mast","Plasma::Transitional B","Inflamed_minus_Control","Control","Inflamed",0,0,0,0,0,FALSE
"JCI2024","Mast","Plasma::Transitional B","Inflamed_minus_Non_inflamed","Non-inflamed","Inflamed",0,0,0,0,0,FALSE
"JCI2024","Mast","Plasma::Transitional B","Stricture_minus_Inflamed","Inflamed","Stricture",0,0,0,0,0,FALSE
"JCI2024","Mesenchymal_stromal","B_cell::ActB3","Stricture_minus_Non_stricture","Non-stricture","Stricture",0,1,0,0,1,FALSE
"JCI2024","Mesenchymal_stromal","B_cell::ActB3","Stricture_minus_Control","Control","Stricture",0,1,0,0,1,FALSE
"JCI2024","Mesenchymal_stromal","B_cell::ActB3","Inflamed_minus_Control","Control","Inflamed",0,0,0,0,0,FALSE
"JCI2024","Mesenchymal_stromal","B_cell::ActB3","Inflamed_minus_Non_inflamed","Non-inflamed","Inflamed",0,0,0,0,0,FALSE
"JCI2024","Mesenchymal_stromal","B_cell::ActB3","Stricture_minus_Inflamed","Inflamed","Stricture",0,1,0,0,1,FALSE
"JCI2024","Mesenchymal_stromal","B_cell::CSM","Stricture_minus_Non_stricture","Non-stricture","Stricture",5,6,5,0,1,TRUE
"JCI2024","Mesenchymal_stromal","B_cell::CSM","Stricture_minus_Control","Control","Stricture",0,6,0,0,6,FALSE
"JCI2024","Mesenchymal_stromal","B_cell::CSM","Inflamed_minus_Control","Control","Inflamed",0,0,0,0,0,FALSE
"JCI2024","Mesenchymal_stromal","B_cell::CSM","Inflamed_minus_Non_inflamed","Non-inflamed","Inflamed",0,0,0,0,0,FALSE
"JCI2024","Mesenchymal_stromal","B_cell::CSM","Stricture_minus_Inflamed","Inflamed","Stricture",0,6,0,0,6,FALSE
"JCI2024","Mesenchymal_stromal","B_cell::Centroblast B","Stricture_minus_Non_stricture","Non-stricture","Stricture",0,0,0,0,0,FALSE
"JCI2024","Mesenchymal_stromal","B_cell::Centroblast B","Stricture_minus_Control","Control","Stricture",0,0,0,0,0,FALSE
"JCI2024","Mesenchymal_stromal","B_cell::Centroblast B","Inflamed_minus_Control","Control","Inflamed",0,0,0,0,0,FALSE
"JCI2024","Mesenchymal_stromal","B_cell::Centroblast B","Inflamed_minus_Non_inflamed","Non-inflamed","Inflamed",0,0,0,0,0,FALSE
"JCI2024","Mesenchymal_stromal","B_cell::Centroblast B","Stricture_minus_Inflamed","Inflamed","Stricture",0,0,0,0,0,FALSE
"JCI2024","Mesenchymal_stromal","B_cell::Centrocyte B","Stricture_minus_Non_stricture","Non-stricture","Stricture",0,0,0,0,0,FALSE
"JCI2024","Mesenchymal_stromal","B_cell::Centrocyte B","Stricture_minus_Control","Control","Stricture",0,0,0,0,0,FALSE
"JCI2024","Mesenchymal_stromal","B_cell::Centrocyte B","Inflamed_minus_Control","Control","Inflamed",0,0,0,0,0,FALSE
"JCI2024","Mesenchymal_stromal","B_cell::Centrocyte B","Inflamed_minus_Non_inflamed","Non-inflamed","Inflamed",0,0,0,0,0,FALSE
"JCI2024","Mesenchymal_stromal","B_cell::Centrocyte B","Stricture_minus_Inflamed","Inflamed","Stricture",0,0,0,0,0,FALSE
"JCI2024","Mesenchymal_stromal","B_cell::DN2","Stricture_minus_Non_stricture","Non-stricture","Stricture",3,4,2,1,2,TRUE
"JCI2024","Mesenchymal_stromal","B_cell::DN2","Stricture_minus_Control","Control","Stricture",0,4,0,0,4,FALSE
"JCI2024","Mesenchymal_stromal","B_cell::DN2","Inflamed_minus_Control","Control","Inflamed",0,0,0,0,0,FALSE
"JCI2024","Mesenchymal_stromal","B_cell::DN2","Inflamed_minus_Non_inflamed","Non-inflamed","Inflamed",0,0,0,0,0,FALSE
"JCI2024","Mesenchymal_stromal","B_cell::DN2","Stricture_minus_Inflamed","Inflamed","Stricture",0,4,0,0,4,FALSE
"JCI2024","Mesenchymal_stromal","B_cell::IgM-only","Stricture_minus_Non_stricture","Non-stricture","Stricture",0,3,0,0,3,FALSE
"JCI2024","Mesenchymal_stromal","B_cell::IgM-only","Stricture_minus_Control","Control","Stricture",0,3,0,0,3,FALSE
"JCI2024","Mesenchymal_stromal","B_cell::IgM-only","Inflamed_minus_Control","Control","Inflamed",0,0,0,0,0,FALSE
"JCI2024","Mesenchymal_stromal","B_cell::IgM-only","Inflamed_minus_Non_inflamed","Non-inflamed","Inflamed",0,0,0,0,0,FALSE
"JCI2024","Mesenchymal_stromal","B_cell::IgM-only","Stricture_minus_Inflamed","Inflamed","Stricture",0,3,0,0,3,FALSE
"JCI2024","Mesenchymal_stromal","B_cell::MZ","Stricture_minus_Non_stricture","Non-stricture","Stricture",0,0,0,0,0,FALSE
"JCI2024","Mesenchymal_stromal","B_cell::MZ","Stricture_minus_Control","Control","Stricture",0,0,0,0,0,FALSE
"JCI2024","Mesenchymal_stromal","B_cell::MZ","Inflamed_minus_Control","Control","Inflamed",0,0,0,0,0,FALSE
"JCI2024","Mesenchymal_stromal","B_cell::MZ","Inflamed_minus_Non_inflamed","Non-inflamed","Inflamed",0,0,0,0,0,FALSE
"JCI2024","Mesenchymal_stromal","B_cell::MZ","Stricture_minus_Inflamed","Inflamed","Stricture",0,0,0,0,0,FALSE
"JCI2024","Mesenchymal_stromal","B_cell::Naïve B","Stricture_minus_Non_stricture","Non-stricture","Stricture",1,5,1,0,4,TRUE
"JCI2024","Mesenchymal_stromal","B_cell::Naïve B","Stricture_minus_Control","Control","Stricture",0,5,0,0,5,FALSE
"JCI2024","Mesenchymal_stromal","B_cell::Naïve B","Inflamed_minus_Control","Control","Inflamed",0,0,0,0,0,FALSE
"JCI2024","Mesenchymal_stromal","B_cell::Naïve B","Inflamed_minus_Non_inflamed","Non-inflamed","Inflamed",0,0,0,0,0,FALSE
"JCI2024","Mesenchymal_stromal","B_cell::Naïve B","Stricture_minus_Inflamed","Inflamed","Stricture",0,5,0,0,5,FALSE
"JCI2024","Mesenchymal_stromal","Plasma::Activated plasma","Stricture_minus_Non_stricture","Non-stricture","Stricture",6,6,6,0,0,TRUE
"JCI2024","Mesenchymal_stromal","Plasma::Activated plasma","Stricture_minus_Control","Control","Stricture",0,6,0,0,6,FALSE
"JCI2024","Mesenchymal_stromal","Plasma::Activated plasma","Inflamed_minus_Control","Control","Inflamed",0,0,0,0,0,FALSE
"JCI2024","Mesenchymal_stromal","Plasma::Activated plasma","Inflamed_minus_Non_inflamed","Non-inflamed","Inflamed",0,0,0,0,0,FALSE
"JCI2024","Mesenchymal_stromal","Plasma::Activated plasma","Stricture_minus_Inflamed","Inflamed","Stricture",0,6,0,0,6,FALSE
"JCI2024","Mesenchymal_stromal","Plasma::IgA plasma","Stricture_minus_Non_stricture","Non-stricture","Stricture",6,6,6,0,0,TRUE
"JCI2024","Mesenchymal_stromal","Plasma::IgA plasma","Stricture_minus_Control","Control","Stricture",0,6,0,0,6,FALSE
"JCI2024","Mesenchymal_stromal","Plasma::IgA plasma","Inflamed_minus_Control","Control","Inflamed",0,0,0,0,0,FALSE
"JCI2024","Mesenchymal_stromal","Plasma::IgA plasma","Inflamed_minus_Non_inflamed","Non-inflamed","Inflamed",0,0,0,0,0,FALSE
"JCI2024","Mesenchymal_stromal","Plasma::IgA plasma","Stricture_minus_Inflamed","Inflamed","Stricture",0,6,0,0,6,FALSE
"JCI2024","Mesenchymal_stromal","Plasma::IgG plasma","Stricture_minus_Non_stricture","Non-stricture","Stricture",0,5,0,0,5,FALSE
"JCI2024","Mesenchymal_stromal","Plasma::IgG plasma","Stricture_minus_Control","Control","Stricture",0,5,0,0,5,FALSE
"JCI2024","Mesenchymal_stromal","Plasma::IgG plasma","Inflamed_minus_Control","Control","Inflamed",0,0,0,0,0,FALSE
"JCI2024","Mesenchymal_stromal","Plasma::IgG plasma","Inflamed_minus_Non_inflamed","Non-inflamed","Inflamed",0,0,0,0,0,FALSE
"JCI2024","Mesenchymal_stromal","Plasma::IgG plasma","Stricture_minus_Inflamed","Inflamed","Stricture",0,5,0,0,5,FALSE
"JCI2024","Mesenchymal_stromal","Plasma::Transitional B","Stricture_minus_Non_stricture","Non-stricture","Stricture",0,0,0,0,0,FALSE
"JCI2024","Mesenchymal_stromal","Plasma::Transitional B","Stricture_minus_Control","Control","Stricture",0,0,0,0,0,FALSE
"JCI2024","Mesenchymal_stromal","Plasma::Transitional B","Inflamed_minus_Control","Control","Inflamed",0,0,0,0,0,FALSE
"JCI2024","Mesenchymal_stromal","Plasma::Transitional B","Inflamed_minus_Non_inflamed","Non-inflamed","Inflamed",0,0,0,0,0,FALSE
"JCI2024","Mesenchymal_stromal","Plasma::Transitional B","Stricture_minus_Inflamed","Inflamed","Stricture",0,0,0,0,0,FALSE
"JCI2024","Myeloid","B_cell::ActB3","Stricture_minus_Non_stricture","Non-stricture","Stricture",0,1,0,0,1,FALSE
"JCI2024","Myeloid","B_cell::ActB3","Stricture_minus_Control","Control","Stricture",0,1,0,0,1,FALSE
"JCI2024","Myeloid","B_cell::ActB3","Inflamed_minus_Control","Control","Inflamed",0,0,0,0,0,FALSE
"JCI2024","Myeloid","B_cell::ActB3","Inflamed_minus_Non_inflamed","Non-inflamed","Inflamed",0,0,0,0,0,FALSE
"JCI2024","Myeloid","B_cell::ActB3","Stricture_minus_Inflamed","Inflamed","Stricture",0,1,0,0,1,FALSE
"JCI2024","Myeloid","B_cell::CSM","Stricture_minus_Non_stricture","Non-stricture","Stricture",5,6,5,0,1,TRUE
"JCI2024","Myeloid","B_cell::CSM","Stricture_minus_Control","Control","Stricture",0,6,0,0,6,FALSE
"JCI2024","Myeloid","B_cell::CSM","Inflamed_minus_Control","Control","Inflamed",0,0,0,0,0,FALSE
"JCI2024","Myeloid","B_cell::CSM","Inflamed_minus_Non_inflamed","Non-inflamed","Inflamed",0,0,0,0,0,FALSE
"JCI2024","Myeloid","B_cell::CSM","Stricture_minus_Inflamed","Inflamed","Stricture",0,6,0,0,6,FALSE
"JCI2024","Myeloid","B_cell::Centroblast B","Stricture_minus_Non_stricture","Non-stricture","Stricture",0,0,0,0,0,FALSE
"JCI2024","Myeloid","B_cell::Centroblast B","Stricture_minus_Control","Control","Stricture",0,0,0,0,0,FALSE
"JCI2024","Myeloid","B_cell::Centroblast B","Inflamed_minus_Control","Control","Inflamed",0,0,0,0,0,FALSE
"JCI2024","Myeloid","B_cell::Centroblast B","Inflamed_minus_Non_inflamed","Non-inflamed","Inflamed",0,0,0,0,0,FALSE
"JCI2024","Myeloid","B_cell::Centroblast B","Stricture_minus_Inflamed","Inflamed","Stricture",0,0,0,0,0,FALSE
"JCI2024","Myeloid","B_cell::Centrocyte B","Stricture_minus_Non_stricture","Non-stricture","Stricture",0,0,0,0,0,FALSE
"JCI2024","Myeloid","B_cell::Centrocyte B","Stricture_minus_Control","Control","Stricture",0,0,0,0,0,FALSE
"JCI2024","Myeloid","B_cell::Centrocyte B","Inflamed_minus_Control","Control","Inflamed",0,0,0,0,0,FALSE
"JCI2024","Myeloid","B_cell::Centrocyte B","Inflamed_minus_Non_inflamed","Non-inflamed","Inflamed",0,0,0,0,0,FALSE
"JCI2024","Myeloid","B_cell::Centrocyte B","Stricture_minus_Inflamed","Inflamed","Stricture",0,0,0,0,0,FALSE
"JCI2024","Myeloid","B_cell::DN2","Stricture_minus_Non_stricture","Non-stricture","Stricture",3,4,2,1,2,TRUE
"JCI2024","Myeloid","B_cell::DN2","Stricture_minus_Control","Control","Stricture",0,4,0,0,4,FALSE
"JCI2024","Myeloid","B_cell::DN2","Inflamed_minus_Control","Control","Inflamed",0,0,0,0,0,FALSE
"JCI2024","Myeloid","B_cell::DN2","Inflamed_minus_Non_inflamed","Non-inflamed","Inflamed",0,0,0,0,0,FALSE
"JCI2024","Myeloid","B_cell::DN2","Stricture_minus_Inflamed","Inflamed","Stricture",0,4,0,0,4,FALSE
"JCI2024","Myeloid","B_cell::IgM-only","Stricture_minus_Non_stricture","Non-stricture","Stricture",0,3,0,0,3,FALSE
"JCI2024","Myeloid","B_cell::IgM-only","Stricture_minus_Control","Control","Stricture",0,3,0,0,3,FALSE
"JCI2024","Myeloid","B_cell::IgM-only","Inflamed_minus_Control","Control","Inflamed",0,0,0,0,0,FALSE
"JCI2024","Myeloid","B_cell::IgM-only","Inflamed_minus_Non_inflamed","Non-inflamed","Inflamed",0,0,0,0,0,FALSE
"JCI2024","Myeloid","B_cell::IgM-only","Stricture_minus_Inflamed","Inflamed","Stricture",0,3,0,0,3,FALSE
"JCI2024","Myeloid","B_cell::MZ","Stricture_minus_Non_stricture","Non-stricture","Stricture",0,0,0,0,0,FALSE
"JCI2024","Myeloid","B_cell::MZ","Stricture_minus_Control","Control","Stricture",0,0,0,0,0,FALSE
"JCI2024","Myeloid","B_cell::MZ","Inflamed_minus_Control","Control","Inflamed",0,0,0,0,0,FALSE
"JCI2024","Myeloid","B_cell::MZ","Inflamed_minus_Non_inflamed","Non-inflamed","Inflamed",0,0,0,0,0,FALSE
"JCI2024","Myeloid","B_cell::MZ","Stricture_minus_Inflamed","Inflamed","Stricture",0,0,0,0,0,FALSE
"JCI2024","Myeloid","B_cell::Naïve B","Stricture_minus_Non_stricture","Non-stricture","Stricture",1,5,1,0,4,TRUE
"JCI2024","Myeloid","B_cell::Naïve B","Stricture_minus_Control","Control","Stricture",0,5,0,0,5,FALSE
"JCI2024","Myeloid","B_cell::Naïve B","Inflamed_minus_Control","Control","Inflamed",0,0,0,0,0,FALSE
"JCI2024","Myeloid","B_cell::Naïve B","Inflamed_minus_Non_inflamed","Non-inflamed","Inflamed",0,0,0,0,0,FALSE
"JCI2024","Myeloid","B_cell::Naïve B","Stricture_minus_Inflamed","Inflamed","Stricture",0,5,0,0,5,FALSE
"JCI2024","Myeloid","Plasma::Activated plasma","Stricture_minus_Non_stricture","Non-stricture","Stricture",6,6,6,0,0,TRUE
"JCI2024","Myeloid","Plasma::Activated plasma","Stricture_minus_Control","Control","Stricture",0,6,0,0,6,FALSE
"JCI2024","Myeloid","Plasma::Activated plasma","Inflamed_minus_Control","Control","Inflamed",0,0,0,0,0,FALSE
"JCI2024","Myeloid","Plasma::Activated plasma","Inflamed_minus_Non_inflamed","Non-inflamed","Inflamed",0,0,0,0,0,FALSE
"JCI2024","Myeloid","Plasma::Activated plasma","Stricture_minus_Inflamed","Inflamed","Stricture",0,6,0,0,6,FALSE
"JCI2024","Myeloid","Plasma::IgA plasma","Stricture_minus_Non_stricture","Non-stricture","Stricture",6,6,6,0,0,TRUE
"JCI2024","Myeloid","Plasma::IgA plasma","Stricture_minus_Control","Control","Stricture",0,6,0,0,6,FALSE
"JCI2024","Myeloid","Plasma::IgA plasma","Inflamed_minus_Control","Control","Inflamed",0,0,0,0,0,FALSE
"JCI2024","Myeloid","Plasma::IgA plasma","Inflamed_minus_Non_inflamed","Non-inflamed","Inflamed",0,0,0,0,0,FALSE
"JCI2024","Myeloid","Plasma::IgA plasma","Stricture_minus_Inflamed","Inflamed","Stricture",0,6,0,0,6,FALSE
"JCI2024","Myeloid","Plasma::IgG plasma","Stricture_minus_Non_stricture","Non-stricture","Stricture",0,5,0,0,5,FALSE
"JCI2024","Myeloid","Plasma::IgG plasma","Stricture_minus_Control","Control","Stricture",0,5,0,0,5,FALSE
"JCI2024","Myeloid","Plasma::IgG plasma","Inflamed_minus_Control","Control","Inflamed",0,0,0,0,0,FALSE
"JCI2024","Myeloid","Plasma::IgG plasma","Inflamed_minus_Non_inflamed","Non-inflamed","Inflamed",0,0,0,0,0,FALSE
"JCI2024","Myeloid","Plasma::IgG plasma","Stricture_minus_Inflamed","Inflamed","Stricture",0,5,0,0,5,FALSE
"JCI2024","Myeloid","Plasma::Transitional B","Stricture_minus_Non_stricture","Non-stricture","Stricture",0,0,0,0,0,FALSE
"JCI2024","Myeloid","Plasma::Transitional B","Stricture_minus_Control","Control","Stricture",0,0,0,0,0,FALSE
"JCI2024","Myeloid","Plasma::Transitional B","Inflamed_minus_Control","Control","Inflamed",0,0,0,0,0,FALSE
"JCI2024","Myeloid","Plasma::Transitional B","Inflamed_minus_Non_inflamed","Non-inflamed","Inflamed",0,0,0,0,0,FALSE
"JCI2024","Myeloid","Plasma::Transitional B","Stricture_minus_Inflamed","Inflamed","Stricture",0,0,0,0,0,FALSE
"JCI2024","T_NK","B_cell::ActB3","Stricture_minus_Non_stricture","Non-stricture","Stricture",0,1,0,0,1,FALSE
"JCI2024","T_NK","B_cell::ActB3","Stricture_minus_Control","Control","Stricture",0,1,0,0,1,FALSE
"JCI2024","T_NK","B_cell::ActB3","Inflamed_minus_Control","Control","Inflamed",0,0,0,0,0,FALSE
"JCI2024","T_NK","B_cell::ActB3","Inflamed_minus_Non_inflamed","Non-inflamed","Inflamed",0,0,0,0,0,FALSE
"JCI2024","T_NK","B_cell::ActB3","Stricture_minus_Inflamed","Inflamed","Stricture",0,1,0,0,1,FALSE
"JCI2024","T_NK","B_cell::CSM","Stricture_minus_Non_stricture","Non-stricture","Stricture",5,6,5,0,1,TRUE
"JCI2024","T_NK","B_cell::CSM","Stricture_minus_Control","Control","Stricture",0,6,0,0,6,FALSE
"JCI2024","T_NK","B_cell::CSM","Inflamed_minus_Control","Control","Inflamed",0,0,0,0,0,FALSE
"JCI2024","T_NK","B_cell::CSM","Inflamed_minus_Non_inflamed","Non-inflamed","Inflamed",0,0,0,0,0,FALSE
"JCI2024","T_NK","B_cell::CSM","Stricture_minus_Inflamed","Inflamed","Stricture",0,6,0,0,6,FALSE
"JCI2024","T_NK","B_cell::Centroblast B","Stricture_minus_Non_stricture","Non-stricture","Stricture",0,0,0,0,0,FALSE
"JCI2024","T_NK","B_cell::Centroblast B","Stricture_minus_Control","Control","Stricture",0,0,0,0,0,FALSE
"JCI2024","T_NK","B_cell::Centroblast B","Inflamed_minus_Control","Control","Inflamed",0,0,0,0,0,FALSE
"JCI2024","T_NK","B_cell::Centroblast B","Inflamed_minus_Non_inflamed","Non-inflamed","Inflamed",0,0,0,0,0,FALSE
"JCI2024","T_NK","B_cell::Centroblast B","Stricture_minus_Inflamed","Inflamed","Stricture",0,0,0,0,0,FALSE
"JCI2024","T_NK","B_cell::Centrocyte B","Stricture_minus_Non_stricture","Non-stricture","Stricture",0,0,0,0,0,FALSE
"JCI2024","T_NK","B_cell::Centrocyte B","Stricture_minus_Control","Control","Stricture",0,0,0,0,0,FALSE
"JCI2024","T_NK","B_cell::Centrocyte B","Inflamed_minus_Control","Control","Inflamed",0,0,0,0,0,FALSE
"JCI2024","T_NK","B_cell::Centrocyte B","Inflamed_minus_Non_inflamed","Non-inflamed","Inflamed",0,0,0,0,0,FALSE
"JCI2024","T_NK","B_cell::Centrocyte B","Stricture_minus_Inflamed","Inflamed","Stricture",0,0,0,0,0,FALSE
"JCI2024","T_NK","B_cell::DN2","Stricture_minus_Non_stricture","Non-stricture","Stricture",3,4,2,1,2,TRUE
"JCI2024","T_NK","B_cell::DN2","Stricture_minus_Control","Control","Stricture",0,4,0,0,4,FALSE
"JCI2024","T_NK","B_cell::DN2","Inflamed_minus_Control","Control","Inflamed",0,0,0,0,0,FALSE
"JCI2024","T_NK","B_cell::DN2","Inflamed_minus_Non_inflamed","Non-inflamed","Inflamed",0,0,0,0,0,FALSE
"JCI2024","T_NK","B_cell::DN2","Stricture_minus_Inflamed","Inflamed","Stricture",0,4,0,0,4,FALSE
"JCI2024","T_NK","B_cell::IgM-only","Stricture_minus_Non_stricture","Non-stricture","Stricture",0,3,0,0,3,FALSE
"JCI2024","T_NK","B_cell::IgM-only","Stricture_minus_Control","Control","Stricture",0,3,0,0,3,FALSE
"JCI2024","T_NK","B_cell::IgM-only","Inflamed_minus_Control","Control","Inflamed",0,0,0,0,0,FALSE
"JCI2024","T_NK","B_cell::IgM-only","Inflamed_minus_Non_inflamed","Non-inflamed","Inflamed",0,0,0,0,0,FALSE
"JCI2024","T_NK","B_cell::IgM-only","Stricture_minus_Inflamed","Inflamed","Stricture",0,3,0,0,3,FALSE
"JCI2024","T_NK","B_cell::MZ","Stricture_minus_Non_stricture","Non-stricture","Stricture",0,0,0,0,0,FALSE
"JCI2024","T_NK","B_cell::MZ","Stricture_minus_Control","Control","Stricture",0,0,0,0,0,FALSE
"JCI2024","T_NK","B_cell::MZ","Inflamed_minus_Control","Control","Inflamed",0,0,0,0,0,FALSE
"JCI2024","T_NK","B_cell::MZ","Inflamed_minus_Non_inflamed","Non-inflamed","Inflamed",0,0,0,0,0,FALSE
"JCI2024","T_NK","B_cell::MZ","Stricture_minus_Inflamed","Inflamed","Stricture",0,0,0,0,0,FALSE
"JCI2024","T_NK","B_cell::Naïve B","Stricture_minus_Non_stricture","Non-stricture","Stricture",1,5,1,0,4,TRUE
"JCI2024","T_NK","B_cell::Naïve B","Stricture_minus_Control","Control","Stricture",0,5,0,0,5,FALSE
"JCI2024","T_NK","B_cell::Naïve B","Inflamed_minus_Control","Control","Inflamed",0,0,0,0,0,FALSE
"JCI2024","T_NK","B_cell::Naïve B","Inflamed_minus_Non_inflamed","Non-inflamed","Inflamed",0,0,0,0,0,FALSE
"JCI2024","T_NK","B_cell::Naïve B","Stricture_minus_Inflamed","Inflamed","Stricture",0,5,0,0,5,FALSE
"JCI2024","T_NK","Plasma::Activated plasma","Stricture_minus_Non_stricture","Non-stricture","Stricture",6,6,6,0,0,TRUE
"JCI2024","T_NK","Plasma::Activated plasma","Stricture_minus_Control","Control","Stricture",0,6,0,0,6,FALSE
"JCI2024","T_NK","Plasma::Activated plasma","Inflamed_minus_Control","Control","Inflamed",0,0,0,0,0,FALSE
"JCI2024","T_NK","Plasma::Activated plasma","Inflamed_minus_Non_inflamed","Non-inflamed","Inflamed",0,0,0,0,0,FALSE
"JCI2024","T_NK","Plasma::Activated plasma","Stricture_minus_Inflamed","Inflamed","Stricture",0,6,0,0,6,FALSE
"JCI2024","T_NK","Plasma::IgA plasma","Stricture_minus_Non_stricture","Non-stricture","Stricture",6,6,6,0,0,TRUE
"JCI2024","T_NK","Plasma::IgA plasma","Stricture_minus_Control","Control","Stricture",0,6,0,0,6,FALSE
"JCI2024","T_NK","Plasma::IgA plasma","Inflamed_minus_Control","Control","Inflamed",0,0,0,0,0,FALSE
"JCI2024","T_NK","Plasma::IgA plasma","Inflamed_minus_Non_inflamed","Non-inflamed","Inflamed",0,0,0,0,0,FALSE
"JCI2024","T_NK","Plasma::IgA plasma","Stricture_minus_Inflamed","Inflamed","Stricture",0,6,0,0,6,FALSE
"JCI2024","T_NK","Plasma::IgG plasma","Stricture_minus_Non_stricture","Non-stricture","Stricture",0,5,0,0,5,FALSE
"JCI2024","T_NK","Plasma::IgG plasma","Stricture_minus_Control","Control","Stricture",0,5,0,0,5,FALSE
"JCI2024","T_NK","Plasma::IgG plasma","Inflamed_minus_Control","Control","Inflamed",0,0,0,0,0,FALSE
"JCI2024","T_NK","Plasma::IgG plasma","Inflamed_minus_Non_inflamed","Non-inflamed","Inflamed",0,0,0,0,0,FALSE
"JCI2024","T_NK","Plasma::IgG plasma","Stricture_minus_Inflamed","Inflamed","Stricture",0,5,0,0,5,FALSE
"JCI2024","T_NK","Plasma::Transitional B","Stricture_minus_Non_stricture","Non-stricture","Stricture",0,0,0,0,0,FALSE
"JCI2024","T_NK","Plasma::Transitional B","Stricture_minus_Control","Control","Stricture",0,0,0,0,0,FALSE
"JCI2024","T_NK","Plasma::Transitional B","Inflamed_minus_Control","Control","Inflamed",0,0,0,0,0,FALSE
"JCI2024","T_NK","Plasma::Transitional B","Inflamed_minus_Non_inflamed","Non-inflamed","Inflamed",0,0,0,0,0,FALSE
"JCI2024","T_NK","Plasma::Transitional B","Stricture_minus_Inflamed","Inflamed","Stricture",0,0,0,0,0,FALSE
"SCP1884","B_cell::ActB3","Endothelial","Stricture_minus_Non_stricture","Non-stricture","Stricture",0,0,0,0,0,FALSE
"SCP1884","B_cell::ActB3","Endothelial","Stricture_minus_Control","Control","Stricture",0,0,0,0,0,FALSE
"SCP1884","B_cell::ActB3","Endothelial","Inflamed_minus_Control","Control","Inflamed",0,0,0,0,0,FALSE
"SCP1884","B_cell::ActB3","Endothelial","Inflamed_minus_Non_inflamed","Non-inflamed","Inflamed",4,0,0,4,0,FALSE
"SCP1884","B_cell::ActB3","Endothelial","Stricture_minus_Inflamed","Inflamed","Stricture",0,0,0,0,0,FALSE
"SCP1884","B_cell::ActB3","Epithelial","Stricture_minus_Non_stricture","Non-stricture","Stricture",0,0,0,0,0,FALSE
"SCP1884","B_cell::ActB3","Epithelial","Stricture_minus_Control","Control","Stricture",0,0,0,0,0,FALSE
"SCP1884","B_cell::ActB3","Epithelial","Inflamed_minus_Control","Control","Inflamed",0,0,0,0,0,FALSE
"SCP1884","B_cell::ActB3","Epithelial","Inflamed_minus_Non_inflamed","Non-inflamed","Inflamed",4,0,0,4,0,FALSE
"SCP1884","B_cell::ActB3","Epithelial","Stricture_minus_Inflamed","Inflamed","Stricture",0,0,0,0,0,FALSE
"SCP1884","B_cell::ActB3","Mast","Stricture_minus_Non_stricture","Non-stricture","Stricture",0,0,0,0,0,FALSE
"SCP1884","B_cell::ActB3","Mast","Stricture_minus_Control","Control","Stricture",0,0,0,0,0,FALSE
"SCP1884","B_cell::ActB3","Mast","Inflamed_minus_Control","Control","Inflamed",0,0,0,0,0,FALSE
"SCP1884","B_cell::ActB3","Mast","Inflamed_minus_Non_inflamed","Non-inflamed","Inflamed",3,0,0,3,0,FALSE
"SCP1884","B_cell::ActB3","Mast","Stricture_minus_Inflamed","Inflamed","Stricture",0,0,0,0,0,FALSE
"SCP1884","B_cell::ActB3","Mesenchymal_stromal","Stricture_minus_Non_stricture","Non-stricture","Stricture",0,0,0,0,0,FALSE
"SCP1884","B_cell::ActB3","Mesenchymal_stromal","Stricture_minus_Control","Control","Stricture",0,0,0,0,0,FALSE
"SCP1884","B_cell::ActB3","Mesenchymal_stromal","Inflamed_minus_Control","Control","Inflamed",0,0,0,0,0,FALSE
"SCP1884","B_cell::ActB3","Mesenchymal_stromal","Inflamed_minus_Non_inflamed","Non-inflamed","Inflamed",4,0,0,4,0,FALSE
"SCP1884","B_cell::ActB3","Mesenchymal_stromal","Stricture_minus_Inflamed","Inflamed","Stricture",0,0,0,0,0,FALSE
"SCP1884","B_cell::ActB3","Myeloid","Stricture_minus_Non_stricture","Non-stricture","Stricture",0,0,0,0,0,FALSE
"SCP1884","B_cell::ActB3","Myeloid","Stricture_minus_Control","Control","Stricture",0,0,0,0,0,FALSE
"SCP1884","B_cell::ActB3","Myeloid","Inflamed_minus_Control","Control","Inflamed",0,0,0,0,0,FALSE
"SCP1884","B_cell::ActB3","Myeloid","Inflamed_minus_Non_inflamed","Non-inflamed","Inflamed",4,0,0,4,0,FALSE
"SCP1884","B_cell::ActB3","Myeloid","Stricture_minus_Inflamed","Inflamed","Stricture",0,0,0,0,0,FALSE
"SCP1884","B_cell::ActB3","T_NK","Stricture_minus_Non_stricture","Non-stricture","Stricture",0,0,0,0,0,FALSE
"SCP1884","B_cell::ActB3","T_NK","Stricture_minus_Control","Control","Stricture",0,0,0,0,0,FALSE
"SCP1884","B_cell::ActB3","T_NK","Inflamed_minus_Control","Control","Inflamed",0,0,0,0,0,FALSE
"SCP1884","B_cell::ActB3","T_NK","Inflamed_minus_Non_inflamed","Non-inflamed","Inflamed",4,0,0,4,0,FALSE
"SCP1884","B_cell::ActB3","T_NK","Stricture_minus_Inflamed","Inflamed","Stricture",0,0,0,0,0,FALSE
"SCP1884","B_cell::CSM","Endothelial","Stricture_minus_Non_stricture","Non-stricture","Stricture",0,0,0,0,0,FALSE
"SCP1884","B_cell::CSM","Endothelial","Stricture_minus_Control","Control","Stricture",5,0,0,5,0,FALSE
"SCP1884","B_cell::CSM","Endothelial","Inflamed_minus_Control","Control","Inflamed",5,5,0,5,5,TRUE
"SCP1884","B_cell::CSM","Endothelial","Inflamed_minus_Non_inflamed","Non-inflamed","Inflamed",20,5,1,19,4,TRUE
"SCP1884","B_cell::CSM","Endothelial","Stricture_minus_Inflamed","Inflamed","Stricture",5,0,0,5,0,FALSE
"SCP1884","B_cell::CSM","Epithelial","Stricture_minus_Non_stricture","Non-stricture","Stricture",0,0,0,0,0,FALSE
"SCP1884","B_cell::CSM","Epithelial","Stricture_minus_Control","Control","Stricture",6,0,0,6,0,FALSE
"SCP1884","B_cell::CSM","Epithelial","Inflamed_minus_Control","Control","Inflamed",6,5,0,6,5,TRUE
"SCP1884","B_cell::CSM","Epithelial","Inflamed_minus_Non_inflamed","Non-inflamed","Inflamed",20,5,1,19,4,TRUE
"SCP1884","B_cell::CSM","Epithelial","Stricture_minus_Inflamed","Inflamed","Stricture",5,0,0,5,0,FALSE
"SCP1884","B_cell::CSM","Mast","Stricture_minus_Non_stricture","Non-stricture","Stricture",0,0,0,0,0,FALSE
"SCP1884","B_cell::CSM","Mast","Stricture_minus_Control","Control","Stricture",3,0,0,3,0,FALSE
"SCP1884","B_cell::CSM","Mast","Inflamed_minus_Control","Control","Inflamed",3,3,0,3,3,TRUE
"SCP1884","B_cell::CSM","Mast","Inflamed_minus_Non_inflamed","Non-inflamed","Inflamed",18,3,0,18,3,TRUE
"SCP1884","B_cell::CSM","Mast","Stricture_minus_Inflamed","Inflamed","Stricture",3,0,0,3,0,FALSE
"SCP1884","B_cell::CSM","Mesenchymal_stromal","Stricture_minus_Non_stricture","Non-stricture","Stricture",0,0,0,0,0,FALSE
"SCP1884","B_cell::CSM","Mesenchymal_stromal","Stricture_minus_Control","Control","Stricture",5,0,0,5,0,FALSE
"SCP1884","B_cell::CSM","Mesenchymal_stromal","Inflamed_minus_Control","Control","Inflamed",5,5,0,5,5,TRUE
"SCP1884","B_cell::CSM","Mesenchymal_stromal","Inflamed_minus_Non_inflamed","Non-inflamed","Inflamed",20,5,1,19,4,TRUE
"SCP1884","B_cell::CSM","Mesenchymal_stromal","Stricture_minus_Inflamed","Inflamed","Stricture",5,0,0,5,0,FALSE
"SCP1884","B_cell::CSM","Myeloid","Stricture_minus_Non_stricture","Non-stricture","Stricture",0,0,0,0,0,FALSE
"SCP1884","B_cell::CSM","Myeloid","Stricture_minus_Control","Control","Stricture",6,0,0,6,0,FALSE
"SCP1884","B_cell::CSM","Myeloid","Inflamed_minus_Control","Control","Inflamed",6,5,0,6,5,TRUE
"SCP1884","B_cell::CSM","Myeloid","Inflamed_minus_Non_inflamed","Non-inflamed","Inflamed",20,5,1,19,4,TRUE
"SCP1884","B_cell::CSM","Myeloid","Stricture_minus_Inflamed","Inflamed","Stricture",5,0,0,5,0,FALSE
"SCP1884","B_cell::CSM","T_NK","Stricture_minus_Non_stricture","Non-stricture","Stricture",0,0,0,0,0,FALSE
"SCP1884","B_cell::CSM","T_NK","Stricture_minus_Control","Control","Stricture",6,0,0,6,0,FALSE
"SCP1884","B_cell::CSM","T_NK","Inflamed_minus_Control","Control","Inflamed",6,5,0,6,5,TRUE
"SCP1884","B_cell::CSM","T_NK","Inflamed_minus_Non_inflamed","Non-inflamed","Inflamed",20,5,1,19,4,TRUE
"SCP1884","B_cell::CSM","T_NK","Stricture_minus_Inflamed","Inflamed","Stricture",5,0,0,5,0,FALSE
"SCP1884","B_cell::Centroblast B","Endothelial","Stricture_minus_Non_stricture","Non-stricture","Stricture",0,0,0,0,0,FALSE
"SCP1884","B_cell::Centroblast B","Endothelial","Stricture_minus_Control","Control","Stricture",3,0,0,3,0,FALSE
"SCP1884","B_cell::Centroblast B","Endothelial","Inflamed_minus_Control","Control","Inflamed",3,2,0,3,2,TRUE
"SCP1884","B_cell::Centroblast B","Endothelial","Inflamed_minus_Non_inflamed","Non-inflamed","Inflamed",5,2,0,5,2,TRUE
"SCP1884","B_cell::Centroblast B","Endothelial","Stricture_minus_Inflamed","Inflamed","Stricture",2,0,0,2,0,FALSE
"SCP1884","B_cell::Centroblast B","Epithelial","Stricture_minus_Non_stricture","Non-stricture","Stricture",0,0,0,0,0,FALSE
"SCP1884","B_cell::Centroblast B","Epithelial","Stricture_minus_Control","Control","Stricture",3,0,0,3,0,FALSE
"SCP1884","B_cell::Centroblast B","Epithelial","Inflamed_minus_Control","Control","Inflamed",3,2,0,3,2,TRUE
"SCP1884","B_cell::Centroblast B","Epithelial","Inflamed_minus_Non_inflamed","Non-inflamed","Inflamed",5,2,0,5,2,TRUE
"SCP1884","B_cell::Centroblast B","Epithelial","Stricture_minus_Inflamed","Inflamed","Stricture",2,0,0,2,0,FALSE
"SCP1884","B_cell::Centroblast B","Mast","Stricture_minus_Non_stricture","Non-stricture","Stricture",0,0,0,0,0,FALSE
"SCP1884","B_cell::Centroblast B","Mast","Stricture_minus_Control","Control","Stricture",2,0,0,2,0,FALSE
"SCP1884","B_cell::Centroblast B","Mast","Inflamed_minus_Control","Control","Inflamed",2,2,0,2,2,TRUE
"SCP1884","B_cell::Centroblast B","Mast","Inflamed_minus_Non_inflamed","Non-inflamed","Inflamed",5,2,0,5,2,TRUE
"SCP1884","B_cell::Centroblast B","Mast","Stricture_minus_Inflamed","Inflamed","Stricture",2,0,0,2,0,FALSE
"SCP1884","B_cell::Centroblast B","Mesenchymal_stromal","Stricture_minus_Non_stricture","Non-stricture","Stricture",0,0,0,0,0,FALSE
"SCP1884","B_cell::Centroblast B","Mesenchymal_stromal","Stricture_minus_Control","Control","Stricture",3,0,0,3,0,FALSE
"SCP1884","B_cell::Centroblast B","Mesenchymal_stromal","Inflamed_minus_Control","Control","Inflamed",3,2,0,3,2,TRUE
"SCP1884","B_cell::Centroblast B","Mesenchymal_stromal","Inflamed_minus_Non_inflamed","Non-inflamed","Inflamed",5,2,0,5,2,TRUE
"SCP1884","B_cell::Centroblast B","Mesenchymal_stromal","Stricture_minus_Inflamed","Inflamed","Stricture",2,0,0,2,0,FALSE
"SCP1884","B_cell::Centroblast B","Myeloid","Stricture_minus_Non_stricture","Non-stricture","Stricture",0,0,0,0,0,FALSE
"SCP1884","B_cell::Centroblast B","Myeloid","Stricture_minus_Control","Control","Stricture",3,0,0,3,0,FALSE
"SCP1884","B_cell::Centroblast B","Myeloid","Inflamed_minus_Control","Control","Inflamed",3,2,0,3,2,TRUE
"SCP1884","B_cell::Centroblast B","Myeloid","Inflamed_minus_Non_inflamed","Non-inflamed","Inflamed",5,2,0,5,2,TRUE
"SCP1884","B_cell::Centroblast B","Myeloid","Stricture_minus_Inflamed","Inflamed","Stricture",2,0,0,2,0,FALSE
"SCP1884","B_cell::Centroblast B","T_NK","Stricture_minus_Non_stricture","Non-stricture","Stricture",0,0,0,0,0,FALSE
"SCP1884","B_cell::Centroblast B","T_NK","Stricture_minus_Control","Control","Stricture",3,0,0,3,0,FALSE
"SCP1884","B_cell::Centroblast B","T_NK","Inflamed_minus_Control","Control","Inflamed",3,2,0,3,2,TRUE
"SCP1884","B_cell::Centroblast B","T_NK","Inflamed_minus_Non_inflamed","Non-inflamed","Inflamed",5,2,0,5,2,TRUE
"SCP1884","B_cell::Centroblast B","T_NK","Stricture_minus_Inflamed","Inflamed","Stricture",2,0,0,2,0,FALSE
"SCP1884","B_cell::Centrocyte B","Endothelial","Stricture_minus_Non_stricture","Non-stricture","Stricture",0,0,0,0,0,FALSE
"SCP1884","B_cell::Centrocyte B","Endothelial","Stricture_minus_Control","Control","Stricture",1,0,0,1,0,FALSE
"SCP1884","B_cell::Centrocyte B","Endothelial","Inflamed_minus_Control","Control","Inflamed",1,1,0,1,1,TRUE
"SCP1884","B_cell::Centrocyte B","Endothelial","Inflamed_minus_Non_inflamed","Non-inflamed","Inflamed",4,1,0,4,1,TRUE
"SCP1884","B_cell::Centrocyte B","Endothelial","Stricture_minus_Inflamed","Inflamed","Stricture",1,0,0,1,0,FALSE
"SCP1884","B_cell::Centrocyte B","Epithelial","Stricture_minus_Non_stricture","Non-stricture","Stricture",0,0,0,0,0,FALSE
"SCP1884","B_cell::Centrocyte B","Epithelial","Stricture_minus_Control","Control","Stricture",1,0,0,1,0,FALSE
"SCP1884","B_cell::Centrocyte B","Epithelial","Inflamed_minus_Control","Control","Inflamed",1,1,0,1,1,TRUE
"SCP1884","B_cell::Centrocyte B","Epithelial","Inflamed_minus_Non_inflamed","Non-inflamed","Inflamed",4,1,0,4,1,TRUE
"SCP1884","B_cell::Centrocyte B","Epithelial","Stricture_minus_Inflamed","Inflamed","Stricture",1,0,0,1,0,FALSE
"SCP1884","B_cell::Centrocyte B","Mast","Stricture_minus_Non_stricture","Non-stricture","Stricture",0,0,0,0,0,FALSE
"SCP1884","B_cell::Centrocyte B","Mast","Stricture_minus_Control","Control","Stricture",1,0,0,1,0,FALSE
"SCP1884","B_cell::Centrocyte B","Mast","Inflamed_minus_Control","Control","Inflamed",1,1,0,1,1,TRUE
"SCP1884","B_cell::Centrocyte B","Mast","Inflamed_minus_Non_inflamed","Non-inflamed","Inflamed",4,1,0,4,1,TRUE
"SCP1884","B_cell::Centrocyte B","Mast","Stricture_minus_Inflamed","Inflamed","Stricture",1,0,0,1,0,FALSE
"SCP1884","B_cell::Centrocyte B","Mesenchymal_stromal","Stricture_minus_Non_stricture","Non-stricture","Stricture",0,0,0,0,0,FALSE
"SCP1884","B_cell::Centrocyte B","Mesenchymal_stromal","Stricture_minus_Control","Control","Stricture",1,0,0,1,0,FALSE
"SCP1884","B_cell::Centrocyte B","Mesenchymal_stromal","Inflamed_minus_Control","Control","Inflamed",1,1,0,1,1,TRUE
"SCP1884","B_cell::Centrocyte B","Mesenchymal_stromal","Inflamed_minus_Non_inflamed","Non-inflamed","Inflamed",4,1,0,4,1,TRUE
"SCP1884","B_cell::Centrocyte B","Mesenchymal_stromal","Stricture_minus_Inflamed","Inflamed","Stricture",1,0,0,1,0,FALSE
"SCP1884","B_cell::Centrocyte B","Myeloid","Stricture_minus_Non_stricture","Non-stricture","Stricture",0,0,0,0,0,FALSE
"SCP1884","B_cell::Centrocyte B","Myeloid","Stricture_minus_Control","Control","Stricture",1,0,0,1,0,FALSE
"SCP1884","B_cell::Centrocyte B","Myeloid","Inflamed_minus_Control","Control","Inflamed",1,1,0,1,1,TRUE
"SCP1884","B_cell::Centrocyte B","Myeloid","Inflamed_minus_Non_inflamed","Non-inflamed","Inflamed",4,1,0,4,1,TRUE
"SCP1884","B_cell::Centrocyte B","Myeloid","Stricture_minus_Inflamed","Inflamed","Stricture",1,0,0,1,0,FALSE
"SCP1884","B_cell::Centrocyte B","T_NK","Stricture_minus_Non_stricture","Non-stricture","Stricture",0,0,0,0,0,FALSE
"SCP1884","B_cell::Centrocyte B","T_NK","Stricture_minus_Control","Control","Stricture",1,0,0,1,0,FALSE
"SCP1884","B_cell::Centrocyte B","T_NK","Inflamed_minus_Control","Control","Inflamed",1,1,0,1,1,TRUE
"SCP1884","B_cell::Centrocyte B","T_NK","Inflamed_minus_Non_inflamed","Non-inflamed","Inflamed",4,1,0,4,1,TRUE
"SCP1884","B_cell::Centrocyte B","T_NK","Stricture_minus_Inflamed","Inflamed","Stricture",1,0,0,1,0,FALSE
"SCP1884","B_cell::DN2","Endothelial","Stricture_minus_Non_stricture","Non-stricture","Stricture",0,0,0,0,0,FALSE
"SCP1884","B_cell::DN2","Endothelial","Stricture_minus_Control","Control","Stricture",2,0,0,2,0,FALSE
"SCP1884","B_cell::DN2","Endothelial","Inflamed_minus_Control","Control","Inflamed",2,2,0,2,2,TRUE
"SCP1884","B_cell::DN2","Endothelial","Inflamed_minus_Non_inflamed","Non-inflamed","Inflamed",8,2,0,8,2,TRUE
"SCP1884","B_cell::DN2","Endothelial","Stricture_minus_Inflamed","Inflamed","Stricture",2,0,0,2,0,FALSE
"SCP1884","B_cell::DN2","Epithelial","Stricture_minus_Non_stricture","Non-stricture","Stricture",0,0,0,0,0,FALSE
"SCP1884","B_cell::DN2","Epithelial","Stricture_minus_Control","Control","Stricture",2,0,0,2,0,FALSE
"SCP1884","B_cell::DN2","Epithelial","Inflamed_minus_Control","Control","Inflamed",2,2,0,2,2,TRUE
"SCP1884","B_cell::DN2","Epithelial","Inflamed_minus_Non_inflamed","Non-inflamed","Inflamed",8,2,0,8,2,TRUE
"SCP1884","B_cell::DN2","Epithelial","Stricture_minus_Inflamed","Inflamed","Stricture",2,0,0,2,0,FALSE
"SCP1884","B_cell::DN2","Mast","Stricture_minus_Non_stricture","Non-stricture","Stricture",0,0,0,0,0,FALSE
"SCP1884","B_cell::DN2","Mast","Stricture_minus_Control","Control","Stricture",1,0,0,1,0,FALSE
"SCP1884","B_cell::DN2","Mast","Inflamed_minus_Control","Control","Inflamed",1,2,0,1,2,TRUE
"SCP1884","B_cell::DN2","Mast","Inflamed_minus_Non_inflamed","Non-inflamed","Inflamed",8,2,0,8,2,TRUE
"SCP1884","B_cell::DN2","Mast","Stricture_minus_Inflamed","Inflamed","Stricture",2,0,0,2,0,FALSE
"SCP1884","B_cell::DN2","Mesenchymal_stromal","Stricture_minus_Non_stricture","Non-stricture","Stricture",0,0,0,0,0,FALSE
"SCP1884","B_cell::DN2","Mesenchymal_stromal","Stricture_minus_Control","Control","Stricture",2,0,0,2,0,FALSE
"SCP1884","B_cell::DN2","Mesenchymal_stromal","Inflamed_minus_Control","Control","Inflamed",2,2,0,2,2,TRUE
"SCP1884","B_cell::DN2","Mesenchymal_stromal","Inflamed_minus_Non_inflamed","Non-inflamed","Inflamed",8,2,0,8,2,TRUE
"SCP1884","B_cell::DN2","Mesenchymal_stromal","Stricture_minus_Inflamed","Inflamed","Stricture",2,0,0,2,0,FALSE
"SCP1884","B_cell::DN2","Myeloid","Stricture_minus_Non_stricture","Non-stricture","Stricture",0,0,0,0,0,FALSE
"SCP1884","B_cell::DN2","Myeloid","Stricture_minus_Control","Control","Stricture",2,0,0,2,0,FALSE
"SCP1884","B_cell::DN2","Myeloid","Inflamed_minus_Control","Control","Inflamed",2,2,0,2,2,TRUE
"SCP1884","B_cell::DN2","Myeloid","Inflamed_minus_Non_inflamed","Non-inflamed","Inflamed",8,2,0,8,2,TRUE
"SCP1884","B_cell::DN2","Myeloid","Stricture_minus_Inflamed","Inflamed","Stricture",2,0,0,2,0,FALSE
"SCP1884","B_cell::DN2","T_NK","Stricture_minus_Non_stricture","Non-stricture","Stricture",0,0,0,0,0,FALSE
"SCP1884","B_cell::DN2","T_NK","Stricture_minus_Control","Control","Stricture",2,0,0,2,0,FALSE
"SCP1884","B_cell::DN2","T_NK","Inflamed_minus_Control","Control","Inflamed",2,2,0,2,2,TRUE
"SCP1884","B_cell::DN2","T_NK","Inflamed_minus_Non_inflamed","Non-inflamed","Inflamed",8,2,0,8,2,TRUE
"SCP1884","B_cell::DN2","T_NK","Stricture_minus_Inflamed","Inflamed","Stricture",2,0,0,2,0,FALSE
"SCP1884","B_cell::IgM-only","Endothelial","Stricture_minus_Non_stricture","Non-stricture","Stricture",0,0,0,0,0,FALSE
"SCP1884","B_cell::IgM-only","Endothelial","Stricture_minus_Control","Control","Stricture",1,0,0,1,0,FALSE
"SCP1884","B_cell::IgM-only","Endothelial","Inflamed_minus_Control","Control","Inflamed",1,2,0,1,2,TRUE
"SCP1884","B_cell::IgM-only","Endothelial","Inflamed_minus_Non_inflamed","Non-inflamed","Inflamed",2,2,0,2,2,TRUE
"SCP1884","B_cell::IgM-only","Endothelial","Stricture_minus_Inflamed","Inflamed","Stricture",2,0,0,2,0,FALSE
"SCP1884","B_cell::IgM-only","Epithelial","Stricture_minus_Non_stricture","Non-stricture","Stricture",0,0,0,0,0,FALSE
"SCP1884","B_cell::IgM-only","Epithelial","Stricture_minus_Control","Control","Stricture",1,0,0,1,0,FALSE
"SCP1884","B_cell::IgM-only","Epithelial","Inflamed_minus_Control","Control","Inflamed",1,2,0,1,2,TRUE
"SCP1884","B_cell::IgM-only","Epithelial","Inflamed_minus_Non_inflamed","Non-inflamed","Inflamed",2,2,0,2,2,TRUE
"SCP1884","B_cell::IgM-only","Epithelial","Stricture_minus_Inflamed","Inflamed","Stricture",2,0,0,2,0,FALSE
"SCP1884","B_cell::IgM-only","Mast","Stricture_minus_Non_stricture","Non-stricture","Stricture",0,0,0,0,0,FALSE
"SCP1884","B_cell::IgM-only","Mast","Stricture_minus_Control","Control","Stricture",1,0,0,1,0,FALSE
"SCP1884","B_cell::IgM-only","Mast","Inflamed_minus_Control","Control","Inflamed",1,2,0,1,2,TRUE
"SCP1884","B_cell::IgM-only","Mast","Inflamed_minus_Non_inflamed","Non-inflamed","Inflamed",2,2,0,2,2,TRUE
"SCP1884","B_cell::IgM-only","Mast","Stricture_minus_Inflamed","Inflamed","Stricture",2,0,0,2,0,FALSE
"SCP1884","B_cell::IgM-only","Mesenchymal_stromal","Stricture_minus_Non_stricture","Non-stricture","Stricture",0,0,0,0,0,FALSE
"SCP1884","B_cell::IgM-only","Mesenchymal_stromal","Stricture_minus_Control","Control","Stricture",1,0,0,1,0,FALSE
"SCP1884","B_cell::IgM-only","Mesenchymal_stromal","Inflamed_minus_Control","Control","Inflamed",1,2,0,1,2,TRUE
"SCP1884","B_cell::IgM-only","Mesenchymal_stromal","Inflamed_minus_Non_inflamed","Non-inflamed","Inflamed",2,2,0,2,2,TRUE
"SCP1884","B_cell::IgM-only","Mesenchymal_stromal","Stricture_minus_Inflamed","Inflamed","Stricture",2,0,0,2,0,FALSE
"SCP1884","B_cell::IgM-only","Myeloid","Stricture_minus_Non_stricture","Non-stricture","Stricture",0,0,0,0,0,FALSE
"SCP1884","B_cell::IgM-only","Myeloid","Stricture_minus_Control","Control","Stricture",1,0,0,1,0,FALSE
"SCP1884","B_cell::IgM-only","Myeloid","Inflamed_minus_Control","Control","Inflamed",1,2,0,1,2,TRUE
"SCP1884","B_cell::IgM-only","Myeloid","Inflamed_minus_Non_inflamed","Non-inflamed","Inflamed",2,2,0,2,2,TRUE
"SCP1884","B_cell::IgM-only","Myeloid","Stricture_minus_Inflamed","Inflamed","Stricture",2,0,0,2,0,FALSE
"SCP1884","B_cell::IgM-only","T_NK","Stricture_minus_Non_stricture","Non-stricture","Stricture",0,0,0,0,0,FALSE
"SCP1884","B_cell::IgM-only","T_NK","Stricture_minus_Control","Control","Stricture",1,0,0,1,0,FALSE
"SCP1884","B_cell::IgM-only","T_NK","Inflamed_minus_Control","Control","Inflamed",1,2,0,1,2,TRUE
"SCP1884","B_cell::IgM-only","T_NK","Inflamed_minus_Non_inflamed","Non-inflamed","Inflamed",2,2,0,2,2,TRUE
"SCP1884","B_cell::IgM-only","T_NK","Stricture_minus_Inflamed","Inflamed","Stricture",2,0,0,2,0,FALSE
"SCP1884","B_cell::MZ","Endothelial","Stricture_minus_Non_stricture","Non-stricture","Stricture",0,0,0,0,0,FALSE
"SCP1884","B_cell::MZ","Endothelial","Stricture_minus_Control","Control","Stricture",1,0,0,1,0,FALSE
"SCP1884","B_cell::MZ","Endothelial","Inflamed_minus_Control","Control","Inflamed",1,1,0,1,1,TRUE
"SCP1884","B_cell::MZ","Endothelial","Inflamed_minus_Non_inflamed","Non-inflamed","Inflamed",4,1,0,4,1,TRUE
"SCP1884","B_cell::MZ","Endothelial","Stricture_minus_Inflamed","Inflamed","Stricture",1,0,0,1,0,FALSE
"SCP1884","B_cell::MZ","Epithelial","Stricture_minus_Non_stricture","Non-stricture","Stricture",0,0,0,0,0,FALSE
"SCP1884","B_cell::MZ","Epithelial","Stricture_minus_Control","Control","Stricture",1,0,0,1,0,FALSE
"SCP1884","B_cell::MZ","Epithelial","Inflamed_minus_Control","Control","Inflamed",1,1,0,1,1,TRUE
"SCP1884","B_cell::MZ","Epithelial","Inflamed_minus_Non_inflamed","Non-inflamed","Inflamed",4,1,0,4,1,TRUE
"SCP1884","B_cell::MZ","Epithelial","Stricture_minus_Inflamed","Inflamed","Stricture",1,0,0,1,0,FALSE
"SCP1884","B_cell::MZ","Mast","Stricture_minus_Non_stricture","Non-stricture","Stricture",0,0,0,0,0,FALSE
"SCP1884","B_cell::MZ","Mast","Stricture_minus_Control","Control","Stricture",1,0,0,1,0,FALSE
"SCP1884","B_cell::MZ","Mast","Inflamed_minus_Control","Control","Inflamed",1,1,0,1,1,TRUE
"SCP1884","B_cell::MZ","Mast","Inflamed_minus_Non_inflamed","Non-inflamed","Inflamed",4,1,0,4,1,TRUE
"SCP1884","B_cell::MZ","Mast","Stricture_minus_Inflamed","Inflamed","Stricture",1,0,0,1,0,FALSE
"SCP1884","B_cell::MZ","Mesenchymal_stromal","Stricture_minus_Non_stricture","Non-stricture","Stricture",0,0,0,0,0,FALSE
"SCP1884","B_cell::MZ","Mesenchymal_stromal","Stricture_minus_Control","Control","Stricture",1,0,0,1,0,FALSE
"SCP1884","B_cell::MZ","Mesenchymal_stromal","Inflamed_minus_Control","Control","Inflamed",1,1,0,1,1,TRUE
"SCP1884","B_cell::MZ","Mesenchymal_stromal","Inflamed_minus_Non_inflamed","Non-inflamed","Inflamed",4,1,0,4,1,TRUE
"SCP1884","B_cell::MZ","Mesenchymal_stromal","Stricture_minus_Inflamed","Inflamed","Stricture",1,0,0,1,0,FALSE
"SCP1884","B_cell::MZ","Myeloid","Stricture_minus_Non_stricture","Non-stricture","Stricture",0,0,0,0,0,FALSE
"SCP1884","B_cell::MZ","Myeloid","Stricture_minus_Control","Control","Stricture",1,0,0,1,0,FALSE
"SCP1884","B_cell::MZ","Myeloid","Inflamed_minus_Control","Control","Inflamed",1,1,0,1,1,TRUE
"SCP1884","B_cell::MZ","Myeloid","Inflamed_minus_Non_inflamed","Non-inflamed","Inflamed",4,1,0,4,1,TRUE
"SCP1884","B_cell::MZ","Myeloid","Stricture_minus_Inflamed","Inflamed","Stricture",1,0,0,1,0,FALSE
"SCP1884","B_cell::MZ","T_NK","Stricture_minus_Non_stricture","Non-stricture","Stricture",0,0,0,0,0,FALSE
"SCP1884","B_cell::MZ","T_NK","Stricture_minus_Control","Control","Stricture",1,0,0,1,0,FALSE
"SCP1884","B_cell::MZ","T_NK","Inflamed_minus_Control","Control","Inflamed",1,1,0,1,1,TRUE
"SCP1884","B_cell::MZ","T_NK","Inflamed_minus_Non_inflamed","Non-inflamed","Inflamed",4,1,0,4,1,TRUE
"SCP1884","B_cell::MZ","T_NK","Stricture_minus_Inflamed","Inflamed","Stricture",1,0,0,1,0,FALSE
"SCP1884","B_cell::Naïve B","Endothelial","Stricture_minus_Non_stricture","Non-stricture","Stricture",0,0,0,0,0,FALSE
"SCP1884","B_cell::Naïve B","Endothelial","Stricture_minus_Control","Control","Stricture",4,0,0,4,0,FALSE
"SCP1884","B_cell::Naïve B","Endothelial","Inflamed_minus_Control","Control","Inflamed",4,3,0,4,3,TRUE
"SCP1884","B_cell::Naïve B","Endothelial","Inflamed_minus_Non_inflamed","Non-inflamed","Inflamed",10,3,0,10,3,TRUE
"SCP1884","B_cell::Naïve B","Endothelial","Stricture_minus_Inflamed","Inflamed","Stricture",3,0,0,3,0,FALSE
"SCP1884","B_cell::Naïve B","Epithelial","Stricture_minus_Non_stricture","Non-stricture","Stricture",0,0,0,0,0,FALSE
"SCP1884","B_cell::Naïve B","Epithelial","Stricture_minus_Control","Control","Stricture",5,0,0,5,0,FALSE
"SCP1884","B_cell::Naïve B","Epithelial","Inflamed_minus_Control","Control","Inflamed",5,3,0,5,3,TRUE
"SCP1884","B_cell::Naïve B","Epithelial","Inflamed_minus_Non_inflamed","Non-inflamed","Inflamed",10,3,0,10,3,TRUE
"SCP1884","B_cell::Naïve B","Epithelial","Stricture_minus_Inflamed","Inflamed","Stricture",3,0,0,3,0,FALSE
"SCP1884","B_cell::Naïve B","Mast","Stricture_minus_Non_stricture","Non-stricture","Stricture",0,0,0,0,0,FALSE
"SCP1884","B_cell::Naïve B","Mast","Stricture_minus_Control","Control","Stricture",3,0,0,3,0,FALSE
"SCP1884","B_cell::Naïve B","Mast","Inflamed_minus_Control","Control","Inflamed",3,3,0,3,3,TRUE
"SCP1884","B_cell::Naïve B","Mast","Inflamed_minus_Non_inflamed","Non-inflamed","Inflamed",9,3,0,9,3,TRUE
"SCP1884","B_cell::Naïve B","Mast","Stricture_minus_Inflamed","Inflamed","Stricture",3,0,0,3,0,FALSE
"SCP1884","B_cell::Naïve B","Mesenchymal_stromal","Stricture_minus_Non_stricture","Non-stricture","Stricture",0,0,0,0,0,FALSE
"SCP1884","B_cell::Naïve B","Mesenchymal_stromal","Stricture_minus_Control","Control","Stricture",4,0,0,4,0,FALSE
"SCP1884","B_cell::Naïve B","Mesenchymal_stromal","Inflamed_minus_Control","Control","Inflamed",4,3,0,4,3,TRUE
"SCP1884","B_cell::Naïve B","Mesenchymal_stromal","Inflamed_minus_Non_inflamed","Non-inflamed","Inflamed",10,3,0,10,3,TRUE
"SCP1884","B_cell::Naïve B","Mesenchymal_stromal","Stricture_minus_Inflamed","Inflamed","Stricture",3,0,0,3,0,FALSE
"SCP1884","B_cell::Naïve B","Myeloid","Stricture_minus_Non_stricture","Non-stricture","Stricture",0,0,0,0,0,FALSE
"SCP1884","B_cell::Naïve B","Myeloid","Stricture_minus_Control","Control","Stricture",5,0,0,5,0,FALSE
"SCP1884","B_cell::Naïve B","Myeloid","Inflamed_minus_Control","Control","Inflamed",5,3,0,5,3,TRUE
"SCP1884","B_cell::Naïve B","Myeloid","Inflamed_minus_Non_inflamed","Non-inflamed","Inflamed",10,3,0,10,3,TRUE
"SCP1884","B_cell::Naïve B","Myeloid","Stricture_minus_Inflamed","Inflamed","Stricture",3,0,0,3,0,FALSE
"SCP1884","B_cell::Naïve B","T_NK","Stricture_minus_Non_stricture","Non-stricture","Stricture",0,0,0,0,0,FALSE
"SCP1884","B_cell::Naïve B","T_NK","Stricture_minus_Control","Control","Stricture",5,0,0,5,0,FALSE
"SCP1884","B_cell::Naïve B","T_NK","Inflamed_minus_Control","Control","Inflamed",5,3,0,5,3,TRUE
"SCP1884","B_cell::Naïve B","T_NK","Inflamed_minus_Non_inflamed","Non-inflamed","Inflamed",10,3,0,10,3,TRUE
"SCP1884","B_cell::Naïve B","T_NK","Stricture_minus_Inflamed","Inflamed","Stricture",3,0,0,3,0,FALSE
"SCP1884","Plasma::Activated plasma","Endothelial","Stricture_minus_Non_stricture","Non-stricture","Stricture",0,0,0,0,0,FALSE
"SCP1884","Plasma::Activated plasma","Endothelial","Stricture_minus_Control","Control","Stricture",4,0,0,4,0,FALSE
"SCP1884","Plasma::Activated plasma","Endothelial","Inflamed_minus_Control","Control","Inflamed",4,7,0,4,7,TRUE
"SCP1884","Plasma::Activated plasma","Endothelial","Inflamed_minus_Non_inflamed","Non-inflamed","Inflamed",23,7,3,20,4,TRUE
"SCP1884","Plasma::Activated plasma","Endothelial","Stricture_minus_Inflamed","Inflamed","Stricture",7,0,0,7,0,FALSE
"SCP1884","Plasma::Activated plasma","Epithelial","Stricture_minus_Non_stricture","Non-stricture","Stricture",0,0,0,0,0,FALSE
"SCP1884","Plasma::Activated plasma","Epithelial","Stricture_minus_Control","Control","Stricture",6,0,0,6,0,FALSE
"SCP1884","Plasma::Activated plasma","Epithelial","Inflamed_minus_Control","Control","Inflamed",6,7,0,6,7,TRUE
"SCP1884","Plasma::Activated plasma","Epithelial","Inflamed_minus_Non_inflamed","Non-inflamed","Inflamed",23,7,3,20,4,TRUE
"SCP1884","Plasma::Activated plasma","Epithelial","Stricture_minus_Inflamed","Inflamed","Stricture",7,0,0,7,0,FALSE
"SCP1884","Plasma::Activated plasma","Mast","Stricture_minus_Non_stricture","Non-stricture","Stricture",0,0,0,0,0,FALSE
"SCP1884","Plasma::Activated plasma","Mast","Stricture_minus_Control","Control","Stricture",4,0,0,4,0,FALSE
"SCP1884","Plasma::Activated plasma","Mast","Inflamed_minus_Control","Control","Inflamed",4,8,0,4,8,TRUE
"SCP1884","Plasma::Activated plasma","Mast","Inflamed_minus_Non_inflamed","Non-inflamed","Inflamed",21,8,3,18,5,TRUE
"SCP1884","Plasma::Activated plasma","Mast","Stricture_minus_Inflamed","Inflamed","Stricture",8,0,0,8,0,FALSE
"SCP1884","Plasma::Activated plasma","Mesenchymal_stromal","Stricture_minus_Non_stricture","Non-stricture","Stricture",0,0,0,0,0,FALSE
"SCP1884","Plasma::Activated plasma","Mesenchymal_stromal","Stricture_minus_Control","Control","Stricture",5,0,0,5,0,FALSE
"SCP1884","Plasma::Activated plasma","Mesenchymal_stromal","Inflamed_minus_Control","Control","Inflamed",5,8,0,5,8,TRUE
"SCP1884","Plasma::Activated plasma","Mesenchymal_stromal","Inflamed_minus_Non_inflamed","Non-inflamed","Inflamed",23,8,3,20,5,TRUE
"SCP1884","Plasma::Activated plasma","Mesenchymal_stromal","Stricture_minus_Inflamed","Inflamed","Stricture",8,0,0,8,0,FALSE
"SCP1884","Plasma::Activated plasma","Myeloid","Stricture_minus_Non_stricture","Non-stricture","Stricture",0,0,0,0,0,FALSE
"SCP1884","Plasma::Activated plasma","Myeloid","Stricture_minus_Control","Control","Stricture",6,0,0,6,0,FALSE
"SCP1884","Plasma::Activated plasma","Myeloid","Inflamed_minus_Control","Control","Inflamed",6,8,0,6,8,TRUE
"SCP1884","Plasma::Activated plasma","Myeloid","Inflamed_minus_Non_inflamed","Non-inflamed","Inflamed",23,8,3,20,5,TRUE
"SCP1884","Plasma::Activated plasma","Myeloid","Stricture_minus_Inflamed","Inflamed","Stricture",8,0,0,8,0,FALSE
"SCP1884","Plasma::Activated plasma","T_NK","Stricture_minus_Non_stricture","Non-stricture","Stricture",0,0,0,0,0,FALSE
"SCP1884","Plasma::Activated plasma","T_NK","Stricture_minus_Control","Control","Stricture",6,0,0,6,0,FALSE
"SCP1884","Plasma::Activated plasma","T_NK","Inflamed_minus_Control","Control","Inflamed",6,8,0,6,8,TRUE
"SCP1884","Plasma::Activated plasma","T_NK","Inflamed_minus_Non_inflamed","Non-inflamed","Inflamed",23,8,3,20,5,TRUE
"SCP1884","Plasma::Activated plasma","T_NK","Stricture_minus_Inflamed","Inflamed","Stricture",8,0,0,8,0,FALSE
"SCP1884","Plasma::IgA plasma","Endothelial","Stricture_minus_Non_stricture","Non-stricture","Stricture",0,0,0,0,0,FALSE
"SCP1884","Plasma::IgA plasma","Endothelial","Stricture_minus_Control","Control","Stricture",4,0,0,4,0,FALSE
"SCP1884","Plasma::IgA plasma","Endothelial","Inflamed_minus_Control","Control","Inflamed",4,8,0,4,8,TRUE
"SCP1884","Plasma::IgA plasma","Endothelial","Inflamed_minus_Non_inflamed","Non-inflamed","Inflamed",22,8,5,17,3,TRUE
"SCP1884","Plasma::IgA plasma","Endothelial","Stricture_minus_Inflamed","Inflamed","Stricture",8,0,0,8,0,FALSE
"SCP1884","Plasma::IgA plasma","Epithelial","Stricture_minus_Non_stricture","Non-stricture","Stricture",0,0,0,0,0,FALSE
"SCP1884","Plasma::IgA plasma","Epithelial","Stricture_minus_Control","Control","Stricture",5,0,0,5,0,FALSE
"SCP1884","Plasma::IgA plasma","Epithelial","Inflamed_minus_Control","Control","Inflamed",5,9,0,5,9,TRUE
"SCP1884","Plasma::IgA plasma","Epithelial","Inflamed_minus_Non_inflamed","Non-inflamed","Inflamed",22,9,5,17,4,TRUE
"SCP1884","Plasma::IgA plasma","Epithelial","Stricture_minus_Inflamed","Inflamed","Stricture",9,0,0,9,0,FALSE
"SCP1884","Plasma::IgA plasma","Mast","Stricture_minus_Non_stricture","Non-stricture","Stricture",0,0,0,0,0,FALSE
"SCP1884","Plasma::IgA plasma","Mast","Stricture_minus_Control","Control","Stricture",3,0,0,3,0,FALSE
"SCP1884","Plasma::IgA plasma","Mast","Inflamed_minus_Control","Control","Inflamed",3,7,0,3,7,TRUE
"SCP1884","Plasma::IgA plasma","Mast","Inflamed_minus_Non_inflamed","Non-inflamed","Inflamed",18,7,3,15,4,TRUE
"SCP1884","Plasma::IgA plasma","Mast","Stricture_minus_Inflamed","Inflamed","Stricture",7,0,0,7,0,FALSE
"SCP1884","Plasma::IgA plasma","Mesenchymal_stromal","Stricture_minus_Non_stricture","Non-stricture","Stricture",0,0,0,0,0,FALSE
"SCP1884","Plasma::IgA plasma","Mesenchymal_stromal","Stricture_minus_Control","Control","Stricture",5,0,0,5,0,FALSE
"SCP1884","Plasma::IgA plasma","Mesenchymal_stromal","Inflamed_minus_Control","Control","Inflamed",5,10,0,5,10,TRUE
"SCP1884","Plasma::IgA plasma","Mesenchymal_stromal","Inflamed_minus_Non_inflamed","Non-inflamed","Inflamed",22,10,5,17,5,TRUE
"SCP1884","Plasma::IgA plasma","Mesenchymal_stromal","Stricture_minus_Inflamed","Inflamed","Stricture",10,0,0,10,0,FALSE
"SCP1884","Plasma::IgA plasma","Myeloid","Stricture_minus_Non_stricture","Non-stricture","Stricture",0,0,0,0,0,FALSE
"SCP1884","Plasma::IgA plasma","Myeloid","Stricture_minus_Control","Control","Stricture",5,0,0,5,0,FALSE
"SCP1884","Plasma::IgA plasma","Myeloid","Inflamed_minus_Control","Control","Inflamed",5,10,0,5,10,TRUE
"SCP1884","Plasma::IgA plasma","Myeloid","Inflamed_minus_Non_inflamed","Non-inflamed","Inflamed",22,10,5,17,5,TRUE
"SCP1884","Plasma::IgA plasma","Myeloid","Stricture_minus_Inflamed","Inflamed","Stricture",10,0,0,10,0,FALSE
"SCP1884","Plasma::IgA plasma","T_NK","Stricture_minus_Non_stricture","Non-stricture","Stricture",0,0,0,0,0,FALSE
"SCP1884","Plasma::IgA plasma","T_NK","Stricture_minus_Control","Control","Stricture",5,0,0,5,0,FALSE
"SCP1884","Plasma::IgA plasma","T_NK","Inflamed_minus_Control","Control","Inflamed",5,10,0,5,10,TRUE
"SCP1884","Plasma::IgA plasma","T_NK","Inflamed_minus_Non_inflamed","Non-inflamed","Inflamed",22,10,5,17,5,TRUE
"SCP1884","Plasma::IgA plasma","T_NK","Stricture_minus_Inflamed","Inflamed","Stricture",10,0,0,10,0,FALSE
"SCP1884","Plasma::IgG plasma","Endothelial","Stricture_minus_Non_stricture","Non-stricture","Stricture",0,0,0,0,0,FALSE
"SCP1884","Plasma::IgG plasma","Endothelial","Stricture_minus_Control","Control","Stricture",0,0,0,0,0,FALSE
"SCP1884","Plasma::IgG plasma","Endothelial","Inflamed_minus_Control","Control","Inflamed",0,2,0,0,2,FALSE
"SCP1884","Plasma::IgG plasma","Endothelial","Inflamed_minus_Non_inflamed","Non-inflamed","Inflamed",3,2,0,3,2,TRUE
"SCP1884","Plasma::IgG plasma","Endothelial","Stricture_minus_Inflamed","Inflamed","Stricture",2,0,0,2,0,FALSE
"SCP1884","Plasma::IgG plasma","Epithelial","Stricture_minus_Non_stricture","Non-stricture","Stricture",0,0,0,0,0,FALSE
"SCP1884","Plasma::IgG plasma","Epithelial","Stricture_minus_Control","Control","Stricture",0,0,0,0,0,FALSE
"SCP1884","Plasma::IgG plasma","Epithelial","Inflamed_minus_Control","Control","Inflamed",0,2,0,0,2,FALSE
"SCP1884","Plasma::IgG plasma","Epithelial","Inflamed_minus_Non_inflamed","Non-inflamed","Inflamed",3,2,0,3,2,TRUE
"SCP1884","Plasma::IgG plasma","Epithelial","Stricture_minus_Inflamed","Inflamed","Stricture",2,0,0,2,0,FALSE
"SCP1884","Plasma::IgG plasma","Mast","Stricture_minus_Non_stricture","Non-stricture","Stricture",0,0,0,0,0,FALSE
"SCP1884","Plasma::IgG plasma","Mast","Stricture_minus_Control","Control","Stricture",0,0,0,0,0,FALSE
"SCP1884","Plasma::IgG plasma","Mast","Inflamed_minus_Control","Control","Inflamed",0,2,0,0,2,FALSE
"SCP1884","Plasma::IgG plasma","Mast","Inflamed_minus_Non_inflamed","Non-inflamed","Inflamed",3,2,0,3,2,TRUE
"SCP1884","Plasma::IgG plasma","Mast","Stricture_minus_Inflamed","Inflamed","Stricture",2,0,0,2,0,FALSE
"SCP1884","Plasma::IgG plasma","Mesenchymal_stromal","Stricture_minus_Non_stricture","Non-stricture","Stricture",0,0,0,0,0,FALSE
"SCP1884","Plasma::IgG plasma","Mesenchymal_stromal","Stricture_minus_Control","Control","Stricture",0,0,0,0,0,FALSE
"SCP1884","Plasma::IgG plasma","Mesenchymal_stromal","Inflamed_minus_Control","Control","Inflamed",0,2,0,0,2,FALSE
"SCP1884","Plasma::IgG plasma","Mesenchymal_stromal","Inflamed_minus_Non_inflamed","Non-inflamed","Inflamed",3,2,0,3,2,TRUE
"SCP1884","Plasma::IgG plasma","Mesenchymal_stromal","Stricture_minus_Inflamed","Inflamed","Stricture",2,0,0,2,0,FALSE
"SCP1884","Plasma::IgG plasma","Myeloid","Stricture_minus_Non_stricture","Non-stricture","Stricture",0,0,0,0,0,FALSE
"SCP1884","Plasma::IgG plasma","Myeloid","Stricture_minus_Control","Control","Stricture",0,0,0,0,0,FALSE
"SCP1884","Plasma::IgG plasma","Myeloid","Inflamed_minus_Control","Control","Inflamed",0,2,0,0,2,FALSE
"SCP1884","Plasma::IgG plasma","Myeloid","Inflamed_minus_Non_inflamed","Non-inflamed","Inflamed",3,2,0,3,2,TRUE
"SCP1884","Plasma::IgG plasma","Myeloid","Stricture_minus_Inflamed","Inflamed","Stricture",2,0,0,2,0,FALSE
"SCP1884","Plasma::IgG plasma","T_NK","Stricture_minus_Non_stricture","Non-stricture","Stricture",0,0,0,0,0,FALSE
"SCP1884","Plasma::IgG plasma","T_NK","Stricture_minus_Control","Control","Stricture",0,0,0,0,0,FALSE
"SCP1884","Plasma::IgG plasma","T_NK","Inflamed_minus_Control","Control","Inflamed",0,2,0,0,2,FALSE
"SCP1884","Plasma::IgG plasma","T_NK","Inflamed_minus_Non_inflamed","Non-inflamed","Inflamed",3,2,0,3,2,TRUE
"SCP1884","Plasma::IgG plasma","T_NK","Stricture_minus_Inflamed","Inflamed","Stricture",2,0,0,2,0,FALSE
"SCP1884","Plasma::Transitional B","Endothelial","Stricture_minus_Non_stricture","Non-stricture","Stricture",0,0,0,0,0,FALSE
"SCP1884","Plasma::Transitional B","Endothelial","Stricture_minus_Control","Control","Stricture",0,0,0,0,0,FALSE
"SCP1884","Plasma::Transitional B","Endothelial","Inflamed_minus_Control","Control","Inflamed",0,0,0,0,0,FALSE
"SCP1884","Plasma::Transitional B","Endothelial","Inflamed_minus_Non_inflamed","Non-inflamed","Inflamed",2,0,0,2,0,FALSE
"SCP1884","Plasma::Transitional B","Endothelial","Stricture_minus_Inflamed","Inflamed","Stricture",0,0,0,0,0,FALSE
"SCP1884","Plasma::Transitional B","Epithelial","Stricture_minus_Non_stricture","Non-stricture","Stricture",0,0,0,0,0,FALSE
"SCP1884","Plasma::Transitional B","Epithelial","Stricture_minus_Control","Control","Stricture",0,0,0,0,0,FALSE
"SCP1884","Plasma::Transitional B","Epithelial","Inflamed_minus_Control","Control","Inflamed",0,0,0,0,0,FALSE
"SCP1884","Plasma::Transitional B","Epithelial","Inflamed_minus_Non_inflamed","Non-inflamed","Inflamed",2,0,0,2,0,FALSE
"SCP1884","Plasma::Transitional B","Epithelial","Stricture_minus_Inflamed","Inflamed","Stricture",0,0,0,0,0,FALSE
"SCP1884","Plasma::Transitional B","Mast","Stricture_minus_Non_stricture","Non-stricture","Stricture",0,0,0,0,0,FALSE
"SCP1884","Plasma::Transitional B","Mast","Stricture_minus_Control","Control","Stricture",0,0,0,0,0,FALSE
"SCP1884","Plasma::Transitional B","Mast","Inflamed_minus_Control","Control","Inflamed",0,0,0,0,0,FALSE
"SCP1884","Plasma::Transitional B","Mast","Inflamed_minus_Non_inflamed","Non-inflamed","Inflamed",2,0,0,2,0,FALSE
"SCP1884","Plasma::Transitional B","Mast","Stricture_minus_Inflamed","Inflamed","Stricture",0,0,0,0,0,FALSE
"SCP1884","Plasma::Transitional B","Mesenchymal_stromal","Stricture_minus_Non_stricture","Non-stricture","Stricture",0,0,0,0,0,FALSE
"SCP1884","Plasma::Transitional B","Mesenchymal_stromal","Stricture_minus_Control","Control","Stricture",0,0,0,0,0,FALSE
"SCP1884","Plasma::Transitional B","Mesenchymal_stromal","Inflamed_minus_Control","Control","Inflamed",0,0,0,0,0,FALSE
"SCP1884","Plasma::Transitional B","Mesenchymal_stromal","Inflamed_minus_Non_inflamed","Non-inflamed","Inflamed",2,0,0,2,0,FALSE
"SCP1884","Plasma::Transitional B","Mesenchymal_stromal","Stricture_minus_Inflamed","Inflamed","Stricture",0,0,0,0,0,FALSE
"SCP1884","Plasma::Transitional B","Myeloid","Stricture_minus_Non_stricture","Non-stricture","Stricture",0,0,0,0,0,FALSE
"SCP1884","Plasma::Transitional B","Myeloid","Stricture_minus_Control","Control","Stricture",0,0,0,0,0,FALSE
"SCP1884","Plasma::Transitional B","Myeloid","Inflamed_minus_Control","Control","Inflamed",0,0,0,0,0,FALSE
"SCP1884","Plasma::Transitional B","Myeloid","Inflamed_minus_Non_inflamed","Non-inflamed","Inflamed",2,0,0,2,0,FALSE
"SCP1884","Plasma::Transitional B","Myeloid","Stricture_minus_Inflamed","Inflamed","Stricture",0,0,0,0,0,FALSE
"SCP1884","Plasma::Transitional B","T_NK","Stricture_minus_Non_stricture","Non-stricture","Stricture",0,0,0,0,0,FALSE
"SCP1884","Plasma::Transitional B","T_NK","Stricture_minus_Control","Control","Stricture",0,0,0,0,0,FALSE
"SCP1884","Plasma::Transitional B","T_NK","Inflamed_minus_Control","Control","Inflamed",0,0,0,0,0,FALSE
"SCP1884","Plasma::Transitional B","T_NK","Inflamed_minus_Non_inflamed","Non-inflamed","Inflamed",2,0,0,2,0,FALSE
"SCP1884","Plasma::Transitional B","T_NK","Stricture_minus_Inflamed","Inflamed","Stricture",0,0,0,0,0,FALSE
"SCP1884","Endothelial","B_cell::ActB3","Stricture_minus_Non_stricture","Non-stricture","Stricture",0,0,0,0,0,FALSE
"SCP1884","Endothelial","B_cell::ActB3","Stricture_minus_Control","Control","Stricture",0,0,0,0,0,FALSE
"SCP1884","Endothelial","B_cell::ActB3","Inflamed_minus_Control","Control","Inflamed",0,0,0,0,0,FALSE
"SCP1884","Endothelial","B_cell::ActB3","Inflamed_minus_Non_inflamed","Non-inflamed","Inflamed",4,0,0,4,0,FALSE
"SCP1884","Endothelial","B_cell::ActB3","Stricture_minus_Inflamed","Inflamed","Stricture",0,0,0,0,0,FALSE
"SCP1884","Endothelial","B_cell::CSM","Stricture_minus_Non_stricture","Non-stricture","Stricture",0,0,0,0,0,FALSE
"SCP1884","Endothelial","B_cell::CSM","Stricture_minus_Control","Control","Stricture",5,0,0,5,0,FALSE
"SCP1884","Endothelial","B_cell::CSM","Inflamed_minus_Control","Control","Inflamed",5,5,0,5,5,TRUE
"SCP1884","Endothelial","B_cell::CSM","Inflamed_minus_Non_inflamed","Non-inflamed","Inflamed",20,5,1,19,4,TRUE
"SCP1884","Endothelial","B_cell::CSM","Stricture_minus_Inflamed","Inflamed","Stricture",5,0,0,5,0,FALSE
"SCP1884","Endothelial","B_cell::Centroblast B","Stricture_minus_Non_stricture","Non-stricture","Stricture",0,0,0,0,0,FALSE
"SCP1884","Endothelial","B_cell::Centroblast B","Stricture_minus_Control","Control","Stricture",3,0,0,3,0,FALSE
"SCP1884","Endothelial","B_cell::Centroblast B","Inflamed_minus_Control","Control","Inflamed",3,2,0,3,2,TRUE
"SCP1884","Endothelial","B_cell::Centroblast B","Inflamed_minus_Non_inflamed","Non-inflamed","Inflamed",5,2,0,5,2,TRUE
"SCP1884","Endothelial","B_cell::Centroblast B","Stricture_minus_Inflamed","Inflamed","Stricture",2,0,0,2,0,FALSE
"SCP1884","Endothelial","B_cell::Centrocyte B","Stricture_minus_Non_stricture","Non-stricture","Stricture",0,0,0,0,0,FALSE
"SCP1884","Endothelial","B_cell::Centrocyte B","Stricture_minus_Control","Control","Stricture",1,0,0,1,0,FALSE
"SCP1884","Endothelial","B_cell::Centrocyte B","Inflamed_minus_Control","Control","Inflamed",1,1,0,1,1,TRUE
"SCP1884","Endothelial","B_cell::Centrocyte B","Inflamed_minus_Non_inflamed","Non-inflamed","Inflamed",4,1,0,4,1,TRUE
"SCP1884","Endothelial","B_cell::Centrocyte B","Stricture_minus_Inflamed","Inflamed","Stricture",1,0,0,1,0,FALSE
"SCP1884","Endothelial","B_cell::DN2","Stricture_minus_Non_stricture","Non-stricture","Stricture",0,0,0,0,0,FALSE
"SCP1884","Endothelial","B_cell::DN2","Stricture_minus_Control","Control","Stricture",2,0,0,2,0,FALSE
"SCP1884","Endothelial","B_cell::DN2","Inflamed_minus_Control","Control","Inflamed",2,2,0,2,2,TRUE
"SCP1884","Endothelial","B_cell::DN2","Inflamed_minus_Non_inflamed","Non-inflamed","Inflamed",8,2,0,8,2,TRUE
"SCP1884","Endothelial","B_cell::DN2","Stricture_minus_Inflamed","Inflamed","Stricture",2,0,0,2,0,FALSE
"SCP1884","Endothelial","B_cell::IgM-only","Stricture_minus_Non_stricture","Non-stricture","Stricture",0,0,0,0,0,FALSE
"SCP1884","Endothelial","B_cell::IgM-only","Stricture_minus_Control","Control","Stricture",1,0,0,1,0,FALSE
"SCP1884","Endothelial","B_cell::IgM-only","Inflamed_minus_Control","Control","Inflamed",1,2,0,1,2,TRUE
"SCP1884","Endothelial","B_cell::IgM-only","Inflamed_minus_Non_inflamed","Non-inflamed","Inflamed",2,2,0,2,2,TRUE
"SCP1884","Endothelial","B_cell::IgM-only","Stricture_minus_Inflamed","Inflamed","Stricture",2,0,0,2,0,FALSE
"SCP1884","Endothelial","B_cell::MZ","Stricture_minus_Non_stricture","Non-stricture","Stricture",0,0,0,0,0,FALSE
"SCP1884","Endothelial","B_cell::MZ","Stricture_minus_Control","Control","Stricture",1,0,0,1,0,FALSE
"SCP1884","Endothelial","B_cell::MZ","Inflamed_minus_Control","Control","Inflamed",1,1,0,1,1,TRUE
"SCP1884","Endothelial","B_cell::MZ","Inflamed_minus_Non_inflamed","Non-inflamed","Inflamed",4,1,0,4,1,TRUE
"SCP1884","Endothelial","B_cell::MZ","Stricture_minus_Inflamed","Inflamed","Stricture",1,0,0,1,0,FALSE
"SCP1884","Endothelial","B_cell::Naïve B","Stricture_minus_Non_stricture","Non-stricture","Stricture",0,0,0,0,0,FALSE
"SCP1884","Endothelial","B_cell::Naïve B","Stricture_minus_Control","Control","Stricture",4,0,0,4,0,FALSE
"SCP1884","Endothelial","B_cell::Naïve B","Inflamed_minus_Control","Control","Inflamed",4,3,0,4,3,TRUE
"SCP1884","Endothelial","B_cell::Naïve B","Inflamed_minus_Non_inflamed","Non-inflamed","Inflamed",10,3,0,10,3,TRUE
"SCP1884","Endothelial","B_cell::Naïve B","Stricture_minus_Inflamed","Inflamed","Stricture",3,0,0,3,0,FALSE
"SCP1884","Endothelial","Plasma::Activated plasma","Stricture_minus_Non_stricture","Non-stricture","Stricture",0,0,0,0,0,FALSE
"SCP1884","Endothelial","Plasma::Activated plasma","Stricture_minus_Control","Control","Stricture",4,0,0,4,0,FALSE
"SCP1884","Endothelial","Plasma::Activated plasma","Inflamed_minus_Control","Control","Inflamed",4,7,0,4,7,TRUE
"SCP1884","Endothelial","Plasma::Activated plasma","Inflamed_minus_Non_inflamed","Non-inflamed","Inflamed",23,7,3,20,4,TRUE
"SCP1884","Endothelial","Plasma::Activated plasma","Stricture_minus_Inflamed","Inflamed","Stricture",7,0,0,7,0,FALSE
"SCP1884","Endothelial","Plasma::IgA plasma","Stricture_minus_Non_stricture","Non-stricture","Stricture",0,0,0,0,0,FALSE
"SCP1884","Endothelial","Plasma::IgA plasma","Stricture_minus_Control","Control","Stricture",4,0,0,4,0,FALSE
"SCP1884","Endothelial","Plasma::IgA plasma","Inflamed_minus_Control","Control","Inflamed",4,8,0,4,8,TRUE
"SCP1884","Endothelial","Plasma::IgA plasma","Inflamed_minus_Non_inflamed","Non-inflamed","Inflamed",22,8,5,17,3,TRUE
"SCP1884","Endothelial","Plasma::IgA plasma","Stricture_minus_Inflamed","Inflamed","Stricture",8,0,0,8,0,FALSE
"SCP1884","Endothelial","Plasma::IgG plasma","Stricture_minus_Non_stricture","Non-stricture","Stricture",0,0,0,0,0,FALSE
"SCP1884","Endothelial","Plasma::IgG plasma","Stricture_minus_Control","Control","Stricture",0,0,0,0,0,FALSE
"SCP1884","Endothelial","Plasma::IgG plasma","Inflamed_minus_Control","Control","Inflamed",0,2,0,0,2,FALSE
"SCP1884","Endothelial","Plasma::IgG plasma","Inflamed_minus_Non_inflamed","Non-inflamed","Inflamed",3,2,0,3,2,TRUE
"SCP1884","Endothelial","Plasma::IgG plasma","Stricture_minus_Inflamed","Inflamed","Stricture",2,0,0,2,0,FALSE
"SCP1884","Endothelial","Plasma::Transitional B","Stricture_minus_Non_stricture","Non-stricture","Stricture",0,0,0,0,0,FALSE
"SCP1884","Endothelial","Plasma::Transitional B","Stricture_minus_Control","Control","Stricture",0,0,0,0,0,FALSE
"SCP1884","Endothelial","Plasma::Transitional B","Inflamed_minus_Control","Control","Inflamed",0,0,0,0,0,FALSE
"SCP1884","Endothelial","Plasma::Transitional B","Inflamed_minus_Non_inflamed","Non-inflamed","Inflamed",2,0,0,2,0,FALSE
"SCP1884","Endothelial","Plasma::Transitional B","Stricture_minus_Inflamed","Inflamed","Stricture",0,0,0,0,0,FALSE
"SCP1884","Epithelial","B_cell::ActB3","Stricture_minus_Non_stricture","Non-stricture","Stricture",0,0,0,0,0,FALSE
"SCP1884","Epithelial","B_cell::ActB3","Stricture_minus_Control","Control","Stricture",0,0,0,0,0,FALSE
"SCP1884","Epithelial","B_cell::ActB3","Inflamed_minus_Control","Control","Inflamed",0,0,0,0,0,FALSE
"SCP1884","Epithelial","B_cell::ActB3","Inflamed_minus_Non_inflamed","Non-inflamed","Inflamed",4,0,0,4,0,FALSE
"SCP1884","Epithelial","B_cell::ActB3","Stricture_minus_Inflamed","Inflamed","Stricture",0,0,0,0,0,FALSE
"SCP1884","Epithelial","B_cell::CSM","Stricture_minus_Non_stricture","Non-stricture","Stricture",0,0,0,0,0,FALSE
"SCP1884","Epithelial","B_cell::CSM","Stricture_minus_Control","Control","Stricture",6,0,0,6,0,FALSE
"SCP1884","Epithelial","B_cell::CSM","Inflamed_minus_Control","Control","Inflamed",6,5,0,6,5,TRUE
"SCP1884","Epithelial","B_cell::CSM","Inflamed_minus_Non_inflamed","Non-inflamed","Inflamed",20,5,1,19,4,TRUE
"SCP1884","Epithelial","B_cell::CSM","Stricture_minus_Inflamed","Inflamed","Stricture",5,0,0,5,0,FALSE
"SCP1884","Epithelial","B_cell::Centroblast B","Stricture_minus_Non_stricture","Non-stricture","Stricture",0,0,0,0,0,FALSE
"SCP1884","Epithelial","B_cell::Centroblast B","Stricture_minus_Control","Control","Stricture",3,0,0,3,0,FALSE
"SCP1884","Epithelial","B_cell::Centroblast B","Inflamed_minus_Control","Control","Inflamed",3,2,0,3,2,TRUE
"SCP1884","Epithelial","B_cell::Centroblast B","Inflamed_minus_Non_inflamed","Non-inflamed","Inflamed",5,2,0,5,2,TRUE
"SCP1884","Epithelial","B_cell::Centroblast B","Stricture_minus_Inflamed","Inflamed","Stricture",2,0,0,2,0,FALSE
"SCP1884","Epithelial","B_cell::Centrocyte B","Stricture_minus_Non_stricture","Non-stricture","Stricture",0,0,0,0,0,FALSE
"SCP1884","Epithelial","B_cell::Centrocyte B","Stricture_minus_Control","Control","Stricture",1,0,0,1,0,FALSE
"SCP1884","Epithelial","B_cell::Centrocyte B","Inflamed_minus_Control","Control","Inflamed",1,1,0,1,1,TRUE
"SCP1884","Epithelial","B_cell::Centrocyte B","Inflamed_minus_Non_inflamed","Non-inflamed","Inflamed",4,1,0,4,1,TRUE
"SCP1884","Epithelial","B_cell::Centrocyte B","Stricture_minus_Inflamed","Inflamed","Stricture",1,0,0,1,0,FALSE
"SCP1884","Epithelial","B_cell::DN2","Stricture_minus_Non_stricture","Non-stricture","Stricture",0,0,0,0,0,FALSE
"SCP1884","Epithelial","B_cell::DN2","Stricture_minus_Control","Control","Stricture",2,0,0,2,0,FALSE
"SCP1884","Epithelial","B_cell::DN2","Inflamed_minus_Control","Control","Inflamed",2,2,0,2,2,TRUE
"SCP1884","Epithelial","B_cell::DN2","Inflamed_minus_Non_inflamed","Non-inflamed","Inflamed",8,2,0,8,2,TRUE
"SCP1884","Epithelial","B_cell::DN2","Stricture_minus_Inflamed","Inflamed","Stricture",2,0,0,2,0,FALSE
"SCP1884","Epithelial","B_cell::IgM-only","Stricture_minus_Non_stricture","Non-stricture","Stricture",0,0,0,0,0,FALSE
"SCP1884","Epithelial","B_cell::IgM-only","Stricture_minus_Control","Control","Stricture",1,0,0,1,0,FALSE
"SCP1884","Epithelial","B_cell::IgM-only","Inflamed_minus_Control","Control","Inflamed",1,2,0,1,2,TRUE
"SCP1884","Epithelial","B_cell::IgM-only","Inflamed_minus_Non_inflamed","Non-inflamed","Inflamed",2,2,0,2,2,TRUE
"SCP1884","Epithelial","B_cell::IgM-only","Stricture_minus_Inflamed","Inflamed","Stricture",2,0,0,2,0,FALSE
"SCP1884","Epithelial","B_cell::MZ","Stricture_minus_Non_stricture","Non-stricture","Stricture",0,0,0,0,0,FALSE
"SCP1884","Epithelial","B_cell::MZ","Stricture_minus_Control","Control","Stricture",1,0,0,1,0,FALSE
"SCP1884","Epithelial","B_cell::MZ","Inflamed_minus_Control","Control","Inflamed",1,1,0,1,1,TRUE
"SCP1884","Epithelial","B_cell::MZ","Inflamed_minus_Non_inflamed","Non-inflamed","Inflamed",4,1,0,4,1,TRUE
"SCP1884","Epithelial","B_cell::MZ","Stricture_minus_Inflamed","Inflamed","Stricture",1,0,0,1,0,FALSE
"SCP1884","Epithelial","B_cell::Naïve B","Stricture_minus_Non_stricture","Non-stricture","Stricture",0,0,0,0,0,FALSE
"SCP1884","Epithelial","B_cell::Naïve B","Stricture_minus_Control","Control","Stricture",5,0,0,5,0,FALSE
"SCP1884","Epithelial","B_cell::Naïve B","Inflamed_minus_Control","Control","Inflamed",5,3,0,5,3,TRUE
"SCP1884","Epithelial","B_cell::Naïve B","Inflamed_minus_Non_inflamed","Non-inflamed","Inflamed",10,3,0,10,3,TRUE
"SCP1884","Epithelial","B_cell::Naïve B","Stricture_minus_Inflamed","Inflamed","Stricture",3,0,0,3,0,FALSE
"SCP1884","Epithelial","Plasma::Activated plasma","Stricture_minus_Non_stricture","Non-stricture","Stricture",0,0,0,0,0,FALSE
"SCP1884","Epithelial","Plasma::Activated plasma","Stricture_minus_Control","Control","Stricture",6,0,0,6,0,FALSE
"SCP1884","Epithelial","Plasma::Activated plasma","Inflamed_minus_Control","Control","Inflamed",6,7,0,6,7,TRUE
"SCP1884","Epithelial","Plasma::Activated plasma","Inflamed_minus_Non_inflamed","Non-inflamed","Inflamed",23,7,3,20,4,TRUE
"SCP1884","Epithelial","Plasma::Activated plasma","Stricture_minus_Inflamed","Inflamed","Stricture",7,0,0,7,0,FALSE
"SCP1884","Epithelial","Plasma::IgA plasma","Stricture_minus_Non_stricture","Non-stricture","Stricture",0,0,0,0,0,FALSE
"SCP1884","Epithelial","Plasma::IgA plasma","Stricture_minus_Control","Control","Stricture",5,0,0,5,0,FALSE
"SCP1884","Epithelial","Plasma::IgA plasma","Inflamed_minus_Control","Control","Inflamed",5,9,0,5,9,TRUE
"SCP1884","Epithelial","Plasma::IgA plasma","Inflamed_minus_Non_inflamed","Non-inflamed","Inflamed",22,9,5,17,4,TRUE
"SCP1884","Epithelial","Plasma::IgA plasma","Stricture_minus_Inflamed","Inflamed","Stricture",9,0,0,9,0,FALSE
"SCP1884","Epithelial","Plasma::IgG plasma","Stricture_minus_Non_stricture","Non-stricture","Stricture",0,0,0,0,0,FALSE
"SCP1884","Epithelial","Plasma::IgG plasma","Stricture_minus_Control","Control","Stricture",0,0,0,0,0,FALSE
"SCP1884","Epithelial","Plasma::IgG plasma","Inflamed_minus_Control","Control","Inflamed",0,2,0,0,2,FALSE
"SCP1884","Epithelial","Plasma::IgG plasma","Inflamed_minus_Non_inflamed","Non-inflamed","Inflamed",3,2,0,3,2,TRUE
"SCP1884","Epithelial","Plasma::IgG plasma","Stricture_minus_Inflamed","Inflamed","Stricture",2,0,0,2,0,FALSE
"SCP1884","Epithelial","Plasma::Transitional B","Stricture_minus_Non_stricture","Non-stricture","Stricture",0,0,0,0,0,FALSE
"SCP1884","Epithelial","Plasma::Transitional B","Stricture_minus_Control","Control","Stricture",0,0,0,0,0,FALSE
"SCP1884","Epithelial","Plasma::Transitional B","Inflamed_minus_Control","Control","Inflamed",0,0,0,0,0,FALSE
"SCP1884","Epithelial","Plasma::Transitional B","Inflamed_minus_Non_inflamed","Non-inflamed","Inflamed",2,0,0,2,0,FALSE
"SCP1884","Epithelial","Plasma::Transitional B","Stricture_minus_Inflamed","Inflamed","Stricture",0,0,0,0,0,FALSE
"SCP1884","Mast","B_cell::ActB3","Stricture_minus_Non_stricture","Non-stricture","Stricture",0,0,0,0,0,FALSE
"SCP1884","Mast","B_cell::ActB3","Stricture_minus_Control","Control","Stricture",0,0,0,0,0,FALSE
"SCP1884","Mast","B_cell::ActB3","Inflamed_minus_Control","Control","Inflamed",0,0,0,0,0,FALSE
"SCP1884","Mast","B_cell::ActB3","Inflamed_minus_Non_inflamed","Non-inflamed","Inflamed",3,0,0,3,0,FALSE
"SCP1884","Mast","B_cell::ActB3","Stricture_minus_Inflamed","Inflamed","Stricture",0,0,0,0,0,FALSE
"SCP1884","Mast","B_cell::CSM","Stricture_minus_Non_stricture","Non-stricture","Stricture",0,0,0,0,0,FALSE
"SCP1884","Mast","B_cell::CSM","Stricture_minus_Control","Control","Stricture",3,0,0,3,0,FALSE
"SCP1884","Mast","B_cell::CSM","Inflamed_minus_Control","Control","Inflamed",3,3,0,3,3,TRUE
"SCP1884","Mast","B_cell::CSM","Inflamed_minus_Non_inflamed","Non-inflamed","Inflamed",18,3,0,18,3,TRUE
"SCP1884","Mast","B_cell::CSM","Stricture_minus_Inflamed","Inflamed","Stricture",3,0,0,3,0,FALSE
"SCP1884","Mast","B_cell::Centroblast B","Stricture_minus_Non_stricture","Non-stricture","Stricture",0,0,0,0,0,FALSE
"SCP1884","Mast","B_cell::Centroblast B","Stricture_minus_Control","Control","Stricture",2,0,0,2,0,FALSE
"SCP1884","Mast","B_cell::Centroblast B","Inflamed_minus_Control","Control","Inflamed",2,2,0,2,2,TRUE
"SCP1884","Mast","B_cell::Centroblast B","Inflamed_minus_Non_inflamed","Non-inflamed","Inflamed",5,2,0,5,2,TRUE
"SCP1884","Mast","B_cell::Centroblast B","Stricture_minus_Inflamed","Inflamed","Stricture",2,0,0,2,0,FALSE
"SCP1884","Mast","B_cell::Centrocyte B","Stricture_minus_Non_stricture","Non-stricture","Stricture",0,0,0,0,0,FALSE
"SCP1884","Mast","B_cell::Centrocyte B","Stricture_minus_Control","Control","Stricture",1,0,0,1,0,FALSE
"SCP1884","Mast","B_cell::Centrocyte B","Inflamed_minus_Control","Control","Inflamed",1,1,0,1,1,TRUE
"SCP1884","Mast","B_cell::Centrocyte B","Inflamed_minus_Non_inflamed","Non-inflamed","Inflamed",4,1,0,4,1,TRUE
"SCP1884","Mast","B_cell::Centrocyte B","Stricture_minus_Inflamed","Inflamed","Stricture",1,0,0,1,0,FALSE
"SCP1884","Mast","B_cell::DN2","Stricture_minus_Non_stricture","Non-stricture","Stricture",0,0,0,0,0,FALSE
"SCP1884","Mast","B_cell::DN2","Stricture_minus_Control","Control","Stricture",1,0,0,1,0,FALSE
"SCP1884","Mast","B_cell::DN2","Inflamed_minus_Control","Control","Inflamed",1,2,0,1,2,TRUE
"SCP1884","Mast","B_cell::DN2","Inflamed_minus_Non_inflamed","Non-inflamed","Inflamed",8,2,0,8,2,TRUE
"SCP1884","Mast","B_cell::DN2","Stricture_minus_Inflamed","Inflamed","Stricture",2,0,0,2,0,FALSE
"SCP1884","Mast","B_cell::IgM-only","Stricture_minus_Non_stricture","Non-stricture","Stricture",0,0,0,0,0,FALSE
"SCP1884","Mast","B_cell::IgM-only","Stricture_minus_Control","Control","Stricture",1,0,0,1,0,FALSE
"SCP1884","Mast","B_cell::IgM-only","Inflamed_minus_Control","Control","Inflamed",1,2,0,1,2,TRUE
"SCP1884","Mast","B_cell::IgM-only","Inflamed_minus_Non_inflamed","Non-inflamed","Inflamed",2,2,0,2,2,TRUE
"SCP1884","Mast","B_cell::IgM-only","Stricture_minus_Inflamed","Inflamed","Stricture",2,0,0,2,0,FALSE
"SCP1884","Mast","B_cell::MZ","Stricture_minus_Non_stricture","Non-stricture","Stricture",0,0,0,0,0,FALSE
"SCP1884","Mast","B_cell::MZ","Stricture_minus_Control","Control","Stricture",1,0,0,1,0,FALSE
"SCP1884","Mast","B_cell::MZ","Inflamed_minus_Control","Control","Inflamed",1,1,0,1,1,TRUE
"SCP1884","Mast","B_cell::MZ","Inflamed_minus_Non_inflamed","Non-inflamed","Inflamed",4,1,0,4,1,TRUE
"SCP1884","Mast","B_cell::MZ","Stricture_minus_Inflamed","Inflamed","Stricture",1,0,0,1,0,FALSE
"SCP1884","Mast","B_cell::Naïve B","Stricture_minus_Non_stricture","Non-stricture","Stricture",0,0,0,0,0,FALSE
"SCP1884","Mast","B_cell::Naïve B","Stricture_minus_Control","Control","Stricture",3,0,0,3,0,FALSE
"SCP1884","Mast","B_cell::Naïve B","Inflamed_minus_Control","Control","Inflamed",3,3,0,3,3,TRUE
"SCP1884","Mast","B_cell::Naïve B","Inflamed_minus_Non_inflamed","Non-inflamed","Inflamed",9,3,0,9,3,TRUE
"SCP1884","Mast","B_cell::Naïve B","Stricture_minus_Inflamed","Inflamed","Stricture",3,0,0,3,0,FALSE
"SCP1884","Mast","Plasma::Activated plasma","Stricture_minus_Non_stricture","Non-stricture","Stricture",0,0,0,0,0,FALSE
"SCP1884","Mast","Plasma::Activated plasma","Stricture_minus_Control","Control","Stricture",4,0,0,4,0,FALSE
"SCP1884","Mast","Plasma::Activated plasma","Inflamed_minus_Control","Control","Inflamed",4,8,0,4,8,TRUE
"SCP1884","Mast","Plasma::Activated plasma","Inflamed_minus_Non_inflamed","Non-inflamed","Inflamed",21,8,3,18,5,TRUE
"SCP1884","Mast","Plasma::Activated plasma","Stricture_minus_Inflamed","Inflamed","Stricture",8,0,0,8,0,FALSE
"SCP1884","Mast","Plasma::IgA plasma","Stricture_minus_Non_stricture","Non-stricture","Stricture",0,0,0,0,0,FALSE
"SCP1884","Mast","Plasma::IgA plasma","Stricture_minus_Control","Control","Stricture",3,0,0,3,0,FALSE
"SCP1884","Mast","Plasma::IgA plasma","Inflamed_minus_Control","Control","Inflamed",3,7,0,3,7,TRUE
"SCP1884","Mast","Plasma::IgA plasma","Inflamed_minus_Non_inflamed","Non-inflamed","Inflamed",18,7,3,15,4,TRUE
"SCP1884","Mast","Plasma::IgA plasma","Stricture_minus_Inflamed","Inflamed","Stricture",7,0,0,7,0,FALSE
"SCP1884","Mast","Plasma::IgG plasma","Stricture_minus_Non_stricture","Non-stricture","Stricture",0,0,0,0,0,FALSE
"SCP1884","Mast","Plasma::IgG plasma","Stricture_minus_Control","Control","Stricture",0,0,0,0,0,FALSE
"SCP1884","Mast","Plasma::IgG plasma","Inflamed_minus_Control","Control","Inflamed",0,2,0,0,2,FALSE
"SCP1884","Mast","Plasma::IgG plasma","Inflamed_minus_Non_inflamed","Non-inflamed","Inflamed",3,2,0,3,2,TRUE
"SCP1884","Mast","Plasma::IgG plasma","Stricture_minus_Inflamed","Inflamed","Stricture",2,0,0,2,0,FALSE
"SCP1884","Mast","Plasma::Transitional B","Stricture_minus_Non_stricture","Non-stricture","Stricture",0,0,0,0,0,FALSE
"SCP1884","Mast","Plasma::Transitional B","Stricture_minus_Control","Control","Stricture",0,0,0,0,0,FALSE
"SCP1884","Mast","Plasma::Transitional B","Inflamed_minus_Control","Control","Inflamed",0,0,0,0,0,FALSE
"SCP1884","Mast","Plasma::Transitional B","Inflamed_minus_Non_inflamed","Non-inflamed","Inflamed",2,0,0,2,0,FALSE
"SCP1884","Mast","Plasma::Transitional B","Stricture_minus_Inflamed","Inflamed","Stricture",0,0,0,0,0,FALSE
"SCP1884","Mesenchymal_stromal","B_cell::ActB3","Stricture_minus_Non_stricture","Non-stricture","Stricture",0,0,0,0,0,FALSE
"SCP1884","Mesenchymal_stromal","B_cell::ActB3","Stricture_minus_Control","Control","Stricture",0,0,0,0,0,FALSE
"SCP1884","Mesenchymal_stromal","B_cell::ActB3","Inflamed_minus_Control","Control","Inflamed",0,0,0,0,0,FALSE
"SCP1884","Mesenchymal_stromal","B_cell::ActB3","Inflamed_minus_Non_inflamed","Non-inflamed","Inflamed",4,0,0,4,0,FALSE
"SCP1884","Mesenchymal_stromal","B_cell::ActB3","Stricture_minus_Inflamed","Inflamed","Stricture",0,0,0,0,0,FALSE
"SCP1884","Mesenchymal_stromal","B_cell::CSM","Stricture_minus_Non_stricture","Non-stricture","Stricture",0,0,0,0,0,FALSE
"SCP1884","Mesenchymal_stromal","B_cell::CSM","Stricture_minus_Control","Control","Stricture",5,0,0,5,0,FALSE
"SCP1884","Mesenchymal_stromal","B_cell::CSM","Inflamed_minus_Control","Control","Inflamed",5,5,0,5,5,TRUE
"SCP1884","Mesenchymal_stromal","B_cell::CSM","Inflamed_minus_Non_inflamed","Non-inflamed","Inflamed",20,5,1,19,4,TRUE
"SCP1884","Mesenchymal_stromal","B_cell::CSM","Stricture_minus_Inflamed","Inflamed","Stricture",5,0,0,5,0,FALSE
"SCP1884","Mesenchymal_stromal","B_cell::Centroblast B","Stricture_minus_Non_stricture","Non-stricture","Stricture",0,0,0,0,0,FALSE
"SCP1884","Mesenchymal_stromal","B_cell::Centroblast B","Stricture_minus_Control","Control","Stricture",3,0,0,3,0,FALSE
"SCP1884","Mesenchymal_stromal","B_cell::Centroblast B","Inflamed_minus_Control","Control","Inflamed",3,2,0,3,2,TRUE
"SCP1884","Mesenchymal_stromal","B_cell::Centroblast B","Inflamed_minus_Non_inflamed","Non-inflamed","Inflamed",5,2,0,5,2,TRUE
"SCP1884","Mesenchymal_stromal","B_cell::Centroblast B","Stricture_minus_Inflamed","Inflamed","Stricture",2,0,0,2,0,FALSE
"SCP1884","Mesenchymal_stromal","B_cell::Centrocyte B","Stricture_minus_Non_stricture","Non-stricture","Stricture",0,0,0,0,0,FALSE
"SCP1884","Mesenchymal_stromal","B_cell::Centrocyte B","Stricture_minus_Control","Control","Stricture",1,0,0,1,0,FALSE
"SCP1884","Mesenchymal_stromal","B_cell::Centrocyte B","Inflamed_minus_Control","Control","Inflamed",1,1,0,1,1,TRUE
"SCP1884","Mesenchymal_stromal","B_cell::Centrocyte B","Inflamed_minus_Non_inflamed","Non-inflamed","Inflamed",4,1,0,4,1,TRUE
"SCP1884","Mesenchymal_stromal","B_cell::Centrocyte B","Stricture_minus_Inflamed","Inflamed","Stricture",1,0,0,1,0,FALSE
"SCP1884","Mesenchymal_stromal","B_cell::DN2","Stricture_minus_Non_stricture","Non-stricture","Stricture",0,0,0,0,0,FALSE
"SCP1884","Mesenchymal_stromal","B_cell::DN2","Stricture_minus_Control","Control","Stricture",2,0,0,2,0,FALSE
"SCP1884","Mesenchymal_stromal","B_cell::DN2","Inflamed_minus_Control","Control","Inflamed",2,2,0,2,2,TRUE
"SCP1884","Mesenchymal_stromal","B_cell::DN2","Inflamed_minus_Non_inflamed","Non-inflamed","Inflamed",8,2,0,8,2,TRUE
"SCP1884","Mesenchymal_stromal","B_cell::DN2","Stricture_minus_Inflamed","Inflamed","Stricture",2,0,0,2,0,FALSE
"SCP1884","Mesenchymal_stromal","B_cell::IgM-only","Stricture_minus_Non_stricture","Non-stricture","Stricture",0,0,0,0,0,FALSE
"SCP1884","Mesenchymal_stromal","B_cell::IgM-only","Stricture_minus_Control","Control","Stricture",1,0,0,1,0,FALSE
"SCP1884","Mesenchymal_stromal","B_cell::IgM-only","Inflamed_minus_Control","Control","Inflamed",1,2,0,1,2,TRUE
"SCP1884","Mesenchymal_stromal","B_cell::IgM-only","Inflamed_minus_Non_inflamed","Non-inflamed","Inflamed",2,2,0,2,2,TRUE
"SCP1884","Mesenchymal_stromal","B_cell::IgM-only","Stricture_minus_Inflamed","Inflamed","Stricture",2,0,0,2,0,FALSE
"SCP1884","Mesenchymal_stromal","B_cell::MZ","Stricture_minus_Non_stricture","Non-stricture","Stricture",0,0,0,0,0,FALSE
"SCP1884","Mesenchymal_stromal","B_cell::MZ","Stricture_minus_Control","Control","Stricture",1,0,0,1,0,FALSE
"SCP1884","Mesenchymal_stromal","B_cell::MZ","Inflamed_minus_Control","Control","Inflamed",1,1,0,1,1,TRUE
"SCP1884","Mesenchymal_stromal","B_cell::MZ","Inflamed_minus_Non_inflamed","Non-inflamed","Inflamed",4,1,0,4,1,TRUE
"SCP1884","Mesenchymal_stromal","B_cell::MZ","Stricture_minus_Inflamed","Inflamed","Stricture",1,0,0,1,0,FALSE
"SCP1884","Mesenchymal_stromal","B_cell::Naïve B","Stricture_minus_Non_stricture","Non-stricture","Stricture",0,0,0,0,0,FALSE
"SCP1884","Mesenchymal_stromal","B_cell::Naïve B","Stricture_minus_Control","Control","Stricture",4,0,0,4,0,FALSE
"SCP1884","Mesenchymal_stromal","B_cell::Naïve B","Inflamed_minus_Control","Control","Inflamed",4,3,0,4,3,TRUE
"SCP1884","Mesenchymal_stromal","B_cell::Naïve B","Inflamed_minus_Non_inflamed","Non-inflamed","Inflamed",10,3,0,10,3,TRUE
"SCP1884","Mesenchymal_stromal","B_cell::Naïve B","Stricture_minus_Inflamed","Inflamed","Stricture",3,0,0,3,0,FALSE
"SCP1884","Mesenchymal_stromal","Plasma::Activated plasma","Stricture_minus_Non_stricture","Non-stricture","Stricture",0,0,0,0,0,FALSE
"SCP1884","Mesenchymal_stromal","Plasma::Activated plasma","Stricture_minus_Control","Control","Stricture",5,0,0,5,0,FALSE
"SCP1884","Mesenchymal_stromal","Plasma::Activated plasma","Inflamed_minus_Control","Control","Inflamed",5,8,0,5,8,TRUE
"SCP1884","Mesenchymal_stromal","Plasma::Activated plasma","Inflamed_minus_Non_inflamed","Non-inflamed","Inflamed",23,8,3,20,5,TRUE
"SCP1884","Mesenchymal_stromal","Plasma::Activated plasma","Stricture_minus_Inflamed","Inflamed","Stricture",8,0,0,8,0,FALSE
"SCP1884","Mesenchymal_stromal","Plasma::IgA plasma","Stricture_minus_Non_stricture","Non-stricture","Stricture",0,0,0,0,0,FALSE
"SCP1884","Mesenchymal_stromal","Plasma::IgA plasma","Stricture_minus_Control","Control","Stricture",5,0,0,5,0,FALSE
"SCP1884","Mesenchymal_stromal","Plasma::IgA plasma","Inflamed_minus_Control","Control","Inflamed",5,10,0,5,10,TRUE
"SCP1884","Mesenchymal_stromal","Plasma::IgA plasma","Inflamed_minus_Non_inflamed","Non-inflamed","Inflamed",22,10,5,17,5,TRUE
"SCP1884","Mesenchymal_stromal","Plasma::IgA plasma","Stricture_minus_Inflamed","Inflamed","Stricture",10,0,0,10,0,FALSE
"SCP1884","Mesenchymal_stromal","Plasma::IgG plasma","Stricture_minus_Non_stricture","Non-stricture","Stricture",0,0,0,0,0,FALSE
"SCP1884","Mesenchymal_stromal","Plasma::IgG plasma","Stricture_minus_Control","Control","Stricture",0,0,0,0,0,FALSE
"SCP1884","Mesenchymal_stromal","Plasma::IgG plasma","Inflamed_minus_Control","Control","Inflamed",0,2,0,0,2,FALSE
"SCP1884","Mesenchymal_stromal","Plasma::IgG plasma","Inflamed_minus_Non_inflamed","Non-inflamed","Inflamed",3,2,0,3,2,TRUE
"SCP1884","Mesenchymal_stromal","Plasma::IgG plasma","Stricture_minus_Inflamed","Inflamed","Stricture",2,0,0,2,0,FALSE
"SCP1884","Mesenchymal_stromal","Plasma::Transitional B","Stricture_minus_Non_stricture","Non-stricture","Stricture",0,0,0,0,0,FALSE
"SCP1884","Mesenchymal_stromal","Plasma::Transitional B","Stricture_minus_Control","Control","Stricture",0,0,0,0,0,FALSE
"SCP1884","Mesenchymal_stromal","Plasma::Transitional B","Inflamed_minus_Control","Control","Inflamed",0,0,0,0,0,FALSE
"SCP1884","Mesenchymal_stromal","Plasma::Transitional B","Inflamed_minus_Non_inflamed","Non-inflamed","Inflamed",2,0,0,2,0,FALSE
"SCP1884","Mesenchymal_stromal","Plasma::Transitional B","Stricture_minus_Inflamed","Inflamed","Stricture",0,0,0,0,0,FALSE
"SCP1884","Myeloid","B_cell::ActB3","Stricture_minus_Non_stricture","Non-stricture","Stricture",0,0,0,0,0,FALSE
"SCP1884","Myeloid","B_cell::ActB3","Stricture_minus_Control","Control","Stricture",0,0,0,0,0,FALSE
"SCP1884","Myeloid","B_cell::ActB3","Inflamed_minus_Control","Control","Inflamed",0,0,0,0,0,FALSE
"SCP1884","Myeloid","B_cell::ActB3","Inflamed_minus_Non_inflamed","Non-inflamed","Inflamed",4,0,0,4,0,FALSE
"SCP1884","Myeloid","B_cell::ActB3","Stricture_minus_Inflamed","Inflamed","Stricture",0,0,0,0,0,FALSE
"SCP1884","Myeloid","B_cell::CSM","Stricture_minus_Non_stricture","Non-stricture","Stricture",0,0,0,0,0,FALSE
"SCP1884","Myeloid","B_cell::CSM","Stricture_minus_Control","Control","Stricture",6,0,0,6,0,FALSE
"SCP1884","Myeloid","B_cell::CSM","Inflamed_minus_Control","Control","Inflamed",6,5,0,6,5,TRUE
"SCP1884","Myeloid","B_cell::CSM","Inflamed_minus_Non_inflamed","Non-inflamed","Inflamed",20,5,1,19,4,TRUE
"SCP1884","Myeloid","B_cell::CSM","Stricture_minus_Inflamed","Inflamed","Stricture",5,0,0,5,0,FALSE
"SCP1884","Myeloid","B_cell::Centroblast B","Stricture_minus_Non_stricture","Non-stricture","Stricture",0,0,0,0,0,FALSE
"SCP1884","Myeloid","B_cell::Centroblast B","Stricture_minus_Control","Control","Stricture",3,0,0,3,0,FALSE
"SCP1884","Myeloid","B_cell::Centroblast B","Inflamed_minus_Control","Control","Inflamed",3,2,0,3,2,TRUE
"SCP1884","Myeloid","B_cell::Centroblast B","Inflamed_minus_Non_inflamed","Non-inflamed","Inflamed",5,2,0,5,2,TRUE
"SCP1884","Myeloid","B_cell::Centroblast B","Stricture_minus_Inflamed","Inflamed","Stricture",2,0,0,2,0,FALSE
"SCP1884","Myeloid","B_cell::Centrocyte B","Stricture_minus_Non_stricture","Non-stricture","Stricture",0,0,0,0,0,FALSE
"SCP1884","Myeloid","B_cell::Centrocyte B","Stricture_minus_Control","Control","Stricture",1,0,0,1,0,FALSE
"SCP1884","Myeloid","B_cell::Centrocyte B","Inflamed_minus_Control","Control","Inflamed",1,1,0,1,1,TRUE
"SCP1884","Myeloid","B_cell::Centrocyte B","Inflamed_minus_Non_inflamed","Non-inflamed","Inflamed",4,1,0,4,1,TRUE
"SCP1884","Myeloid","B_cell::Centrocyte B","Stricture_minus_Inflamed","Inflamed","Stricture",1,0,0,1,0,FALSE
"SCP1884","Myeloid","B_cell::DN2","Stricture_minus_Non_stricture","Non-stricture","Stricture",0,0,0,0,0,FALSE
"SCP1884","Myeloid","B_cell::DN2","Stricture_minus_Control","Control","Stricture",2,0,0,2,0,FALSE
"SCP1884","Myeloid","B_cell::DN2","Inflamed_minus_Control","Control","Inflamed",2,2,0,2,2,TRUE
"SCP1884","Myeloid","B_cell::DN2","Inflamed_minus_Non_inflamed","Non-inflamed","Inflamed",8,2,0,8,2,TRUE
"SCP1884","Myeloid","B_cell::DN2","Stricture_minus_Inflamed","Inflamed","Stricture",2,0,0,2,0,FALSE
"SCP1884","Myeloid","B_cell::IgM-only","Stricture_minus_Non_stricture","Non-stricture","Stricture",0,0,0,0,0,FALSE
"SCP1884","Myeloid","B_cell::IgM-only","Stricture_minus_Control","Control","Stricture",1,0,0,1,0,FALSE
"SCP1884","Myeloid","B_cell::IgM-only","Inflamed_minus_Control","Control","Inflamed",1,2,0,1,2,TRUE
"SCP1884","Myeloid","B_cell::IgM-only","Inflamed_minus_Non_inflamed","Non-inflamed","Inflamed",2,2,0,2,2,TRUE
"SCP1884","Myeloid","B_cell::IgM-only","Stricture_minus_Inflamed","Inflamed","Stricture",2,0,0,2,0,FALSE
"SCP1884","Myeloid","B_cell::MZ","Stricture_minus_Non_stricture","Non-stricture","Stricture",0,0,0,0,0,FALSE
"SCP1884","Myeloid","B_cell::MZ","Stricture_minus_Control","Control","Stricture",1,0,0,1,0,FALSE
"SCP1884","Myeloid","B_cell::MZ","Inflamed_minus_Control","Control","Inflamed",1,1,0,1,1,TRUE
"SCP1884","Myeloid","B_cell::MZ","Inflamed_minus_Non_inflamed","Non-inflamed","Inflamed",4,1,0,4,1,TRUE
"SCP1884","Myeloid","B_cell::MZ","Stricture_minus_Inflamed","Inflamed","Stricture",1,0,0,1,0,FALSE
"SCP1884","Myeloid","B_cell::Naïve B","Stricture_minus_Non_stricture","Non-stricture","Stricture",0,0,0,0,0,FALSE
"SCP1884","Myeloid","B_cell::Naïve B","Stricture_minus_Control","Control","Stricture",5,0,0,5,0,FALSE
"SCP1884","Myeloid","B_cell::Naïve B","Inflamed_minus_Control","Control","Inflamed",5,3,0,5,3,TRUE
"SCP1884","Myeloid","B_cell::Naïve B","Inflamed_minus_Non_inflamed","Non-inflamed","Inflamed",10,3,0,10,3,TRUE
"SCP1884","Myeloid","B_cell::Naïve B","Stricture_minus_Inflamed","Inflamed","Stricture",3,0,0,3,0,FALSE
"SCP1884","Myeloid","Plasma::Activated plasma","Stricture_minus_Non_stricture","Non-stricture","Stricture",0,0,0,0,0,FALSE
"SCP1884","Myeloid","Plasma::Activated plasma","Stricture_minus_Control","Control","Stricture",6,0,0,6,0,FALSE
"SCP1884","Myeloid","Plasma::Activated plasma","Inflamed_minus_Control","Control","Inflamed",6,8,0,6,8,TRUE
"SCP1884","Myeloid","Plasma::Activated plasma","Inflamed_minus_Non_inflamed","Non-inflamed","Inflamed",23,8,3,20,5,TRUE
"SCP1884","Myeloid","Plasma::Activated plasma","Stricture_minus_Inflamed","Inflamed","Stricture",8,0,0,8,0,FALSE
"SCP1884","Myeloid","Plasma::IgA plasma","Stricture_minus_Non_stricture","Non-stricture","Stricture",0,0,0,0,0,FALSE
"SCP1884","Myeloid","Plasma::IgA plasma","Stricture_minus_Control","Control","Stricture",5,0,0,5,0,FALSE
"SCP1884","Myeloid","Plasma::IgA plasma","Inflamed_minus_Control","Control","Inflamed",5,10,0,5,10,TRUE
"SCP1884","Myeloid","Plasma::IgA plasma","Inflamed_minus_Non_inflamed","Non-inflamed","Inflamed",22,10,5,17,5,TRUE
"SCP1884","Myeloid","Plasma::IgA plasma","Stricture_minus_Inflamed","Inflamed","Stricture",10,0,0,10,0,FALSE
"SCP1884","Myeloid","Plasma::IgG plasma","Stricture_minus_Non_stricture","Non-stricture","Stricture",0,0,0,0,0,FALSE
"SCP1884","Myeloid","Plasma::IgG plasma","Stricture_minus_Control","Control","Stricture",0,0,0,0,0,FALSE
"SCP1884","Myeloid","Plasma::IgG plasma","Inflamed_minus_Control","Control","Inflamed",0,2,0,0,2,FALSE
"SCP1884","Myeloid","Plasma::IgG plasma","Inflamed_minus_Non_inflamed","Non-inflamed","Inflamed",3,2,0,3,2,TRUE
"SCP1884","Myeloid","Plasma::IgG plasma","Stricture_minus_Inflamed","Inflamed","Stricture",2,0,0,2,0,FALSE
"SCP1884","Myeloid","Plasma::Transitional B","Stricture_minus_Non_stricture","Non-stricture","Stricture",0,0,0,0,0,FALSE
"SCP1884","Myeloid","Plasma::Transitional B","Stricture_minus_Control","Control","Stricture",0,0,0,0,0,FALSE
"SCP1884","Myeloid","Plasma::Transitional B","Inflamed_minus_Control","Control","Inflamed",0,0,0,0,0,FALSE
"SCP1884","Myeloid","Plasma::Transitional B","Inflamed_minus_Non_inflamed","Non-inflamed","Inflamed",2,0,0,2,0,FALSE
"SCP1884","Myeloid","Plasma::Transitional B","Stricture_minus_Inflamed","Inflamed","Stricture",0,0,0,0,0,FALSE
"SCP1884","T_NK","B_cell::ActB3","Stricture_minus_Non_stricture","Non-stricture","Stricture",0,0,0,0,0,FALSE
"SCP1884","T_NK","B_cell::ActB3","Stricture_minus_Control","Control","Stricture",0,0,0,0,0,FALSE
"SCP1884","T_NK","B_cell::ActB3","Inflamed_minus_Control","Control","Inflamed",0,0,0,0,0,FALSE
"SCP1884","T_NK","B_cell::ActB3","Inflamed_minus_Non_inflamed","Non-inflamed","Inflamed",4,0,0,4,0,FALSE
"SCP1884","T_NK","B_cell::ActB3","Stricture_minus_Inflamed","Inflamed","Stricture",0,0,0,0,0,FALSE
"SCP1884","T_NK","B_cell::CSM","Stricture_minus_Non_stricture","Non-stricture","Stricture",0,0,0,0,0,FALSE
"SCP1884","T_NK","B_cell::CSM","Stricture_minus_Control","Control","Stricture",6,0,0,6,0,FALSE
"SCP1884","T_NK","B_cell::CSM","Inflamed_minus_Control","Control","Inflamed",6,5,0,6,5,TRUE
"SCP1884","T_NK","B_cell::CSM","Inflamed_minus_Non_inflamed","Non-inflamed","Inflamed",20,5,1,19,4,TRUE
"SCP1884","T_NK","B_cell::CSM","Stricture_minus_Inflamed","Inflamed","Stricture",5,0,0,5,0,FALSE
"SCP1884","T_NK","B_cell::Centroblast B","Stricture_minus_Non_stricture","Non-stricture","Stricture",0,0,0,0,0,FALSE
"SCP1884","T_NK","B_cell::Centroblast B","Stricture_minus_Control","Control","Stricture",3,0,0,3,0,FALSE
"SCP1884","T_NK","B_cell::Centroblast B","Inflamed_minus_Control","Control","Inflamed",3,2,0,3,2,TRUE
"SCP1884","T_NK","B_cell::Centroblast B","Inflamed_minus_Non_inflamed","Non-inflamed","Inflamed",5,2,0,5,2,TRUE
"SCP1884","T_NK","B_cell::Centroblast B","Stricture_minus_Inflamed","Inflamed","Stricture",2,0,0,2,0,FALSE
"SCP1884","T_NK","B_cell::Centrocyte B","Stricture_minus_Non_stricture","Non-stricture","Stricture",0,0,0,0,0,FALSE
"SCP1884","T_NK","B_cell::Centrocyte B","Stricture_minus_Control","Control","Stricture",1,0,0,1,0,FALSE
"SCP1884","T_NK","B_cell::Centrocyte B","Inflamed_minus_Control","Control","Inflamed",1,1,0,1,1,TRUE
"SCP1884","T_NK","B_cell::Centrocyte B","Inflamed_minus_Non_inflamed","Non-inflamed","Inflamed",4,1,0,4,1,TRUE
"SCP1884","T_NK","B_cell::Centrocyte B","Stricture_minus_Inflamed","Inflamed","Stricture",1,0,0,1,0,FALSE
"SCP1884","T_NK","B_cell::DN2","Stricture_minus_Non_stricture","Non-stricture","Stricture",0,0,0,0,0,FALSE
"SCP1884","T_NK","B_cell::DN2","Stricture_minus_Control","Control","Stricture",2,0,0,2,0,FALSE
"SCP1884","T_NK","B_cell::DN2","Inflamed_minus_Control","Control","Inflamed",2,2,0,2,2,TRUE
"SCP1884","T_NK","B_cell::DN2","Inflamed_minus_Non_inflamed","Non-inflamed","Inflamed",8,2,0,8,2,TRUE
"SCP1884","T_NK","B_cell::DN2","Stricture_minus_Inflamed","Inflamed","Stricture",2,0,0,2,0,FALSE
"SCP1884","T_NK","B_cell::IgM-only","Stricture_minus_Non_stricture","Non-stricture","Stricture",0,0,0,0,0,FALSE
"SCP1884","T_NK","B_cell::IgM-only","Stricture_minus_Control","Control","Stricture",1,0,0,1,0,FALSE
"SCP1884","T_NK","B_cell::IgM-only","Inflamed_minus_Control","Control","Inflamed",1,2,0,1,2,TRUE
"SCP1884","T_NK","B_cell::IgM-only","Inflamed_minus_Non_inflamed","Non-inflamed","Inflamed",2,2,0,2,2,TRUE
"SCP1884","T_NK","B_cell::IgM-only","Stricture_minus_Inflamed","Inflamed","Stricture",2,0,0,2,0,FALSE
"SCP1884","T_NK","B_cell::MZ","Stricture_minus_Non_stricture","Non-stricture","Stricture",0,0,0,0,0,FALSE
"SCP1884","T_NK","B_cell::MZ","Stricture_minus_Control","Control","Stricture",1,0,0,1,0,FALSE
"SCP1884","T_NK","B_cell::MZ","Inflamed_minus_Control","Control","Inflamed",1,1,0,1,1,TRUE
"SCP1884","T_NK","B_cell::MZ","Inflamed_minus_Non_inflamed","Non-inflamed","Inflamed",4,1,0,4,1,TRUE
"SCP1884","T_NK","B_cell::MZ","Stricture_minus_Inflamed","Inflamed","Stricture",1,0,0,1,0,FALSE
"SCP1884","T_NK","B_cell::Naïve B","Stricture_minus_Non_stricture","Non-stricture","Stricture",0,0,0,0,0,FALSE
"SCP1884","T_NK","B_cell::Naïve B","Stricture_minus_Control","Control","Stricture",5,0,0,5,0,FALSE
"SCP1884","T_NK","B_cell::Naïve B","Inflamed_minus_Control","Control","Inflamed",5,3,0,5,3,TRUE
"SCP1884","T_NK","B_cell::Naïve B","Inflamed_minus_Non_inflamed","Non-inflamed","Inflamed",10,3,0,10,3,TRUE
"SCP1884","T_NK","B_cell::Naïve B","Stricture_minus_Inflamed","Inflamed","Stricture",3,0,0,3,0,FALSE
"SCP1884","T_NK","Plasma::Activated plasma","Stricture_minus_Non_stricture","Non-stricture","Stricture",0,0,0,0,0,FALSE
"SCP1884","T_NK","Plasma::Activated plasma","Stricture_minus_Control","Control","Stricture",6,0,0,6,0,FALSE
"SCP1884","T_NK","Plasma::Activated plasma","Inflamed_minus_Control","Control","Inflamed",6,8,0,6,8,TRUE
"SCP1884","T_NK","Plasma::Activated plasma","Inflamed_minus_Non_inflamed","Non-inflamed","Inflamed",23,8,3,20,5,TRUE
"SCP1884","T_NK","Plasma::Activated plasma","Stricture_minus_Inflamed","Inflamed","Stricture",8,0,0,8,0,FALSE
"SCP1884","T_NK","Plasma::IgA plasma","Stricture_minus_Non_stricture","Non-stricture","Stricture",0,0,0,0,0,FALSE
"SCP1884","T_NK","Plasma::IgA plasma","Stricture_minus_Control","Control","Stricture",5,0,0,5,0,FALSE
"SCP1884","T_NK","Plasma::IgA plasma","Inflamed_minus_Control","Control","Inflamed",5,10,0,5,10,TRUE
"SCP1884","T_NK","Plasma::IgA plasma","Inflamed_minus_Non_inflamed","Non-inflamed","Inflamed",22,10,5,17,5,TRUE
"SCP1884","T_NK","Plasma::IgA plasma","Stricture_minus_Inflamed","Inflamed","Stricture",10,0,0,10,0,FALSE
"SCP1884","T_NK","Plasma::IgG plasma","Stricture_minus_Non_stricture","Non-stricture","Stricture",0,0,0,0,0,FALSE
"SCP1884","T_NK","Plasma::IgG plasma","Stricture_minus_Control","Control","Stricture",0,0,0,0,0,FALSE
"SCP1884","T_NK","Plasma::IgG plasma","Inflamed_minus_Control","Control","Inflamed",0,2,0,0,2,FALSE
"SCP1884","T_NK","Plasma::IgG plasma","Inflamed_minus_Non_inflamed","Non-inflamed","Inflamed",3,2,0,3,2,TRUE
"SCP1884","T_NK","Plasma::IgG plasma","Stricture_minus_Inflamed","Inflamed","Stricture",2,0,0,2,0,FALSE
"SCP1884","T_NK","Plasma::Transitional B","Stricture_minus_Non_stricture","Non-stricture","Stricture",0,0,0,0,0,FALSE
"SCP1884","T_NK","Plasma::Transitional B","Stricture_minus_Control","Control","Stricture",0,0,0,0,0,FALSE
"SCP1884","T_NK","Plasma::Transitional B","Inflamed_minus_Control","Control","Inflamed",0,0,0,0,0,FALSE
"SCP1884","T_NK","Plasma::Transitional B","Inflamed_minus_Non_inflamed","Non-inflamed","Inflamed",2,0,0,2,0,FALSE
"SCP1884","T_NK","Plasma::Transitional B","Stricture_minus_Inflamed","Inflamed","Stricture",0,0,0,0,0,FALSE
"SCP2959","B_cell::ActB3","Endothelial","Stricture_minus_Non_stricture","Non-stricture","Stricture",3,6,1,2,5,TRUE
"SCP2959","B_cell::ActB3","Endothelial","Stricture_minus_Control","Control","Stricture",3,6,0,3,6,TRUE
"SCP2959","B_cell::ActB3","Endothelial","Inflamed_minus_Control","Control","Inflamed",3,0,0,3,0,FALSE
"SCP2959","B_cell::ActB3","Endothelial","Inflamed_minus_Non_inflamed","Non-inflamed","Inflamed",0,0,0,0,0,FALSE
"SCP2959","B_cell::ActB3","Endothelial","Stricture_minus_Inflamed","Inflamed","Stricture",0,6,0,0,6,FALSE
"SCP2959","B_cell::ActB3","Epithelial","Stricture_minus_Non_stricture","Non-stricture","Stricture",3,8,2,1,6,TRUE
"SCP2959","B_cell::ActB3","Epithelial","Stricture_minus_Control","Control","Stricture",3,8,0,3,8,TRUE
"SCP2959","B_cell::ActB3","Epithelial","Inflamed_minus_Control","Control","Inflamed",3,0,0,3,0,FALSE
"SCP2959","B_cell::ActB3","Epithelial","Inflamed_minus_Non_inflamed","Non-inflamed","Inflamed",0,0,0,0,0,FALSE
"SCP2959","B_cell::ActB3","Epithelial","Stricture_minus_Inflamed","Inflamed","Stricture",0,8,0,0,8,FALSE
"SCP2959","B_cell::ActB3","Mast","Stricture_minus_Non_stricture","Non-stricture","Stricture",2,5,1,1,4,TRUE
"SCP2959","B_cell::ActB3","Mast","Stricture_minus_Control","Control","Stricture",3,5,0,3,5,TRUE
"SCP2959","B_cell::ActB3","Mast","Inflamed_minus_Control","Control","Inflamed",3,0,0,3,0,FALSE
"SCP2959","B_cell::ActB3","Mast","Inflamed_minus_Non_inflamed","Non-inflamed","Inflamed",0,0,0,0,0,FALSE
"SCP2959","B_cell::ActB3","Mast","Stricture_minus_Inflamed","Inflamed","Stricture",0,5,0,0,5,FALSE
"SCP2959","B_cell::ActB3","Mesenchymal_stromal","Stricture_minus_Non_stricture","Non-stricture","Stricture",2,6,1,1,5,TRUE
"SCP2959","B_cell::ActB3","Mesenchymal_stromal","Stricture_minus_Control","Control","Stricture",3,6,0,3,6,TRUE
"SCP2959","B_cell::ActB3","Mesenchymal_stromal","Inflamed_minus_Control","Control","Inflamed",3,0,0,3,0,FALSE
"SCP2959","B_cell::ActB3","Mesenchymal_stromal","Inflamed_minus_Non_inflamed","Non-inflamed","Inflamed",0,0,0,0,0,FALSE
"SCP2959","B_cell::ActB3","Mesenchymal_stromal","Stricture_minus_Inflamed","Inflamed","Stricture",0,6,0,0,6,FALSE
"SCP2959","B_cell::ActB3","Myeloid","Stricture_minus_Non_stricture","Non-stricture","Stricture",3,8,2,1,6,TRUE
"SCP2959","B_cell::ActB3","Myeloid","Stricture_minus_Control","Control","Stricture",3,8,0,3,8,TRUE
"SCP2959","B_cell::ActB3","Myeloid","Inflamed_minus_Control","Control","Inflamed",3,0,0,3,0,FALSE
"SCP2959","B_cell::ActB3","Myeloid","Inflamed_minus_Non_inflamed","Non-inflamed","Inflamed",0,0,0,0,0,FALSE
"SCP2959","B_cell::ActB3","Myeloid","Stricture_minus_Inflamed","Inflamed","Stricture",0,8,0,0,8,FALSE
"SCP2959","B_cell::ActB3","T_NK","Stricture_minus_Non_stricture","Non-stricture","Stricture",3,8,2,1,6,TRUE
"SCP2959","B_cell::ActB3","T_NK","Stricture_minus_Control","Control","Stricture",3,8,0,3,8,TRUE
"SCP2959","B_cell::ActB3","T_NK","Inflamed_minus_Control","Control","Inflamed",3,0,0,3,0,FALSE
"SCP2959","B_cell::ActB3","T_NK","Inflamed_minus_Non_inflamed","Non-inflamed","Inflamed",0,0,0,0,0,FALSE
"SCP2959","B_cell::ActB3","T_NK","Stricture_minus_Inflamed","Inflamed","Stricture",0,8,0,0,8,FALSE
"SCP2959","B_cell::CSM","Endothelial","Stricture_minus_Non_stricture","Non-stricture","Stricture",10,9,6,4,3,TRUE
"SCP2959","B_cell::CSM","Endothelial","Stricture_minus_Control","Control","Stricture",4,9,0,4,9,TRUE
"SCP2959","B_cell::CSM","Endothelial","Inflamed_minus_Control","Control","Inflamed",4,0,0,4,0,FALSE
"SCP2959","B_cell::CSM","Endothelial","Inflamed_minus_Non_inflamed","Non-inflamed","Inflamed",0,0,0,0,0,FALSE
"SCP2959","B_cell::CSM","Endothelial","Stricture_minus_Inflamed","Inflamed","Stricture",0,9,0,0,9,FALSE
"SCP2959","B_cell::CSM","Epithelial","Stricture_minus_Non_stricture","Non-stricture","Stricture",11,12,8,3,4,TRUE
"SCP2959","B_cell::CSM","Epithelial","Stricture_minus_Control","Control","Stricture",4,12,0,4,12,TRUE
"SCP2959","B_cell::CSM","Epithelial","Inflamed_minus_Control","Control","Inflamed",4,0,0,4,0,FALSE
"SCP2959","B_cell::CSM","Epithelial","Inflamed_minus_Non_inflamed","Non-inflamed","Inflamed",0,0,0,0,0,FALSE
"SCP2959","B_cell::CSM","Epithelial","Stricture_minus_Inflamed","Inflamed","Stricture",0,12,0,0,12,FALSE
"SCP2959","B_cell::CSM","Mast","Stricture_minus_Non_stricture","Non-stricture","Stricture",9,8,4,5,4,TRUE
"SCP2959","B_cell::CSM","Mast","Stricture_minus_Control","Control","Stricture",4,8,0,4,8,TRUE
"SCP2959","B_cell::CSM","Mast","Inflamed_minus_Control","Control","Inflamed",4,0,0,4,0,FALSE
"SCP2959","B_cell::CSM","Mast","Inflamed_minus_Non_inflamed","Non-inflamed","Inflamed",0,0,0,0,0,FALSE
"SCP2959","B_cell::CSM","Mast","Stricture_minus_Inflamed","Inflamed","Stricture",0,8,0,0,8,FALSE
"SCP2959","B_cell::CSM","Mesenchymal_stromal","Stricture_minus_Non_stricture","Non-stricture","Stricture",9,10,5,4,5,TRUE
"SCP2959","B_cell::CSM","Mesenchymal_stromal","Stricture_minus_Control","Control","Stricture",4,10,0,4,10,TRUE
"SCP2959","B_cell::CSM","Mesenchymal_stromal","Inflamed_minus_Control","Control","Inflamed",4,0,0,4,0,FALSE
"SCP2959","B_cell::CSM","Mesenchymal_stromal","Inflamed_minus_Non_inflamed","Non-inflamed","Inflamed",0,0,0,0,0,FALSE
"SCP2959","B_cell::CSM","Mesenchymal_stromal","Stricture_minus_Inflamed","Inflamed","Stricture",0,10,0,0,10,FALSE
"SCP2959","B_cell::CSM","Myeloid","Stricture_minus_Non_stricture","Non-stricture","Stricture",11,12,8,3,4,TRUE
"SCP2959","B_cell::CSM","Myeloid","Stricture_minus_Control","Control","Stricture",4,12,0,4,12,TRUE
"SCP2959","B_cell::CSM","Myeloid","Inflamed_minus_Control","Control","Inflamed",4,0,0,4,0,FALSE
"SCP2959","B_cell::CSM","Myeloid","Inflamed_minus_Non_inflamed","Non-inflamed","Inflamed",0,0,0,0,0,FALSE
"SCP2959","B_cell::CSM","Myeloid","Stricture_minus_Inflamed","Inflamed","Stricture",0,12,0,0,12,FALSE
"SCP2959","B_cell::CSM","T_NK","Stricture_minus_Non_stricture","Non-stricture","Stricture",11,12,8,3,4,TRUE
"SCP2959","B_cell::CSM","T_NK","Stricture_minus_Control","Control","Stricture",4,12,0,4,12,TRUE
"SCP2959","B_cell::CSM","T_NK","Inflamed_minus_Control","Control","Inflamed",4,0,0,4,0,FALSE
"SCP2959","B_cell::CSM","T_NK","Inflamed_minus_Non_inflamed","Non-inflamed","Inflamed",0,0,0,0,0,FALSE
"SCP2959","B_cell::CSM","T_NK","Stricture_minus_Inflamed","Inflamed","Stricture",0,12,0,0,12,FALSE
"SCP2959","B_cell::Centroblast B","Endothelial","Stricture_minus_Non_stricture","Non-stricture","Stricture",4,2,0,4,2,TRUE
"SCP2959","B_cell::Centroblast B","Endothelial","Stricture_minus_Control","Control","Stricture",2,2,0,2,2,TRUE
"SCP2959","B_cell::Centroblast B","Endothelial","Inflamed_minus_Control","Control","Inflamed",2,0,0,2,0,FALSE
"SCP2959","B_cell::Centroblast B","Endothelial","Inflamed_minus_Non_inflamed","Non-inflamed","Inflamed",0,0,0,0,0,FALSE
"SCP2959","B_cell::Centroblast B","Endothelial","Stricture_minus_Inflamed","Inflamed","Stricture",0,2,0,0,2,FALSE
"SCP2959","B_cell::Centroblast B","Epithelial","Stricture_minus_Non_stricture","Non-stricture","Stricture",4,3,1,3,2,TRUE
"SCP2959","B_cell::Centroblast B","Epithelial","Stricture_minus_Control","Control","Stricture",2,3,0,2,3,TRUE
"SCP2959","B_cell::Centroblast B","Epithelial","Inflamed_minus_Control","Control","Inflamed",2,0,0,2,0,FALSE
"SCP2959","B_cell::Centroblast B","Epithelial","Inflamed_minus_Non_inflamed","Non-inflamed","Inflamed",0,0,0,0,0,FALSE
"SCP2959","B_cell::Centroblast B","Epithelial","Stricture_minus_Inflamed","Inflamed","Stricture",0,3,0,0,3,FALSE
"SCP2959","B_cell::Centroblast B","Mast","Stricture_minus_Non_stricture","Non-stricture","Stricture",3,2,0,3,2,TRUE
"SCP2959","B_cell::Centroblast B","Mast","Stricture_minus_Control","Control","Stricture",2,2,0,2,2,TRUE
"SCP2959","B_cell::Centroblast B","Mast","Inflamed_minus_Control","Control","Inflamed",2,0,0,2,0,FALSE
"SCP2959","B_cell::Centroblast B","Mast","Inflamed_minus_Non_inflamed","Non-inflamed","Inflamed",0,0,0,0,0,FALSE
"SCP2959","B_cell::Centroblast B","Mast","Stricture_minus_Inflamed","Inflamed","Stricture",0,2,0,0,2,FALSE
"SCP2959","B_cell::Centroblast B","Mesenchymal_stromal","Stricture_minus_Non_stricture","Non-stricture","Stricture",3,2,0,3,2,TRUE
"SCP2959","B_cell::Centroblast B","Mesenchymal_stromal","Stricture_minus_Control","Control","Stricture",2,2,0,2,2,TRUE
"SCP2959","B_cell::Centroblast B","Mesenchymal_stromal","Inflamed_minus_Control","Control","Inflamed",2,0,0,2,0,FALSE
"SCP2959","B_cell::Centroblast B","Mesenchymal_stromal","Inflamed_minus_Non_inflamed","Non-inflamed","Inflamed",0,0,0,0,0,FALSE
"SCP2959","B_cell::Centroblast B","Mesenchymal_stromal","Stricture_minus_Inflamed","Inflamed","Stricture",0,2,0,0,2,FALSE
"SCP2959","B_cell::Centroblast B","Myeloid","Stricture_minus_Non_stricture","Non-stricture","Stricture",4,3,1,3,2,TRUE
"SCP2959","B_cell::Centroblast B","Myeloid","Stricture_minus_Control","Control","Stricture",2,3,0,2,3,TRUE
"SCP2959","B_cell::Centroblast B","Myeloid","Inflamed_minus_Control","Control","Inflamed",2,0,0,2,0,FALSE
"SCP2959","B_cell::Centroblast B","Myeloid","Inflamed_minus_Non_inflamed","Non-inflamed","Inflamed",0,0,0,0,0,FALSE
"SCP2959","B_cell::Centroblast B","Myeloid","Stricture_minus_Inflamed","Inflamed","Stricture",0,3,0,0,3,FALSE
"SCP2959","B_cell::Centroblast B","T_NK","Stricture_minus_Non_stricture","Non-stricture","Stricture",4,3,1,3,2,TRUE
"SCP2959","B_cell::Centroblast B","T_NK","Stricture_minus_Control","Control","Stricture",2,3,0,2,3,TRUE
"SCP2959","B_cell::Centroblast B","T_NK","Inflamed_minus_Control","Control","Inflamed",2,0,0,2,0,FALSE
"SCP2959","B_cell::Centroblast B","T_NK","Inflamed_minus_Non_inflamed","Non-inflamed","Inflamed",0,0,0,0,0,FALSE
"SCP2959","B_cell::Centroblast B","T_NK","Stricture_minus_Inflamed","Inflamed","Stricture",0,3,0,0,3,FALSE
"SCP2959","B_cell::Centrocyte B","Endothelial","Stricture_minus_Non_stricture","Non-stricture","Stricture",2,2,0,2,2,TRUE
"SCP2959","B_cell::Centrocyte B","Endothelial","Stricture_minus_Control","Control","Stricture",2,2,0,2,2,TRUE
"SCP2959","B_cell::Centrocyte B","Endothelial","Inflamed_minus_Control","Control","Inflamed",2,0,0,2,0,FALSE
"SCP2959","B_cell::Centrocyte B","Endothelial","Inflamed_minus_Non_inflamed","Non-inflamed","Inflamed",0,0,0,0,0,FALSE
"SCP2959","B_cell::Centrocyte B","Endothelial","Stricture_minus_Inflamed","Inflamed","Stricture",0,2,0,0,2,FALSE
"SCP2959","B_cell::Centrocyte B","Epithelial","Stricture_minus_Non_stricture","Non-stricture","Stricture",2,3,1,1,2,TRUE
"SCP2959","B_cell::Centrocyte B","Epithelial","Stricture_minus_Control","Control","Stricture",2,3,0,2,3,TRUE
"SCP2959","B_cell::Centrocyte B","Epithelial","Inflamed_minus_Control","Control","Inflamed",2,0,0,2,0,FALSE
"SCP2959","B_cell::Centrocyte B","Epithelial","Inflamed_minus_Non_inflamed","Non-inflamed","Inflamed",0,0,0,0,0,FALSE
"SCP2959","B_cell::Centrocyte B","Epithelial","Stricture_minus_Inflamed","Inflamed","Stricture",0,3,0,0,3,FALSE
"SCP2959","B_cell::Centrocyte B","Mast","Stricture_minus_Non_stricture","Non-stricture","Stricture",1,2,0,1,2,TRUE
"SCP2959","B_cell::Centrocyte B","Mast","Stricture_minus_Control","Control","Stricture",2,2,0,2,2,TRUE
"SCP2959","B_cell::Centrocyte B","Mast","Inflamed_minus_Control","Control","Inflamed",2,0,0,2,0,FALSE
"SCP2959","B_cell::Centrocyte B","Mast","Inflamed_minus_Non_inflamed","Non-inflamed","Inflamed",0,0,0,0,0,FALSE
"SCP2959","B_cell::Centrocyte B","Mast","Stricture_minus_Inflamed","Inflamed","Stricture",0,2,0,0,2,FALSE
"SCP2959","B_cell::Centrocyte B","Mesenchymal_stromal","Stricture_minus_Non_stricture","Non-stricture","Stricture",1,2,0,1,2,TRUE
"SCP2959","B_cell::Centrocyte B","Mesenchymal_stromal","Stricture_minus_Control","Control","Stricture",2,2,0,2,2,TRUE
"SCP2959","B_cell::Centrocyte B","Mesenchymal_stromal","Inflamed_minus_Control","Control","Inflamed",2,0,0,2,0,FALSE
"SCP2959","B_cell::Centrocyte B","Mesenchymal_stromal","Inflamed_minus_Non_inflamed","Non-inflamed","Inflamed",0,0,0,0,0,FALSE
"SCP2959","B_cell::Centrocyte B","Mesenchymal_stromal","Stricture_minus_Inflamed","Inflamed","Stricture",0,2,0,0,2,FALSE
"SCP2959","B_cell::Centrocyte B","Myeloid","Stricture_minus_Non_stricture","Non-stricture","Stricture",2,3,1,1,2,TRUE
"SCP2959","B_cell::Centrocyte B","Myeloid","Stricture_minus_Control","Control","Stricture",2,3,0,2,3,TRUE
"SCP2959","B_cell::Centrocyte B","Myeloid","Inflamed_minus_Control","Control","Inflamed",2,0,0,2,0,FALSE
"SCP2959","B_cell::Centrocyte B","Myeloid","Inflamed_minus_Non_inflamed","Non-inflamed","Inflamed",0,0,0,0,0,FALSE
"SCP2959","B_cell::Centrocyte B","Myeloid","Stricture_minus_Inflamed","Inflamed","Stricture",0,3,0,0,3,FALSE
"SCP2959","B_cell::Centrocyte B","T_NK","Stricture_minus_Non_stricture","Non-stricture","Stricture",2,3,1,1,2,TRUE
"SCP2959","B_cell::Centrocyte B","T_NK","Stricture_minus_Control","Control","Stricture",2,3,0,2,3,TRUE
"SCP2959","B_cell::Centrocyte B","T_NK","Inflamed_minus_Control","Control","Inflamed",2,0,0,2,0,FALSE
"SCP2959","B_cell::Centrocyte B","T_NK","Inflamed_minus_Non_inflamed","Non-inflamed","Inflamed",0,0,0,0,0,FALSE
"SCP2959","B_cell::Centrocyte B","T_NK","Stricture_minus_Inflamed","Inflamed","Stricture",0,3,0,0,3,FALSE
"SCP2959","B_cell::DN2","Endothelial","Stricture_minus_Non_stricture","Non-stricture","Stricture",5,5,1,4,4,TRUE
"SCP2959","B_cell::DN2","Endothelial","Stricture_minus_Control","Control","Stricture",1,5,0,1,5,TRUE
"SCP2959","B_cell::DN2","Endothelial","Inflamed_minus_Control","Control","Inflamed",1,1,0,1,1,TRUE
"SCP2959","B_cell::DN2","Endothelial","Inflamed_minus_Non_inflamed","Non-inflamed","Inflamed",0,1,0,0,1,FALSE
"SCP2959","B_cell::DN2","Endothelial","Stricture_minus_Inflamed","Inflamed","Stricture",1,5,0,1,5,TRUE
"SCP2959","B_cell::DN2","Epithelial","Stricture_minus_Non_stricture","Non-stricture","Stricture",5,6,1,4,5,TRUE
"SCP2959","B_cell::DN2","Epithelial","Stricture_minus_Control","Control","Stricture",1,6,0,1,6,TRUE
"SCP2959","B_cell::DN2","Epithelial","Inflamed_minus_Control","Control","Inflamed",1,1,0,1,1,TRUE
"SCP2959","B_cell::DN2","Epithelial","Inflamed_minus_Non_inflamed","Non-inflamed","Inflamed",0,1,0,0,1,FALSE
"SCP2959","B_cell::DN2","Epithelial","Stricture_minus_Inflamed","Inflamed","Stricture",1,6,0,1,6,TRUE
"SCP2959","B_cell::DN2","Mast","Stricture_minus_Non_stricture","Non-stricture","Stricture",4,4,1,3,3,TRUE
"SCP2959","B_cell::DN2","Mast","Stricture_minus_Control","Control","Stricture",1,4,0,1,4,TRUE
"SCP2959","B_cell::DN2","Mast","Inflamed_minus_Control","Control","Inflamed",1,0,0,1,0,FALSE
"SCP2959","B_cell::DN2","Mast","Inflamed_minus_Non_inflamed","Non-inflamed","Inflamed",0,0,0,0,0,FALSE
"SCP2959","B_cell::DN2","Mast","Stricture_minus_Inflamed","Inflamed","Stricture",0,4,0,0,4,FALSE
"SCP2959","B_cell::DN2","Mesenchymal_stromal","Stricture_minus_Non_stricture","Non-stricture","Stricture",4,5,1,3,4,TRUE
"SCP2959","B_cell::DN2","Mesenchymal_stromal","Stricture_minus_Control","Control","Stricture",1,5,0,1,5,TRUE
"SCP2959","B_cell::DN2","Mesenchymal_stromal","Inflamed_minus_Control","Control","Inflamed",1,1,0,1,1,TRUE
"SCP2959","B_cell::DN2","Mesenchymal_stromal","Inflamed_minus_Non_inflamed","Non-inflamed","Inflamed",0,1,0,0,1,FALSE
"SCP2959","B_cell::DN2","Mesenchymal_stromal","Stricture_minus_Inflamed","Inflamed","Stricture",1,5,0,1,5,TRUE
"SCP2959","B_cell::DN2","Myeloid","Stricture_minus_Non_stricture","Non-stricture","Stricture",5,6,1,4,5,TRUE
"SCP2959","B_cell::DN2","Myeloid","Stricture_minus_Control","Control","Stricture",1,6,0,1,6,TRUE
"SCP2959","B_cell::DN2","Myeloid","Inflamed_minus_Control","Control","Inflamed",1,1,0,1,1,TRUE
"SCP2959","B_cell::DN2","Myeloid","Inflamed_minus_Non_inflamed","Non-inflamed","Inflamed",0,1,0,0,1,FALSE
"SCP2959","B_cell::DN2","Myeloid","Stricture_minus_Inflamed","Inflamed","Stricture",1,6,0,1,6,TRUE
"SCP2959","B_cell::DN2","T_NK","Stricture_minus_Non_stricture","Non-stricture","Stricture",5,6,1,4,5,TRUE
"SCP2959","B_cell::DN2","T_NK","Stricture_minus_Control","Control","Stricture",1,6,0,1,6,TRUE
"SCP2959","B_cell::DN2","T_NK","Inflamed_minus_Control","Control","Inflamed",1,1,0,1,1,TRUE
"SCP2959","B_cell::DN2","T_NK","Inflamed_minus_Non_inflamed","Non-inflamed","Inflamed",0,1,0,0,1,FALSE
"SCP2959","B_cell::DN2","T_NK","Stricture_minus_Inflamed","Inflamed","Stricture",1,6,0,1,6,TRUE
"SCP2959","B_cell::IgM-only","Endothelial","Stricture_minus_Non_stricture","Non-stricture","Stricture",0,2,0,0,2,FALSE
"SCP2959","B_cell::IgM-only","Endothelial","Stricture_minus_Control","Control","Stricture",1,2,0,1,2,TRUE
"SCP2959","B_cell::IgM-only","Endothelial","Inflamed_minus_Control","Control","Inflamed",1,0,0,1,0,FALSE
"SCP2959","B_cell::IgM-only","Endothelial","Inflamed_minus_Non_inflamed","Non-inflamed","Inflamed",0,0,0,0,0,FALSE
"SCP2959","B_cell::IgM-only","Endothelial","Stricture_minus_Inflamed","Inflamed","Stricture",0,2,0,0,2,FALSE
"SCP2959","B_cell::IgM-only","Epithelial","Stricture_minus_Non_stricture","Non-stricture","Stricture",0,2,0,0,2,FALSE
"SCP2959","B_cell::IgM-only","Epithelial","Stricture_minus_Control","Control","Stricture",1,2,0,1,2,TRUE
"SCP2959","B_cell::IgM-only","Epithelial","Inflamed_minus_Control","Control","Inflamed",1,0,0,1,0,FALSE
"SCP2959","B_cell::IgM-only","Epithelial","Inflamed_minus_Non_inflamed","Non-inflamed","Inflamed",0,0,0,0,0,FALSE
"SCP2959","B_cell::IgM-only","Epithelial","Stricture_minus_Inflamed","Inflamed","Stricture",0,2,0,0,2,FALSE
"SCP2959","B_cell::IgM-only","Mast","Stricture_minus_Non_stricture","Non-stricture","Stricture",0,2,0,0,2,FALSE
"SCP2959","B_cell::IgM-only","Mast","Stricture_minus_Control","Control","Stricture",1,2,0,1,2,TRUE
"SCP2959","B_cell::IgM-only","Mast","Inflamed_minus_Control","Control","Inflamed",1,0,0,1,0,FALSE
"SCP2959","B_cell::IgM-only","Mast","Inflamed_minus_Non_inflamed","Non-inflamed","Inflamed",0,0,0,0,0,FALSE
"SCP2959","B_cell::IgM-only","Mast","Stricture_minus_Inflamed","Inflamed","Stricture",0,2,0,0,2,FALSE
"SCP2959","B_cell::IgM-only","Mesenchymal_stromal","Stricture_minus_Non_stricture","Non-stricture","Stricture",0,2,0,0,2,FALSE
"SCP2959","B_cell::IgM-only","Mesenchymal_stromal","Stricture_minus_Control","Control","Stricture",1,2,0,1,2,TRUE
"SCP2959","B_cell::IgM-only","Mesenchymal_stromal","Inflamed_minus_Control","Control","Inflamed",1,0,0,1,0,FALSE
"SCP2959","B_cell::IgM-only","Mesenchymal_stromal","Inflamed_minus_Non_inflamed","Non-inflamed","Inflamed",0,0,0,0,0,FALSE
"SCP2959","B_cell::IgM-only","Mesenchymal_stromal","Stricture_minus_Inflamed","Inflamed","Stricture",0,2,0,0,2,FALSE
"SCP2959","B_cell::IgM-only","Myeloid","Stricture_minus_Non_stricture","Non-stricture","Stricture",0,2,0,0,2,FALSE
"SCP2959","B_cell::IgM-only","Myeloid","Stricture_minus_Control","Control","Stricture",1,2,0,1,2,TRUE
"SCP2959","B_cell::IgM-only","Myeloid","Inflamed_minus_Control","Control","Inflamed",1,0,0,1,0,FALSE
"SCP2959","B_cell::IgM-only","Myeloid","Inflamed_minus_Non_inflamed","Non-inflamed","Inflamed",0,0,0,0,0,FALSE
"SCP2959","B_cell::IgM-only","Myeloid","Stricture_minus_Inflamed","Inflamed","Stricture",0,2,0,0,2,FALSE
"SCP2959","B_cell::IgM-only","T_NK","Stricture_minus_Non_stricture","Non-stricture","Stricture",0,2,0,0,2,FALSE
"SCP2959","B_cell::IgM-only","T_NK","Stricture_minus_Control","Control","Stricture",1,2,0,1,2,TRUE
"SCP2959","B_cell::IgM-only","T_NK","Inflamed_minus_Control","Control","Inflamed",1,0,0,1,0,FALSE
"SCP2959","B_cell::IgM-only","T_NK","Inflamed_minus_Non_inflamed","Non-inflamed","Inflamed",0,0,0,0,0,FALSE
"SCP2959","B_cell::IgM-only","T_NK","Stricture_minus_Inflamed","Inflamed","Stricture",0,2,0,0,2,FALSE
"SCP2959","B_cell::MZ","Endothelial","Stricture_minus_Non_stricture","Non-stricture","Stricture",1,2,0,1,2,TRUE
"SCP2959","B_cell::MZ","Endothelial","Stricture_minus_Control","Control","Stricture",1,2,0,1,2,TRUE
"SCP2959","B_cell::MZ","Endothelial","Inflamed_minus_Control","Control","Inflamed",1,0,0,1,0,FALSE
"SCP2959","B_cell::MZ","Endothelial","Inflamed_minus_Non_inflamed","Non-inflamed","Inflamed",0,0,0,0,0,FALSE
"SCP2959","B_cell::MZ","Endothelial","Stricture_minus_Inflamed","Inflamed","Stricture",0,2,0,0,2,FALSE
"SCP2959","B_cell::MZ","Epithelial","Stricture_minus_Non_stricture","Non-stricture","Stricture",1,3,1,0,2,TRUE
"SCP2959","B_cell::MZ","Epithelial","Stricture_minus_Control","Control","Stricture",1,3,0,1,3,TRUE
"SCP2959","B_cell::MZ","Epithelial","Inflamed_minus_Control","Control","Inflamed",1,0,0,1,0,FALSE
"SCP2959","B_cell::MZ","Epithelial","Inflamed_minus_Non_inflamed","Non-inflamed","Inflamed",0,0,0,0,0,FALSE
"SCP2959","B_cell::MZ","Epithelial","Stricture_minus_Inflamed","Inflamed","Stricture",0,3,0,0,3,FALSE
"SCP2959","B_cell::MZ","Mast","Stricture_minus_Non_stricture","Non-stricture","Stricture",0,2,0,0,2,FALSE
"SCP2959","B_cell::MZ","Mast","Stricture_minus_Control","Control","Stricture",1,2,0,1,2,TRUE
"SCP2959","B_cell::MZ","Mast","Inflamed_minus_Control","Control","Inflamed",1,0,0,1,0,FALSE
"SCP2959","B_cell::MZ","Mast","Inflamed_minus_Non_inflamed","Non-inflamed","Inflamed",0,0,0,0,0,FALSE
"SCP2959","B_cell::MZ","Mast","Stricture_minus_Inflamed","Inflamed","Stricture",0,2,0,0,2,FALSE
"SCP2959","B_cell::MZ","Mesenchymal_stromal","Stricture_minus_Non_stricture","Non-stricture","Stricture",0,2,0,0,2,FALSE
"SCP2959","B_cell::MZ","Mesenchymal_stromal","Stricture_minus_Control","Control","Stricture",1,2,0,1,2,TRUE
"SCP2959","B_cell::MZ","Mesenchymal_stromal","Inflamed_minus_Control","Control","Inflamed",1,0,0,1,0,FALSE
"SCP2959","B_cell::MZ","Mesenchymal_stromal","Inflamed_minus_Non_inflamed","Non-inflamed","Inflamed",0,0,0,0,0,FALSE
"SCP2959","B_cell::MZ","Mesenchymal_stromal","Stricture_minus_Inflamed","Inflamed","Stricture",0,2,0,0,2,FALSE
"SCP2959","B_cell::MZ","Myeloid","Stricture_minus_Non_stricture","Non-stricture","Stricture",1,3,1,0,2,TRUE
"SCP2959","B_cell::MZ","Myeloid","Stricture_minus_Control","Control","Stricture",1,3,0,1,3,TRUE
"SCP2959","B_cell::MZ","Myeloid","Inflamed_minus_Control","Control","Inflamed",1,0,0,1,0,FALSE
"SCP2959","B_cell::MZ","Myeloid","Inflamed_minus_Non_inflamed","Non-inflamed","Inflamed",0,0,0,0,0,FALSE
"SCP2959","B_cell::MZ","Myeloid","Stricture_minus_Inflamed","Inflamed","Stricture",0,3,0,0,3,FALSE
"SCP2959","B_cell::MZ","T_NK","Stricture_minus_Non_stricture","Non-stricture","Stricture",1,3,1,0,2,TRUE
"SCP2959","B_cell::MZ","T_NK","Stricture_minus_Control","Control","Stricture",1,3,0,1,3,TRUE
"SCP2959","B_cell::MZ","T_NK","Inflamed_minus_Control","Control","Inflamed",1,0,0,1,0,FALSE
"SCP2959","B_cell::MZ","T_NK","Inflamed_minus_Non_inflamed","Non-inflamed","Inflamed",0,0,0,0,0,FALSE
"SCP2959","B_cell::MZ","T_NK","Stricture_minus_Inflamed","Inflamed","Stricture",0,3,0,0,3,FALSE
"SCP2959","B_cell::Naïve B","Endothelial","Stricture_minus_Non_stricture","Non-stricture","Stricture",4,6,1,3,5,TRUE
"SCP2959","B_cell::Naïve B","Endothelial","Stricture_minus_Control","Control","Stricture",4,6,0,4,6,TRUE
"SCP2959","B_cell::Naïve B","Endothelial","Inflamed_minus_Control","Control","Inflamed",4,0,0,4,0,FALSE
"SCP2959","B_cell::Naïve B","Endothelial","Inflamed_minus_Non_inflamed","Non-inflamed","Inflamed",0,0,0,0,0,FALSE
"SCP2959","B_cell::Naïve B","Endothelial","Stricture_minus_Inflamed","Inflamed","Stricture",0,6,0,0,6,FALSE
"SCP2959","B_cell::Naïve B","Epithelial","Stricture_minus_Non_stricture","Non-stricture","Stricture",4,8,2,2,6,TRUE
"SCP2959","B_cell::Naïve B","Epithelial","Stricture_minus_Control","Control","Stricture",4,8,0,4,8,TRUE
"SCP2959","B_cell::Naïve B","Epithelial","Inflamed_minus_Control","Control","Inflamed",4,0,0,4,0,FALSE
"SCP2959","B_cell::Naïve B","Epithelial","Inflamed_minus_Non_inflamed","Non-inflamed","Inflamed",0,0,0,0,0,FALSE
"SCP2959","B_cell::Naïve B","Epithelial","Stricture_minus_Inflamed","Inflamed","Stricture",0,8,0,0,8,FALSE
"SCP2959","B_cell::Naïve B","Mast","Stricture_minus_Non_stricture","Non-stricture","Stricture",3,6,1,2,5,TRUE
"SCP2959","B_cell::Naïve B","Mast","Stricture_minus_Control","Control","Stricture",4,6,0,4,6,TRUE
"SCP2959","B_cell::Naïve B","Mast","Inflamed_minus_Control","Control","Inflamed",4,0,0,4,0,FALSE
"SCP2959","B_cell::Naïve B","Mast","Inflamed_minus_Non_inflamed","Non-inflamed","Inflamed",0,0,0,0,0,FALSE
"SCP2959","B_cell::Naïve B","Mast","Stricture_minus_Inflamed","Inflamed","Stricture",0,6,0,0,6,FALSE
"SCP2959","B_cell::Naïve B","Mesenchymal_stromal","Stricture_minus_Non_stricture","Non-stricture","Stricture",3,6,1,2,5,TRUE
"SCP2959","B_cell::Naïve B","Mesenchymal_stromal","Stricture_minus_Control","Control","Stricture",4,6,0,4,6,TRUE
"SCP2959","B_cell::Naïve B","Mesenchymal_stromal","Inflamed_minus_Control","Control","Inflamed",4,0,0,4,0,FALSE
"SCP2959","B_cell::Naïve B","Mesenchymal_stromal","Inflamed_minus_Non_inflamed","Non-inflamed","Inflamed",0,0,0,0,0,FALSE
"SCP2959","B_cell::Naïve B","Mesenchymal_stromal","Stricture_minus_Inflamed","Inflamed","Stricture",0,6,0,0,6,FALSE
"SCP2959","B_cell::Naïve B","Myeloid","Stricture_minus_Non_stricture","Non-stricture","Stricture",4,8,2,2,6,TRUE
"SCP2959","B_cell::Naïve B","Myeloid","Stricture_minus_Control","Control","Stricture",4,8,0,4,8,TRUE
"SCP2959","B_cell::Naïve B","Myeloid","Inflamed_minus_Control","Control","Inflamed",4,0,0,4,0,FALSE
"SCP2959","B_cell::Naïve B","Myeloid","Inflamed_minus_Non_inflamed","Non-inflamed","Inflamed",0,0,0,0,0,FALSE
"SCP2959","B_cell::Naïve B","Myeloid","Stricture_minus_Inflamed","Inflamed","Stricture",0,8,0,0,8,FALSE
"SCP2959","B_cell::Naïve B","T_NK","Stricture_minus_Non_stricture","Non-stricture","Stricture",4,8,2,2,6,TRUE
"SCP2959","B_cell::Naïve B","T_NK","Stricture_minus_Control","Control","Stricture",4,8,0,4,8,TRUE
"SCP2959","B_cell::Naïve B","T_NK","Inflamed_minus_Control","Control","Inflamed",4,0,0,4,0,FALSE
"SCP2959","B_cell::Naïve B","T_NK","Inflamed_minus_Non_inflamed","Non-inflamed","Inflamed",0,0,0,0,0,FALSE
"SCP2959","B_cell::Naïve B","T_NK","Stricture_minus_Inflamed","Inflamed","Stricture",0,8,0,0,8,FALSE
"SCP2959","Plasma::Activated plasma","Endothelial","Stricture_minus_Non_stricture","Non-stricture","Stricture",10,9,6,4,3,TRUE
"SCP2959","Plasma::Activated plasma","Endothelial","Stricture_minus_Control","Control","Stricture",4,9,0,4,9,TRUE
"SCP2959","Plasma::Activated plasma","Endothelial","Inflamed_minus_Control","Control","Inflamed",4,0,0,4,0,FALSE
"SCP2959","Plasma::Activated plasma","Endothelial","Inflamed_minus_Non_inflamed","Non-inflamed","Inflamed",0,0,0,0,0,FALSE
"SCP2959","Plasma::Activated plasma","Endothelial","Stricture_minus_Inflamed","Inflamed","Stricture",0,9,0,0,9,FALSE
"SCP2959","Plasma::Activated plasma","Epithelial","Stricture_minus_Non_stricture","Non-stricture","Stricture",10,11,7,3,4,TRUE
"SCP2959","Plasma::Activated plasma","Epithelial","Stricture_minus_Control","Control","Stricture",5,11,0,5,11,TRUE
"SCP2959","Plasma::Activated plasma","Epithelial","Inflamed_minus_Control","Control","Inflamed",5,0,0,5,0,FALSE
"SCP2959","Plasma::Activated plasma","Epithelial","Inflamed_minus_Non_inflamed","Non-inflamed","Inflamed",0,0,0,0,0,FALSE
"SCP2959","Plasma::Activated plasma","Epithelial","Stricture_minus_Inflamed","Inflamed","Stricture",0,11,0,0,11,FALSE
"SCP2959","Plasma::Activated plasma","Mast","Stricture_minus_Non_stricture","Non-stricture","Stricture",9,11,6,3,5,TRUE
"SCP2959","Plasma::Activated plasma","Mast","Stricture_minus_Control","Control","Stricture",5,11,0,5,11,TRUE
"SCP2959","Plasma::Activated plasma","Mast","Inflamed_minus_Control","Control","Inflamed",5,0,0,5,0,FALSE
"SCP2959","Plasma::Activated plasma","Mast","Inflamed_minus_Non_inflamed","Non-inflamed","Inflamed",0,0,0,0,0,FALSE
"SCP2959","Plasma::Activated plasma","Mast","Stricture_minus_Inflamed","Inflamed","Stricture",0,11,0,0,11,FALSE
"SCP2959","Plasma::Activated plasma","Mesenchymal_stromal","Stricture_minus_Non_stricture","Non-stricture","Stricture",9,12,7,2,5,TRUE
"SCP2959","Plasma::Activated plasma","Mesenchymal_stromal","Stricture_minus_Control","Control","Stricture",5,12,0,5,12,TRUE
"SCP2959","Plasma::Activated plasma","Mesenchymal_stromal","Inflamed_minus_Control","Control","Inflamed",5,0,0,5,0,FALSE
"SCP2959","Plasma::Activated plasma","Mesenchymal_stromal","Inflamed_minus_Non_inflamed","Non-inflamed","Inflamed",0,0,0,0,0,FALSE
"SCP2959","Plasma::Activated plasma","Mesenchymal_stromal","Stricture_minus_Inflamed","Inflamed","Stricture",0,12,0,0,12,FALSE
"SCP2959","Plasma::Activated plasma","Myeloid","Stricture_minus_Non_stricture","Non-stricture","Stricture",10,12,7,3,5,TRUE
"SCP2959","Plasma::Activated plasma","Myeloid","Stricture_minus_Control","Control","Stricture",5,12,0,5,12,TRUE
"SCP2959","Plasma::Activated plasma","Myeloid","Inflamed_minus_Control","Control","Inflamed",5,0,0,5,0,FALSE
"SCP2959","Plasma::Activated plasma","Myeloid","Inflamed_minus_Non_inflamed","Non-inflamed","Inflamed",0,0,0,0,0,FALSE
"SCP2959","Plasma::Activated plasma","Myeloid","Stricture_minus_Inflamed","Inflamed","Stricture",0,12,0,0,12,FALSE
"SCP2959","Plasma::Activated plasma","T_NK","Stricture_minus_Non_stricture","Non-stricture","Stricture",10,12,7,3,5,TRUE
"SCP2959","Plasma::Activated plasma","T_NK","Stricture_minus_Control","Control","Stricture",5,12,0,5,12,TRUE
"SCP2959","Plasma::Activated plasma","T_NK","Inflamed_minus_Control","Control","Inflamed",5,0,0,5,0,FALSE
"SCP2959","Plasma::Activated plasma","T_NK","Inflamed_minus_Non_inflamed","Non-inflamed","Inflamed",0,0,0,0,0,FALSE
"SCP2959","Plasma::Activated plasma","T_NK","Stricture_minus_Inflamed","Inflamed","Stricture",0,12,0,0,12,FALSE
"SCP2959","Plasma::IgA plasma","Endothelial","Stricture_minus_Non_stricture","Non-stricture","Stricture",10,10,7,3,3,TRUE
"SCP2959","Plasma::IgA plasma","Endothelial","Stricture_minus_Control","Control","Stricture",3,10,0,3,10,TRUE
"SCP2959","Plasma::IgA plasma","Endothelial","Inflamed_minus_Control","Control","Inflamed",3,1,0,3,1,TRUE
"SCP2959","Plasma::IgA plasma","Endothelial","Inflamed_minus_Non_inflamed","Non-inflamed","Inflamed",0,1,0,0,1,FALSE
"SCP2959","Plasma::IgA plasma","Endothelial","Stricture_minus_Inflamed","Inflamed","Stricture",1,10,0,1,10,TRUE
"SCP2959","Plasma::IgA plasma","Epithelial","Stricture_minus_Non_stricture","Non-stricture","Stricture",10,14,9,1,5,TRUE
"SCP2959","Plasma::IgA plasma","Epithelial","Stricture_minus_Control","Control","Stricture",4,14,0,4,14,TRUE
"SCP2959","Plasma::IgA plasma","Epithelial","Inflamed_minus_Control","Control","Inflamed",4,1,0,4,1,TRUE
"SCP2959","Plasma::IgA plasma","Epithelial","Inflamed_minus_Non_inflamed","Non-inflamed","Inflamed",0,1,0,0,1,FALSE
"SCP2959","Plasma::IgA plasma","Epithelial","Stricture_minus_Inflamed","Inflamed","Stricture",1,14,1,0,13,TRUE
"SCP2959","Plasma::IgA plasma","Mast","Stricture_minus_Non_stricture","Non-stricture","Stricture",9,11,6,3,5,TRUE
"SCP2959","Plasma::IgA plasma","Mast","Stricture_minus_Control","Control","Stricture",4,11,0,4,11,TRUE
"SCP2959","Plasma::IgA plasma","Mast","Inflamed_minus_Control","Control","Inflamed",4,0,0,4,0,FALSE
"SCP2959","Plasma::IgA plasma","Mast","Inflamed_minus_Non_inflamed","Non-inflamed","Inflamed",0,0,0,0,0,FALSE
"SCP2959","Plasma::IgA plasma","Mast","Stricture_minus_Inflamed","Inflamed","Stricture",0,11,0,0,11,FALSE
"SCP2959","Plasma::IgA plasma","Mesenchymal_stromal","Stricture_minus_Non_stricture","Non-stricture","Stricture",9,12,7,2,5,TRUE
"SCP2959","Plasma::IgA plasma","Mesenchymal_stromal","Stricture_minus_Control","Control","Stricture",4,12,0,4,12,TRUE
"SCP2959","Plasma::IgA plasma","Mesenchymal_stromal","Inflamed_minus_Control","Control","Inflamed",4,1,0,4,1,TRUE
"SCP2959","Plasma::IgA plasma","Mesenchymal_stromal","Inflamed_minus_Non_inflamed","Non-inflamed","Inflamed",0,1,0,0,1,FALSE
"SCP2959","Plasma::IgA plasma","Mesenchymal_stromal","Stricture_minus_Inflamed","Inflamed","Stricture",1,12,1,0,11,TRUE
"SCP2959","Plasma::IgA plasma","Myeloid","Stricture_minus_Non_stricture","Non-stricture","Stricture",10,15,9,1,6,TRUE
"SCP2959","Plasma::IgA plasma","Myeloid","Stricture_minus_Control","Control","Stricture",4,15,0,4,15,TRUE
"SCP2959","Plasma::IgA plasma","Myeloid","Inflamed_minus_Control","Control","Inflamed",4,1,0,4,1,TRUE
"SCP2959","Plasma::IgA plasma","Myeloid","Inflamed_minus_Non_inflamed","Non-inflamed","Inflamed",0,1,0,0,1,FALSE
"SCP2959","Plasma::IgA plasma","Myeloid","Stricture_minus_Inflamed","Inflamed","Stricture",1,15,1,0,14,TRUE
"SCP2959","Plasma::IgA plasma","T_NK","Stricture_minus_Non_stricture","Non-stricture","Stricture",10,14,9,1,5,TRUE
"SCP2959","Plasma::IgA plasma","T_NK","Stricture_minus_Control","Control","Stricture",4,14,0,4,14,TRUE
"SCP2959","Plasma::IgA plasma","T_NK","Inflamed_minus_Control","Control","Inflamed",4,1,0,4,1,TRUE
"SCP2959","Plasma::IgA plasma","T_NK","Inflamed_minus_Non_inflamed","Non-inflamed","Inflamed",0,1,0,0,1,FALSE
"SCP2959","Plasma::IgA plasma","T_NK","Stricture_minus_Inflamed","Inflamed","Stricture",1,14,1,0,13,TRUE
"SCP2959","Plasma::IgG plasma","Endothelial","Stricture_minus_Non_stricture","Non-stricture","Stricture",4,8,2,2,6,TRUE
"SCP2959","Plasma::IgG plasma","Endothelial","Stricture_minus_Control","Control","Stricture",2,8,0,2,8,TRUE
"SCP2959","Plasma::IgG plasma","Endothelial","Inflamed_minus_Control","Control","Inflamed",2,1,0,2,1,TRUE
"SCP2959","Plasma::IgG plasma","Endothelial","Inflamed_minus_Non_inflamed","Non-inflamed","Inflamed",0,1,0,0,1,FALSE
"SCP2959","Plasma::IgG plasma","Endothelial","Stricture_minus_Inflamed","Inflamed","Stricture",1,8,0,1,8,TRUE
"SCP2959","Plasma::IgG plasma","Epithelial","Stricture_minus_Non_stricture","Non-stricture","Stricture",4,10,2,2,8,TRUE
"SCP2959","Plasma::IgG plasma","Epithelial","Stricture_minus_Control","Control","Stricture",2,10,0,2,10,TRUE
"SCP2959","Plasma::IgG plasma","Epithelial","Inflamed_minus_Control","Control","Inflamed",2,1,0,2,1,TRUE
"SCP2959","Plasma::IgG plasma","Epithelial","Inflamed_minus_Non_inflamed","Non-inflamed","Inflamed",0,1,0,0,1,FALSE
"SCP2959","Plasma::IgG plasma","Epithelial","Stricture_minus_Inflamed","Inflamed","Stricture",1,10,1,0,9,TRUE
"SCP2959","Plasma::IgG plasma","Mast","Stricture_minus_Non_stricture","Non-stricture","Stricture",3,8,1,2,7,TRUE
"SCP2959","Plasma::IgG plasma","Mast","Stricture_minus_Control","Control","Stricture",2,8,0,2,8,TRUE
"SCP2959","Plasma::IgG plasma","Mast","Inflamed_minus_Control","Control","Inflamed",2,0,0,2,0,FALSE
"SCP2959","Plasma::IgG plasma","Mast","Inflamed_minus_Non_inflamed","Non-inflamed","Inflamed",0,0,0,0,0,FALSE
"SCP2959","Plasma::IgG plasma","Mast","Stricture_minus_Inflamed","Inflamed","Stricture",0,8,0,0,8,FALSE
"SCP2959","Plasma::IgG plasma","Mesenchymal_stromal","Stricture_minus_Non_stricture","Non-stricture","Stricture",3,9,2,1,7,TRUE
"SCP2959","Plasma::IgG plasma","Mesenchymal_stromal","Stricture_minus_Control","Control","Stricture",2,9,0,2,9,TRUE
"SCP2959","Plasma::IgG plasma","Mesenchymal_stromal","Inflamed_minus_Control","Control","Inflamed",2,1,0,2,1,TRUE
"SCP2959","Plasma::IgG plasma","Mesenchymal_stromal","Inflamed_minus_Non_inflamed","Non-inflamed","Inflamed",0,1,0,0,1,FALSE
"SCP2959","Plasma::IgG plasma","Mesenchymal_stromal","Stricture_minus_Inflamed","Inflamed","Stricture",1,9,1,0,8,TRUE
"SCP2959","Plasma::IgG plasma","Myeloid","Stricture_minus_Non_stricture","Non-stricture","Stricture",4,10,2,2,8,TRUE
"SCP2959","Plasma::IgG plasma","Myeloid","Stricture_minus_Control","Control","Stricture",2,10,0,2,10,TRUE
"SCP2959","Plasma::IgG plasma","Myeloid","Inflamed_minus_Control","Control","Inflamed",2,1,0,2,1,TRUE
"SCP2959","Plasma::IgG plasma","Myeloid","Inflamed_minus_Non_inflamed","Non-inflamed","Inflamed",0,1,0,0,1,FALSE
"SCP2959","Plasma::IgG plasma","Myeloid","Stricture_minus_Inflamed","Inflamed","Stricture",1,10,1,0,9,TRUE
"SCP2959","Plasma::IgG plasma","T_NK","Stricture_minus_Non_stricture","Non-stricture","Stricture",4,10,2,2,8,TRUE
"SCP2959","Plasma::IgG plasma","T_NK","Stricture_minus_Control","Control","Stricture",2,10,0,2,10,TRUE
"SCP2959","Plasma::IgG plasma","T_NK","Inflamed_minus_Control","Control","Inflamed",2,1,0,2,1,TRUE
"SCP2959","Plasma::IgG plasma","T_NK","Inflamed_minus_Non_inflamed","Non-inflamed","Inflamed",0,1,0,0,1,FALSE
"SCP2959","Plasma::IgG plasma","T_NK","Stricture_minus_Inflamed","Inflamed","Stricture",1,10,1,0,9,TRUE
"SCP2959","Plasma::Transitional B","Endothelial","Stricture_minus_Non_stricture","Non-stricture","Stricture",1,1,0,1,1,TRUE
"SCP2959","Plasma::Transitional B","Endothelial","Stricture_minus_Control","Control","Stricture",0,1,0,0,1,FALSE
"SCP2959","Plasma::Transitional B","Endothelial","Inflamed_minus_Control","Control","Inflamed",0,0,0,0,0,FALSE
"SCP2959","Plasma::Transitional B","Endothelial","Inflamed_minus_Non_inflamed","Non-inflamed","Inflamed",0,0,0,0,0,FALSE
"SCP2959","Plasma::Transitional B","Endothelial","Stricture_minus_Inflamed","Inflamed","Stricture",0,1,0,0,1,FALSE
"SCP2959","Plasma::Transitional B","Epithelial","Stricture_minus_Non_stricture","Non-stricture","Stricture",1,1,0,1,1,TRUE
"SCP2959","Plasma::Transitional B","Epithelial","Stricture_minus_Control","Control","Stricture",0,1,0,0,1,FALSE
"SCP2959","Plasma::Transitional B","Epithelial","Inflamed_minus_Control","Control","Inflamed",0,0,0,0,0,FALSE
"SCP2959","Plasma::Transitional B","Epithelial","Inflamed_minus_Non_inflamed","Non-inflamed","Inflamed",0,0,0,0,0,FALSE
"SCP2959","Plasma::Transitional B","Epithelial","Stricture_minus_Inflamed","Inflamed","Stricture",0,1,0,0,1,FALSE
"SCP2959","Plasma::Transitional B","Mast","Stricture_minus_Non_stricture","Non-stricture","Stricture",0,1,0,0,1,FALSE
"SCP2959","Plasma::Transitional B","Mast","Stricture_minus_Control","Control","Stricture",0,1,0,0,1,FALSE
"SCP2959","Plasma::Transitional B","Mast","Inflamed_minus_Control","Control","Inflamed",0,0,0,0,0,FALSE
"SCP2959","Plasma::Transitional B","Mast","Inflamed_minus_Non_inflamed","Non-inflamed","Inflamed",0,0,0,0,0,FALSE
"SCP2959","Plasma::Transitional B","Mast","Stricture_minus_Inflamed","Inflamed","Stricture",0,1,0,0,1,FALSE
"SCP2959","Plasma::Transitional B","Mesenchymal_stromal","Stricture_minus_Non_stricture","Non-stricture","Stricture",0,1,0,0,1,FALSE
"SCP2959","Plasma::Transitional B","Mesenchymal_stromal","Stricture_minus_Control","Control","Stricture",0,1,0,0,1,FALSE
"SCP2959","Plasma::Transitional B","Mesenchymal_stromal","Inflamed_minus_Control","Control","Inflamed",0,0,0,0,0,FALSE
"SCP2959","Plasma::Transitional B","Mesenchymal_stromal","Inflamed_minus_Non_inflamed","Non-inflamed","Inflamed",0,0,0,0,0,FALSE
"SCP2959","Plasma::Transitional B","Mesenchymal_stromal","Stricture_minus_Inflamed","Inflamed","Stricture",0,1,0,0,1,FALSE
"SCP2959","Plasma::Transitional B","Myeloid","Stricture_minus_Non_stricture","Non-stricture","Stricture",1,1,0,1,1,TRUE
"SCP2959","Plasma::Transitional B","Myeloid","Stricture_minus_Control","Control","Stricture",0,1,0,0,1,FALSE
"SCP2959","Plasma::Transitional B","Myeloid","Inflamed_minus_Control","Control","Inflamed",0,0,0,0,0,FALSE
"SCP2959","Plasma::Transitional B","Myeloid","Inflamed_minus_Non_inflamed","Non-inflamed","Inflamed",0,0,0,0,0,FALSE
"SCP2959","Plasma::Transitional B","Myeloid","Stricture_minus_Inflamed","Inflamed","Stricture",0,1,0,0,1,FALSE
"SCP2959","Plasma::Transitional B","T_NK","Stricture_minus_Non_stricture","Non-stricture","Stricture",1,1,0,1,1,TRUE
"SCP2959","Plasma::Transitional B","T_NK","Stricture_minus_Control","Control","Stricture",0,1,0,0,1,FALSE
"SCP2959","Plasma::Transitional B","T_NK","Inflamed_minus_Control","Control","Inflamed",0,0,0,0,0,FALSE
"SCP2959","Plasma::Transitional B","T_NK","Inflamed_minus_Non_inflamed","Non-inflamed","Inflamed",0,0,0,0,0,FALSE
"SCP2959","Plasma::Transitional B","T_NK","Stricture_minus_Inflamed","Inflamed","Stricture",0,1,0,0,1,FALSE
"SCP2959","Endothelial","B_cell::ActB3","Stricture_minus_Non_stricture","Non-stricture","Stricture",3,6,1,2,5,TRUE
"SCP2959","Endothelial","B_cell::ActB3","Stricture_minus_Control","Control","Stricture",3,6,0,3,6,TRUE
"SCP2959","Endothelial","B_cell::ActB3","Inflamed_minus_Control","Control","Inflamed",3,0,0,3,0,FALSE
"SCP2959","Endothelial","B_cell::ActB3","Inflamed_minus_Non_inflamed","Non-inflamed","Inflamed",0,0,0,0,0,FALSE
"SCP2959","Endothelial","B_cell::ActB3","Stricture_minus_Inflamed","Inflamed","Stricture",0,6,0,0,6,FALSE
"SCP2959","Endothelial","B_cell::CSM","Stricture_minus_Non_stricture","Non-stricture","Stricture",10,9,6,4,3,TRUE
"SCP2959","Endothelial","B_cell::CSM","Stricture_minus_Control","Control","Stricture",4,9,0,4,9,TRUE
"SCP2959","Endothelial","B_cell::CSM","Inflamed_minus_Control","Control","Inflamed",4,0,0,4,0,FALSE
"SCP2959","Endothelial","B_cell::CSM","Inflamed_minus_Non_inflamed","Non-inflamed","Inflamed",0,0,0,0,0,FALSE
"SCP2959","Endothelial","B_cell::CSM","Stricture_minus_Inflamed","Inflamed","Stricture",0,9,0,0,9,FALSE
"SCP2959","Endothelial","B_cell::Centroblast B","Stricture_minus_Non_stricture","Non-stricture","Stricture",4,2,0,4,2,TRUE
"SCP2959","Endothelial","B_cell::Centroblast B","Stricture_minus_Control","Control","Stricture",2,2,0,2,2,TRUE
"SCP2959","Endothelial","B_cell::Centroblast B","Inflamed_minus_Control","Control","Inflamed",2,0,0,2,0,FALSE
"SCP2959","Endothelial","B_cell::Centroblast B","Inflamed_minus_Non_inflamed","Non-inflamed","Inflamed",0,0,0,0,0,FALSE
"SCP2959","Endothelial","B_cell::Centroblast B","Stricture_minus_Inflamed","Inflamed","Stricture",0,2,0,0,2,FALSE
"SCP2959","Endothelial","B_cell::Centrocyte B","Stricture_minus_Non_stricture","Non-stricture","Stricture",2,2,0,2,2,TRUE
"SCP2959","Endothelial","B_cell::Centrocyte B","Stricture_minus_Control","Control","Stricture",2,2,0,2,2,TRUE
"SCP2959","Endothelial","B_cell::Centrocyte B","Inflamed_minus_Control","Control","Inflamed",2,0,0,2,0,FALSE
"SCP2959","Endothelial","B_cell::Centrocyte B","Inflamed_minus_Non_inflamed","Non-inflamed","Inflamed",0,0,0,0,0,FALSE
"SCP2959","Endothelial","B_cell::Centrocyte B","Stricture_minus_Inflamed","Inflamed","Stricture",0,2,0,0,2,FALSE
"SCP2959","Endothelial","B_cell::DN2","Stricture_minus_Non_stricture","Non-stricture","Stricture",5,5,1,4,4,TRUE
"SCP2959","Endothelial","B_cell::DN2","Stricture_minus_Control","Control","Stricture",1,5,0,1,5,TRUE
"SCP2959","Endothelial","B_cell::DN2","Inflamed_minus_Control","Control","Inflamed",1,1,0,1,1,TRUE
"SCP2959","Endothelial","B_cell::DN2","Inflamed_minus_Non_inflamed","Non-inflamed","Inflamed",0,1,0,0,1,FALSE
"SCP2959","Endothelial","B_cell::DN2","Stricture_minus_Inflamed","Inflamed","Stricture",1,5,0,1,5,TRUE
"SCP2959","Endothelial","B_cell::IgM-only","Stricture_minus_Non_stricture","Non-stricture","Stricture",0,2,0,0,2,FALSE
"SCP2959","Endothelial","B_cell::IgM-only","Stricture_minus_Control","Control","Stricture",1,2,0,1,2,TRUE
"SCP2959","Endothelial","B_cell::IgM-only","Inflamed_minus_Control","Control","Inflamed",1,0,0,1,0,FALSE
"SCP2959","Endothelial","B_cell::IgM-only","Inflamed_minus_Non_inflamed","Non-inflamed","Inflamed",0,0,0,0,0,FALSE
"SCP2959","Endothelial","B_cell::IgM-only","Stricture_minus_Inflamed","Inflamed","Stricture",0,2,0,0,2,FALSE
"SCP2959","Endothelial","B_cell::MZ","Stricture_minus_Non_stricture","Non-stricture","Stricture",1,2,0,1,2,TRUE
"SCP2959","Endothelial","B_cell::MZ","Stricture_minus_Control","Control","Stricture",1,2,0,1,2,TRUE
"SCP2959","Endothelial","B_cell::MZ","Inflamed_minus_Control","Control","Inflamed",1,0,0,1,0,FALSE
"SCP2959","Endothelial","B_cell::MZ","Inflamed_minus_Non_inflamed","Non-inflamed","Inflamed",0,0,0,0,0,FALSE
"SCP2959","Endothelial","B_cell::MZ","Stricture_minus_Inflamed","Inflamed","Stricture",0,2,0,0,2,FALSE
"SCP2959","Endothelial","B_cell::Naïve B","Stricture_minus_Non_stricture","Non-stricture","Stricture",4,6,1,3,5,TRUE
"SCP2959","Endothelial","B_cell::Naïve B","Stricture_minus_Control","Control","Stricture",4,6,0,4,6,TRUE
"SCP2959","Endothelial","B_cell::Naïve B","Inflamed_minus_Control","Control","Inflamed",4,0,0,4,0,FALSE
"SCP2959","Endothelial","B_cell::Naïve B","Inflamed_minus_Non_inflamed","Non-inflamed","Inflamed",0,0,0,0,0,FALSE
"SCP2959","Endothelial","B_cell::Naïve B","Stricture_minus_Inflamed","Inflamed","Stricture",0,6,0,0,6,FALSE
"SCP2959","Endothelial","Plasma::Activated plasma","Stricture_minus_Non_stricture","Non-stricture","Stricture",10,9,6,4,3,TRUE
"SCP2959","Endothelial","Plasma::Activated plasma","Stricture_minus_Control","Control","Stricture",4,9,0,4,9,TRUE
"SCP2959","Endothelial","Plasma::Activated plasma","Inflamed_minus_Control","Control","Inflamed",4,0,0,4,0,FALSE
"SCP2959","Endothelial","Plasma::Activated plasma","Inflamed_minus_Non_inflamed","Non-inflamed","Inflamed",0,0,0,0,0,FALSE
"SCP2959","Endothelial","Plasma::Activated plasma","Stricture_minus_Inflamed","Inflamed","Stricture",0,9,0,0,9,FALSE
"SCP2959","Endothelial","Plasma::IgA plasma","Stricture_minus_Non_stricture","Non-stricture","Stricture",10,10,7,3,3,TRUE
"SCP2959","Endothelial","Plasma::IgA plasma","Stricture_minus_Control","Control","Stricture",3,10,0,3,10,TRUE
"SCP2959","Endothelial","Plasma::IgA plasma","Inflamed_minus_Control","Control","Inflamed",3,1,0,3,1,TRUE
"SCP2959","Endothelial","Plasma::IgA plasma","Inflamed_minus_Non_inflamed","Non-inflamed","Inflamed",0,1,0,0,1,FALSE
"SCP2959","Endothelial","Plasma::IgA plasma","Stricture_minus_Inflamed","Inflamed","Stricture",1,10,0,1,10,TRUE
"SCP2959","Endothelial","Plasma::IgG plasma","Stricture_minus_Non_stricture","Non-stricture","Stricture",4,8,2,2,6,TRUE
"SCP2959","Endothelial","Plasma::IgG plasma","Stricture_minus_Control","Control","Stricture",2,8,0,2,8,TRUE
"SCP2959","Endothelial","Plasma::IgG plasma","Inflamed_minus_Control","Control","Inflamed",2,1,0,2,1,TRUE
"SCP2959","Endothelial","Plasma::IgG plasma","Inflamed_minus_Non_inflamed","Non-inflamed","Inflamed",0,1,0,0,1,FALSE
"SCP2959","Endothelial","Plasma::IgG plasma","Stricture_minus_Inflamed","Inflamed","Stricture",1,8,0,1,8,TRUE
"SCP2959","Endothelial","Plasma::Transitional B","Stricture_minus_Non_stricture","Non-stricture","Stricture",1,1,0,1,1,TRUE
"SCP2959","Endothelial","Plasma::Transitional B","Stricture_minus_Control","Control","Stricture",0,1,0,0,1,FALSE
"SCP2959","Endothelial","Plasma::Transitional B","Inflamed_minus_Control","Control","Inflamed",0,0,0,0,0,FALSE
"SCP2959","Endothelial","Plasma::Transitional B","Inflamed_minus_Non_inflamed","Non-inflamed","Inflamed",0,0,0,0,0,FALSE
"SCP2959","Endothelial","Plasma::Transitional B","Stricture_minus_Inflamed","Inflamed","Stricture",0,1,0,0,1,FALSE
"SCP2959","Epithelial","B_cell::ActB3","Stricture_minus_Non_stricture","Non-stricture","Stricture",3,8,2,1,6,TRUE
"SCP2959","Epithelial","B_cell::ActB3","Stricture_minus_Control","Control","Stricture",3,8,0,3,8,TRUE
"SCP2959","Epithelial","B_cell::ActB3","Inflamed_minus_Control","Control","Inflamed",3,0,0,3,0,FALSE
"SCP2959","Epithelial","B_cell::ActB3","Inflamed_minus_Non_inflamed","Non-inflamed","Inflamed",0,0,0,0,0,FALSE
"SCP2959","Epithelial","B_cell::ActB3","Stricture_minus_Inflamed","Inflamed","Stricture",0,8,0,0,8,FALSE
"SCP2959","Epithelial","B_cell::CSM","Stricture_minus_Non_stricture","Non-stricture","Stricture",11,12,8,3,4,TRUE
"SCP2959","Epithelial","B_cell::CSM","Stricture_minus_Control","Control","Stricture",4,12,0,4,12,TRUE
"SCP2959","Epithelial","B_cell::CSM","Inflamed_minus_Control","Control","Inflamed",4,0,0,4,0,FALSE
"SCP2959","Epithelial","B_cell::CSM","Inflamed_minus_Non_inflamed","Non-inflamed","Inflamed",0,0,0,0,0,FALSE
"SCP2959","Epithelial","B_cell::CSM","Stricture_minus_Inflamed","Inflamed","Stricture",0,12,0,0,12,FALSE
"SCP2959","Epithelial","B_cell::Centroblast B","Stricture_minus_Non_stricture","Non-stricture","Stricture",4,3,1,3,2,TRUE
"SCP2959","Epithelial","B_cell::Centroblast B","Stricture_minus_Control","Control","Stricture",2,3,0,2,3,TRUE
"SCP2959","Epithelial","B_cell::Centroblast B","Inflamed_minus_Control","Control","Inflamed",2,0,0,2,0,FALSE
"SCP2959","Epithelial","B_cell::Centroblast B","Inflamed_minus_Non_inflamed","Non-inflamed","Inflamed",0,0,0,0,0,FALSE
"SCP2959","Epithelial","B_cell::Centroblast B","Stricture_minus_Inflamed","Inflamed","Stricture",0,3,0,0,3,FALSE
"SCP2959","Epithelial","B_cell::Centrocyte B","Stricture_minus_Non_stricture","Non-stricture","Stricture",2,3,1,1,2,TRUE
"SCP2959","Epithelial","B_cell::Centrocyte B","Stricture_minus_Control","Control","Stricture",2,3,0,2,3,TRUE
"SCP2959","Epithelial","B_cell::Centrocyte B","Inflamed_minus_Control","Control","Inflamed",2,0,0,2,0,FALSE
"SCP2959","Epithelial","B_cell::Centrocyte B","Inflamed_minus_Non_inflamed","Non-inflamed","Inflamed",0,0,0,0,0,FALSE
"SCP2959","Epithelial","B_cell::Centrocyte B","Stricture_minus_Inflamed","Inflamed","Stricture",0,3,0,0,3,FALSE
"SCP2959","Epithelial","B_cell::DN2","Stricture_minus_Non_stricture","Non-stricture","Stricture",5,6,1,4,5,TRUE
"SCP2959","Epithelial","B_cell::DN2","Stricture_minus_Control","Control","Stricture",1,6,0,1,6,TRUE
"SCP2959","Epithelial","B_cell::DN2","Inflamed_minus_Control","Control","Inflamed",1,1,0,1,1,TRUE
"SCP2959","Epithelial","B_cell::DN2","Inflamed_minus_Non_inflamed","Non-inflamed","Inflamed",0,1,0,0,1,FALSE
"SCP2959","Epithelial","B_cell::DN2","Stricture_minus_Inflamed","Inflamed","Stricture",1,6,0,1,6,TRUE
"SCP2959","Epithelial","B_cell::IgM-only","Stricture_minus_Non_stricture","Non-stricture","Stricture",0,2,0,0,2,FALSE
"SCP2959","Epithelial","B_cell::IgM-only","Stricture_minus_Control","Control","Stricture",1,2,0,1,2,TRUE
"SCP2959","Epithelial","B_cell::IgM-only","Inflamed_minus_Control","Control","Inflamed",1,0,0,1,0,FALSE
"SCP2959","Epithelial","B_cell::IgM-only","Inflamed_minus_Non_inflamed","Non-inflamed","Inflamed",0,0,0,0,0,FALSE
"SCP2959","Epithelial","B_cell::IgM-only","Stricture_minus_Inflamed","Inflamed","Stricture",0,2,0,0,2,FALSE
"SCP2959","Epithelial","B_cell::MZ","Stricture_minus_Non_stricture","Non-stricture","Stricture",1,3,1,0,2,TRUE
"SCP2959","Epithelial","B_cell::MZ","Stricture_minus_Control","Control","Stricture",1,3,0,1,3,TRUE
"SCP2959","Epithelial","B_cell::MZ","Inflamed_minus_Control","Control","Inflamed",1,0,0,1,0,FALSE
"SCP2959","Epithelial","B_cell::MZ","Inflamed_minus_Non_inflamed","Non-inflamed","Inflamed",0,0,0,0,0,FALSE
"SCP2959","Epithelial","B_cell::MZ","Stricture_minus_Inflamed","Inflamed","Stricture",0,3,0,0,3,FALSE
"SCP2959","Epithelial","B_cell::Naïve B","Stricture_minus_Non_stricture","Non-stricture","Stricture",4,8,2,2,6,TRUE
"SCP2959","Epithelial","B_cell::Naïve B","Stricture_minus_Control","Control","Stricture",4,8,0,4,8,TRUE
"SCP2959","Epithelial","B_cell::Naïve B","Inflamed_minus_Control","Control","Inflamed",4,0,0,4,0,FALSE
"SCP2959","Epithelial","B_cell::Naïve B","Inflamed_minus_Non_inflamed","Non-inflamed","Inflamed",0,0,0,0,0,FALSE
"SCP2959","Epithelial","B_cell::Naïve B","Stricture_minus_Inflamed","Inflamed","Stricture",0,8,0,0,8,FALSE
"SCP2959","Epithelial","Plasma::Activated plasma","Stricture_minus_Non_stricture","Non-stricture","Stricture",10,11,7,3,4,TRUE
"SCP2959","Epithelial","Plasma::Activated plasma","Stricture_minus_Control","Control","Stricture",5,11,0,5,11,TRUE
"SCP2959","Epithelial","Plasma::Activated plasma","Inflamed_minus_Control","Control","Inflamed",5,0,0,5,0,FALSE
"SCP2959","Epithelial","Plasma::Activated plasma","Inflamed_minus_Non_inflamed","Non-inflamed","Inflamed",0,0,0,0,0,FALSE
"SCP2959","Epithelial","Plasma::Activated plasma","Stricture_minus_Inflamed","Inflamed","Stricture",0,11,0,0,11,FALSE
"SCP2959","Epithelial","Plasma::IgA plasma","Stricture_minus_Non_stricture","Non-stricture","Stricture",10,14,9,1,5,TRUE
"SCP2959","Epithelial","Plasma::IgA plasma","Stricture_minus_Control","Control","Stricture",4,14,0,4,14,TRUE
"SCP2959","Epithelial","Plasma::IgA plasma","Inflamed_minus_Control","Control","Inflamed",4,1,0,4,1,TRUE
"SCP2959","Epithelial","Plasma::IgA plasma","Inflamed_minus_Non_inflamed","Non-inflamed","Inflamed",0,1,0,0,1,FALSE
"SCP2959","Epithelial","Plasma::IgA plasma","Stricture_minus_Inflamed","Inflamed","Stricture",1,14,1,0,13,TRUE
"SCP2959","Epithelial","Plasma::IgG plasma","Stricture_minus_Non_stricture","Non-stricture","Stricture",4,10,2,2,8,TRUE
"SCP2959","Epithelial","Plasma::IgG plasma","Stricture_minus_Control","Control","Stricture",2,10,0,2,10,TRUE
"SCP2959","Epithelial","Plasma::IgG plasma","Inflamed_minus_Control","Control","Inflamed",2,1,0,2,1,TRUE
"SCP2959","Epithelial","Plasma::IgG plasma","Inflamed_minus_Non_inflamed","Non-inflamed","Inflamed",0,1,0,0,1,FALSE
"SCP2959","Epithelial","Plasma::IgG plasma","Stricture_minus_Inflamed","Inflamed","Stricture",1,10,1,0,9,TRUE
"SCP2959","Epithelial","Plasma::Transitional B","Stricture_minus_Non_stricture","Non-stricture","Stricture",1,1,0,1,1,TRUE
"SCP2959","Epithelial","Plasma::Transitional B","Stricture_minus_Control","Control","Stricture",0,1,0,0,1,FALSE
"SCP2959","Epithelial","Plasma::Transitional B","Inflamed_minus_Control","Control","Inflamed",0,0,0,0,0,FALSE
"SCP2959","Epithelial","Plasma::Transitional B","Inflamed_minus_Non_inflamed","Non-inflamed","Inflamed",0,0,0,0,0,FALSE
"SCP2959","Epithelial","Plasma::Transitional B","Stricture_minus_Inflamed","Inflamed","Stricture",0,1,0,0,1,FALSE
"SCP2959","Mast","B_cell::ActB3","Stricture_minus_Non_stricture","Non-stricture","Stricture",2,5,1,1,4,TRUE
"SCP2959","Mast","B_cell::ActB3","Stricture_minus_Control","Control","Stricture",3,5,0,3,5,TRUE
"SCP2959","Mast","B_cell::ActB3","Inflamed_minus_Control","Control","Inflamed",3,0,0,3,0,FALSE
"SCP2959","Mast","B_cell::ActB3","Inflamed_minus_Non_inflamed","Non-inflamed","Inflamed",0,0,0,0,0,FALSE
"SCP2959","Mast","B_cell::ActB3","Stricture_minus_Inflamed","Inflamed","Stricture",0,5,0,0,5,FALSE
"SCP2959","Mast","B_cell::CSM","Stricture_minus_Non_stricture","Non-stricture","Stricture",9,8,4,5,4,TRUE
"SCP2959","Mast","B_cell::CSM","Stricture_minus_Control","Control","Stricture",4,8,0,4,8,TRUE
"SCP2959","Mast","B_cell::CSM","Inflamed_minus_Control","Control","Inflamed",4,0,0,4,0,FALSE
"SCP2959","Mast","B_cell::CSM","Inflamed_minus_Non_inflamed","Non-inflamed","Inflamed",0,0,0,0,0,FALSE
"SCP2959","Mast","B_cell::CSM","Stricture_minus_Inflamed","Inflamed","Stricture",0,8,0,0,8,FALSE
"SCP2959","Mast","B_cell::Centroblast B","Stricture_minus_Non_stricture","Non-stricture","Stricture",3,2,0,3,2,TRUE
"SCP2959","Mast","B_cell::Centroblast B","Stricture_minus_Control","Control","Stricture",2,2,0,2,2,TRUE
"SCP2959","Mast","B_cell::Centroblast B","Inflamed_minus_Control","Control","Inflamed",2,0,0,2,0,FALSE
"SCP2959","Mast","B_cell::Centroblast B","Inflamed_minus_Non_inflamed","Non-inflamed","Inflamed",0,0,0,0,0,FALSE
"SCP2959","Mast","B_cell::Centroblast B","Stricture_minus_Inflamed","Inflamed","Stricture",0,2,0,0,2,FALSE
"SCP2959","Mast","B_cell::Centrocyte B","Stricture_minus_Non_stricture","Non-stricture","Stricture",1,2,0,1,2,TRUE
"SCP2959","Mast","B_cell::Centrocyte B","Stricture_minus_Control","Control","Stricture",2,2,0,2,2,TRUE
"SCP2959","Mast","B_cell::Centrocyte B","Inflamed_minus_Control","Control","Inflamed",2,0,0,2,0,FALSE
"SCP2959","Mast","B_cell::Centrocyte B","Inflamed_minus_Non_inflamed","Non-inflamed","Inflamed",0,0,0,0,0,FALSE
"SCP2959","Mast","B_cell::Centrocyte B","Stricture_minus_Inflamed","Inflamed","Stricture",0,2,0,0,2,FALSE
"SCP2959","Mast","B_cell::DN2","Stricture_minus_Non_stricture","Non-stricture","Stricture",4,4,1,3,3,TRUE
"SCP2959","Mast","B_cell::DN2","Stricture_minus_Control","Control","Stricture",1,4,0,1,4,TRUE
"SCP2959","Mast","B_cell::DN2","Inflamed_minus_Control","Control","Inflamed",1,0,0,1,0,FALSE
"SCP2959","Mast","B_cell::DN2","Inflamed_minus_Non_inflamed","Non-inflamed","Inflamed",0,0,0,0,0,FALSE
"SCP2959","Mast","B_cell::DN2","Stricture_minus_Inflamed","Inflamed","Stricture",0,4,0,0,4,FALSE
"SCP2959","Mast","B_cell::IgM-only","Stricture_minus_Non_stricture","Non-stricture","Stricture",0,2,0,0,2,FALSE
"SCP2959","Mast","B_cell::IgM-only","Stricture_minus_Control","Control","Stricture",1,2,0,1,2,TRUE
"SCP2959","Mast","B_cell::IgM-only","Inflamed_minus_Control","Control","Inflamed",1,0,0,1,0,FALSE
"SCP2959","Mast","B_cell::IgM-only","Inflamed_minus_Non_inflamed","Non-inflamed","Inflamed",0,0,0,0,0,FALSE
"SCP2959","Mast","B_cell::IgM-only","Stricture_minus_Inflamed","Inflamed","Stricture",0,2,0,0,2,FALSE
"SCP2959","Mast","B_cell::MZ","Stricture_minus_Non_stricture","Non-stricture","Stricture",0,2,0,0,2,FALSE
"SCP2959","Mast","B_cell::MZ","Stricture_minus_Control","Control","Stricture",1,2,0,1,2,TRUE
"SCP2959","Mast","B_cell::MZ","Inflamed_minus_Control","Control","Inflamed",1,0,0,1,0,FALSE
"SCP2959","Mast","B_cell::MZ","Inflamed_minus_Non_inflamed","Non-inflamed","Inflamed",0,0,0,0,0,FALSE
"SCP2959","Mast","B_cell::MZ","Stricture_minus_Inflamed","Inflamed","Stricture",0,2,0,0,2,FALSE
"SCP2959","Mast","B_cell::Naïve B","Stricture_minus_Non_stricture","Non-stricture","Stricture",3,6,1,2,5,TRUE
"SCP2959","Mast","B_cell::Naïve B","Stricture_minus_Control","Control","Stricture",4,6,0,4,6,TRUE
"SCP2959","Mast","B_cell::Naïve B","Inflamed_minus_Control","Control","Inflamed",4,0,0,4,0,FALSE
"SCP2959","Mast","B_cell::Naïve B","Inflamed_minus_Non_inflamed","Non-inflamed","Inflamed",0,0,0,0,0,FALSE
"SCP2959","Mast","B_cell::Naïve B","Stricture_minus_Inflamed","Inflamed","Stricture",0,6,0,0,6,FALSE
"SCP2959","Mast","Plasma::Activated plasma","Stricture_minus_Non_stricture","Non-stricture","Stricture",9,11,6,3,5,TRUE
"SCP2959","Mast","Plasma::Activated plasma","Stricture_minus_Control","Control","Stricture",5,11,0,5,11,TRUE
"SCP2959","Mast","Plasma::Activated plasma","Inflamed_minus_Control","Control","Inflamed",5,0,0,5,0,FALSE
"SCP2959","Mast","Plasma::Activated plasma","Inflamed_minus_Non_inflamed","Non-inflamed","Inflamed",0,0,0,0,0,FALSE
"SCP2959","Mast","Plasma::Activated plasma","Stricture_minus_Inflamed","Inflamed","Stricture",0,11,0,0,11,FALSE
"SCP2959","Mast","Plasma::IgA plasma","Stricture_minus_Non_stricture","Non-stricture","Stricture",9,11,6,3,5,TRUE
"SCP2959","Mast","Plasma::IgA plasma","Stricture_minus_Control","Control","Stricture",4,11,0,4,11,TRUE
"SCP2959","Mast","Plasma::IgA plasma","Inflamed_minus_Control","Control","Inflamed",4,0,0,4,0,FALSE
"SCP2959","Mast","Plasma::IgA plasma","Inflamed_minus_Non_inflamed","Non-inflamed","Inflamed",0,0,0,0,0,FALSE
"SCP2959","Mast","Plasma::IgA plasma","Stricture_minus_Inflamed","Inflamed","Stricture",0,11,0,0,11,FALSE
"SCP2959","Mast","Plasma::IgG plasma","Stricture_minus_Non_stricture","Non-stricture","Stricture",3,8,1,2,7,TRUE
"SCP2959","Mast","Plasma::IgG plasma","Stricture_minus_Control","Control","Stricture",2,8,0,2,8,TRUE
"SCP2959","Mast","Plasma::IgG plasma","Inflamed_minus_Control","Control","Inflamed",2,0,0,2,0,FALSE
"SCP2959","Mast","Plasma::IgG plasma","Inflamed_minus_Non_inflamed","Non-inflamed","Inflamed",0,0,0,0,0,FALSE
"SCP2959","Mast","Plasma::IgG plasma","Stricture_minus_Inflamed","Inflamed","Stricture",0,8,0,0,8,FALSE
"SCP2959","Mast","Plasma::Transitional B","Stricture_minus_Non_stricture","Non-stricture","Stricture",0,1,0,0,1,FALSE
"SCP2959","Mast","Plasma::Transitional B","Stricture_minus_Control","Control","Stricture",0,1,0,0,1,FALSE
"SCP2959","Mast","Plasma::Transitional B","Inflamed_minus_Control","Control","Inflamed",0,0,0,0,0,FALSE
"SCP2959","Mast","Plasma::Transitional B","Inflamed_minus_Non_inflamed","Non-inflamed","Inflamed",0,0,0,0,0,FALSE
"SCP2959","Mast","Plasma::Transitional B","Stricture_minus_Inflamed","Inflamed","Stricture",0,1,0,0,1,FALSE
"SCP2959","Mesenchymal_stromal","B_cell::ActB3","Stricture_minus_Non_stricture","Non-stricture","Stricture",2,6,1,1,5,TRUE
"SCP2959","Mesenchymal_stromal","B_cell::ActB3","Stricture_minus_Control","Control","Stricture",3,6,0,3,6,TRUE
"SCP2959","Mesenchymal_stromal","B_cell::ActB3","Inflamed_minus_Control","Control","Inflamed",3,0,0,3,0,FALSE
"SCP2959","Mesenchymal_stromal","B_cell::ActB3","Inflamed_minus_Non_inflamed","Non-inflamed","Inflamed",0,0,0,0,0,FALSE
"SCP2959","Mesenchymal_stromal","B_cell::ActB3","Stricture_minus_Inflamed","Inflamed","Stricture",0,6,0,0,6,FALSE
"SCP2959","Mesenchymal_stromal","B_cell::CSM","Stricture_minus_Non_stricture","Non-stricture","Stricture",9,10,5,4,5,TRUE
"SCP2959","Mesenchymal_stromal","B_cell::CSM","Stricture_minus_Control","Control","Stricture",4,10,0,4,10,TRUE
"SCP2959","Mesenchymal_stromal","B_cell::CSM","Inflamed_minus_Control","Control","Inflamed",4,0,0,4,0,FALSE
"SCP2959","Mesenchymal_stromal","B_cell::CSM","Inflamed_minus_Non_inflamed","Non-inflamed","Inflamed",0,0,0,0,0,FALSE
"SCP2959","Mesenchymal_stromal","B_cell::CSM","Stricture_minus_Inflamed","Inflamed","Stricture",0,10,0,0,10,FALSE
"SCP2959","Mesenchymal_stromal","B_cell::Centroblast B","Stricture_minus_Non_stricture","Non-stricture","Stricture",3,2,0,3,2,TRUE
"SCP2959","Mesenchymal_stromal","B_cell::Centroblast B","Stricture_minus_Control","Control","Stricture",2,2,0,2,2,TRUE
"SCP2959","Mesenchymal_stromal","B_cell::Centroblast B","Inflamed_minus_Control","Control","Inflamed",2,0,0,2,0,FALSE
"SCP2959","Mesenchymal_stromal","B_cell::Centroblast B","Inflamed_minus_Non_inflamed","Non-inflamed","Inflamed",0,0,0,0,0,FALSE
"SCP2959","Mesenchymal_stromal","B_cell::Centroblast B","Stricture_minus_Inflamed","Inflamed","Stricture",0,2,0,0,2,FALSE
"SCP2959","Mesenchymal_stromal","B_cell::Centrocyte B","Stricture_minus_Non_stricture","Non-stricture","Stricture",1,2,0,1,2,TRUE
"SCP2959","Mesenchymal_stromal","B_cell::Centrocyte B","Stricture_minus_Control","Control","Stricture",2,2,0,2,2,TRUE
"SCP2959","Mesenchymal_stromal","B_cell::Centrocyte B","Inflamed_minus_Control","Control","Inflamed",2,0,0,2,0,FALSE
"SCP2959","Mesenchymal_stromal","B_cell::Centrocyte B","Inflamed_minus_Non_inflamed","Non-inflamed","Inflamed",0,0,0,0,0,FALSE
"SCP2959","Mesenchymal_stromal","B_cell::Centrocyte B","Stricture_minus_Inflamed","Inflamed","Stricture",0,2,0,0,2,FALSE
"SCP2959","Mesenchymal_stromal","B_cell::DN2","Stricture_minus_Non_stricture","Non-stricture","Stricture",4,5,1,3,4,TRUE
"SCP2959","Mesenchymal_stromal","B_cell::DN2","Stricture_minus_Control","Control","Stricture",1,5,0,1,5,TRUE
"SCP2959","Mesenchymal_stromal","B_cell::DN2","Inflamed_minus_Control","Control","Inflamed",1,1,0,1,1,TRUE
"SCP2959","Mesenchymal_stromal","B_cell::DN2","Inflamed_minus_Non_inflamed","Non-inflamed","Inflamed",0,1,0,0,1,FALSE
"SCP2959","Mesenchymal_stromal","B_cell::DN2","Stricture_minus_Inflamed","Inflamed","Stricture",1,5,0,1,5,TRUE
"SCP2959","Mesenchymal_stromal","B_cell::IgM-only","Stricture_minus_Non_stricture","Non-stricture","Stricture",0,2,0,0,2,FALSE
"SCP2959","Mesenchymal_stromal","B_cell::IgM-only","Stricture_minus_Control","Control","Stricture",1,2,0,1,2,TRUE
"SCP2959","Mesenchymal_stromal","B_cell::IgM-only","Inflamed_minus_Control","Control","Inflamed",1,0,0,1,0,FALSE
"SCP2959","Mesenchymal_stromal","B_cell::IgM-only","Inflamed_minus_Non_inflamed","Non-inflamed","Inflamed",0,0,0,0,0,FALSE
"SCP2959","Mesenchymal_stromal","B_cell::IgM-only","Stricture_minus_Inflamed","Inflamed","Stricture",0,2,0,0,2,FALSE
"SCP2959","Mesenchymal_stromal","B_cell::MZ","Stricture_minus_Non_stricture","Non-stricture","Stricture",0,2,0,0,2,FALSE
"SCP2959","Mesenchymal_stromal","B_cell::MZ","Stricture_minus_Control","Control","Stricture",1,2,0,1,2,TRUE
"SCP2959","Mesenchymal_stromal","B_cell::MZ","Inflamed_minus_Control","Control","Inflamed",1,0,0,1,0,FALSE
"SCP2959","Mesenchymal_stromal","B_cell::MZ","Inflamed_minus_Non_inflamed","Non-inflamed","Inflamed",0,0,0,0,0,FALSE
"SCP2959","Mesenchymal_stromal","B_cell::MZ","Stricture_minus_Inflamed","Inflamed","Stricture",0,2,0,0,2,FALSE
"SCP2959","Mesenchymal_stromal","B_cell::Naïve B","Stricture_minus_Non_stricture","Non-stricture","Stricture",3,6,1,2,5,TRUE
"SCP2959","Mesenchymal_stromal","B_cell::Naïve B","Stricture_minus_Control","Control","Stricture",4,6,0,4,6,TRUE
"SCP2959","Mesenchymal_stromal","B_cell::Naïve B","Inflamed_minus_Control","Control","Inflamed",4,0,0,4,0,FALSE
"SCP2959","Mesenchymal_stromal","B_cell::Naïve B","Inflamed_minus_Non_inflamed","Non-inflamed","Inflamed",0,0,0,0,0,FALSE
"SCP2959","Mesenchymal_stromal","B_cell::Naïve B","Stricture_minus_Inflamed","Inflamed","Stricture",0,6,0,0,6,FALSE
"SCP2959","Mesenchymal_stromal","Plasma::Activated plasma","Stricture_minus_Non_stricture","Non-stricture","Stricture",9,12,7,2,5,TRUE
"SCP2959","Mesenchymal_stromal","Plasma::Activated plasma","Stricture_minus_Control","Control","Stricture",5,12,0,5,12,TRUE
"SCP2959","Mesenchymal_stromal","Plasma::Activated plasma","Inflamed_minus_Control","Control","Inflamed",5,0,0,5,0,FALSE
"SCP2959","Mesenchymal_stromal","Plasma::Activated plasma","Inflamed_minus_Non_inflamed","Non-inflamed","Inflamed",0,0,0,0,0,FALSE
"SCP2959","Mesenchymal_stromal","Plasma::Activated plasma","Stricture_minus_Inflamed","Inflamed","Stricture",0,12,0,0,12,FALSE
"SCP2959","Mesenchymal_stromal","Plasma::IgA plasma","Stricture_minus_Non_stricture","Non-stricture","Stricture",9,12,7,2,5,TRUE
"SCP2959","Mesenchymal_stromal","Plasma::IgA plasma","Stricture_minus_Control","Control","Stricture",4,12,0,4,12,TRUE
"SCP2959","Mesenchymal_stromal","Plasma::IgA plasma","Inflamed_minus_Control","Control","Inflamed",4,1,0,4,1,TRUE
"SCP2959","Mesenchymal_stromal","Plasma::IgA plasma","Inflamed_minus_Non_inflamed","Non-inflamed","Inflamed",0,1,0,0,1,FALSE
"SCP2959","Mesenchymal_stromal","Plasma::IgA plasma","Stricture_minus_Inflamed","Inflamed","Stricture",1,12,1,0,11,TRUE
"SCP2959","Mesenchymal_stromal","Plasma::IgG plasma","Stricture_minus_Non_stricture","Non-stricture","Stricture",3,9,2,1,7,TRUE
"SCP2959","Mesenchymal_stromal","Plasma::IgG plasma","Stricture_minus_Control","Control","Stricture",2,9,0,2,9,TRUE
"SCP2959","Mesenchymal_stromal","Plasma::IgG plasma","Inflamed_minus_Control","Control","Inflamed",2,1,0,2,1,TRUE
"SCP2959","Mesenchymal_stromal","Plasma::IgG plasma","Inflamed_minus_Non_inflamed","Non-inflamed","Inflamed",0,1,0,0,1,FALSE
"SCP2959","Mesenchymal_stromal","Plasma::IgG plasma","Stricture_minus_Inflamed","Inflamed","Stricture",1,9,1,0,8,TRUE
"SCP2959","Mesenchymal_stromal","Plasma::Transitional B","Stricture_minus_Non_stricture","Non-stricture","Stricture",0,1,0,0,1,FALSE
"SCP2959","Mesenchymal_stromal","Plasma::Transitional B","Stricture_minus_Control","Control","Stricture",0,1,0,0,1,FALSE
"SCP2959","Mesenchymal_stromal","Plasma::Transitional B","Inflamed_minus_Control","Control","Inflamed",0,0,0,0,0,FALSE
"SCP2959","Mesenchymal_stromal","Plasma::Transitional B","Inflamed_minus_Non_inflamed","Non-inflamed","Inflamed",0,0,0,0,0,FALSE
"SCP2959","Mesenchymal_stromal","Plasma::Transitional B","Stricture_minus_Inflamed","Inflamed","Stricture",0,1,0,0,1,FALSE
"SCP2959","Myeloid","B_cell::ActB3","Stricture_minus_Non_stricture","Non-stricture","Stricture",3,8,2,1,6,TRUE
"SCP2959","Myeloid","B_cell::ActB3","Stricture_minus_Control","Control","Stricture",3,8,0,3,8,TRUE
"SCP2959","Myeloid","B_cell::ActB3","Inflamed_minus_Control","Control","Inflamed",3,0,0,3,0,FALSE
"SCP2959","Myeloid","B_cell::ActB3","Inflamed_minus_Non_inflamed","Non-inflamed","Inflamed",0,0,0,0,0,FALSE
"SCP2959","Myeloid","B_cell::ActB3","Stricture_minus_Inflamed","Inflamed","Stricture",0,8,0,0,8,FALSE
"SCP2959","Myeloid","B_cell::CSM","Stricture_minus_Non_stricture","Non-stricture","Stricture",11,12,8,3,4,TRUE
"SCP2959","Myeloid","B_cell::CSM","Stricture_minus_Control","Control","Stricture",4,12,0,4,12,TRUE
"SCP2959","Myeloid","B_cell::CSM","Inflamed_minus_Control","Control","Inflamed",4,0,0,4,0,FALSE
"SCP2959","Myeloid","B_cell::CSM","Inflamed_minus_Non_inflamed","Non-inflamed","Inflamed",0,0,0,0,0,FALSE
"SCP2959","Myeloid","B_cell::CSM","Stricture_minus_Inflamed","Inflamed","Stricture",0,12,0,0,12,FALSE
"SCP2959","Myeloid","B_cell::Centroblast B","Stricture_minus_Non_stricture","Non-stricture","Stricture",4,3,1,3,2,TRUE
"SCP2959","Myeloid","B_cell::Centroblast B","Stricture_minus_Control","Control","Stricture",2,3,0,2,3,TRUE
"SCP2959","Myeloid","B_cell::Centroblast B","Inflamed_minus_Control","Control","Inflamed",2,0,0,2,0,FALSE
"SCP2959","Myeloid","B_cell::Centroblast B","Inflamed_minus_Non_inflamed","Non-inflamed","Inflamed",0,0,0,0,0,FALSE
"SCP2959","Myeloid","B_cell::Centroblast B","Stricture_minus_Inflamed","Inflamed","Stricture",0,3,0,0,3,FALSE
"SCP2959","Myeloid","B_cell::Centrocyte B","Stricture_minus_Non_stricture","Non-stricture","Stricture",2,3,1,1,2,TRUE
"SCP2959","Myeloid","B_cell::Centrocyte B","Stricture_minus_Control","Control","Stricture",2,3,0,2,3,TRUE
"SCP2959","Myeloid","B_cell::Centrocyte B","Inflamed_minus_Control","Control","Inflamed",2,0,0,2,0,FALSE
"SCP2959","Myeloid","B_cell::Centrocyte B","Inflamed_minus_Non_inflamed","Non-inflamed","Inflamed",0,0,0,0,0,FALSE
"SCP2959","Myeloid","B_cell::Centrocyte B","Stricture_minus_Inflamed","Inflamed","Stricture",0,3,0,0,3,FALSE
"SCP2959","Myeloid","B_cell::DN2","Stricture_minus_Non_stricture","Non-stricture","Stricture",5,6,1,4,5,TRUE
"SCP2959","Myeloid","B_cell::DN2","Stricture_minus_Control","Control","Stricture",1,6,0,1,6,TRUE
"SCP2959","Myeloid","B_cell::DN2","Inflamed_minus_Control","Control","Inflamed",1,1,0,1,1,TRUE
"SCP2959","Myeloid","B_cell::DN2","Inflamed_minus_Non_inflamed","Non-inflamed","Inflamed",0,1,0,0,1,FALSE
"SCP2959","Myeloid","B_cell::DN2","Stricture_minus_Inflamed","Inflamed","Stricture",1,6,0,1,6,TRUE
"SCP2959","Myeloid","B_cell::IgM-only","Stricture_minus_Non_stricture","Non-stricture","Stricture",0,2,0,0,2,FALSE
"SCP2959","Myeloid","B_cell::IgM-only","Stricture_minus_Control","Control","Stricture",1,2,0,1,2,TRUE
"SCP2959","Myeloid","B_cell::IgM-only","Inflamed_minus_Control","Control","Inflamed",1,0,0,1,0,FALSE
"SCP2959","Myeloid","B_cell::IgM-only","Inflamed_minus_Non_inflamed","Non-inflamed","Inflamed",0,0,0,0,0,FALSE
"SCP2959","Myeloid","B_cell::IgM-only","Stricture_minus_Inflamed","Inflamed","Stricture",0,2,0,0,2,FALSE
"SCP2959","Myeloid","B_cell::MZ","Stricture_minus_Non_stricture","Non-stricture","Stricture",1,3,1,0,2,TRUE
"SCP2959","Myeloid","B_cell::MZ","Stricture_minus_Control","Control","Stricture",1,3,0,1,3,TRUE
"SCP2959","Myeloid","B_cell::MZ","Inflamed_minus_Control","Control","Inflamed",1,0,0,1,0,FALSE
"SCP2959","Myeloid","B_cell::MZ","Inflamed_minus_Non_inflamed","Non-inflamed","Inflamed",0,0,0,0,0,FALSE
"SCP2959","Myeloid","B_cell::MZ","Stricture_minus_Inflamed","Inflamed","Stricture",0,3,0,0,3,FALSE
"SCP2959","Myeloid","B_cell::Naïve B","Stricture_minus_Non_stricture","Non-stricture","Stricture",4,8,2,2,6,TRUE
"SCP2959","Myeloid","B_cell::Naïve B","Stricture_minus_Control","Control","Stricture",4,8,0,4,8,TRUE
"SCP2959","Myeloid","B_cell::Naïve B","Inflamed_minus_Control","Control","Inflamed",4,0,0,4,0,FALSE
"SCP2959","Myeloid","B_cell::Naïve B","Inflamed_minus_Non_inflamed","Non-inflamed","Inflamed",0,0,0,0,0,FALSE
"SCP2959","Myeloid","B_cell::Naïve B","Stricture_minus_Inflamed","Inflamed","Stricture",0,8,0,0,8,FALSE
"SCP2959","Myeloid","Plasma::Activated plasma","Stricture_minus_Non_stricture","Non-stricture","Stricture",10,12,7,3,5,TRUE
"SCP2959","Myeloid","Plasma::Activated plasma","Stricture_minus_Control","Control","Stricture",5,12,0,5,12,TRUE
"SCP2959","Myeloid","Plasma::Activated plasma","Inflamed_minus_Control","Control","Inflamed",5,0,0,5,0,FALSE
"SCP2959","Myeloid","Plasma::Activated plasma","Inflamed_minus_Non_inflamed","Non-inflamed","Inflamed",0,0,0,0,0,FALSE
"SCP2959","Myeloid","Plasma::Activated plasma","Stricture_minus_Inflamed","Inflamed","Stricture",0,12,0,0,12,FALSE
"SCP2959","Myeloid","Plasma::IgA plasma","Stricture_minus_Non_stricture","Non-stricture","Stricture",10,15,9,1,6,TRUE
"SCP2959","Myeloid","Plasma::IgA plasma","Stricture_minus_Control","Control","Stricture",4,15,0,4,15,TRUE
"SCP2959","Myeloid","Plasma::IgA plasma","Inflamed_minus_Control","Control","Inflamed",4,1,0,4,1,TRUE
"SCP2959","Myeloid","Plasma::IgA plasma","Inflamed_minus_Non_inflamed","Non-inflamed","Inflamed",0,1,0,0,1,FALSE
"SCP2959","Myeloid","Plasma::IgA plasma","Stricture_minus_Inflamed","Inflamed","Stricture",1,15,1,0,14,TRUE
"SCP2959","Myeloid","Plasma::IgG plasma","Stricture_minus_Non_stricture","Non-stricture","Stricture",4,10,2,2,8,TRUE
"SCP2959","Myeloid","Plasma::IgG plasma","Stricture_minus_Control","Control","Stricture",2,10,0,2,10,TRUE
"SCP2959","Myeloid","Plasma::IgG plasma","Inflamed_minus_Control","Control","Inflamed",2,1,0,2,1,TRUE
"SCP2959","Myeloid","Plasma::IgG plasma","Inflamed_minus_Non_inflamed","Non-inflamed","Inflamed",0,1,0,0,1,FALSE
"SCP2959","Myeloid","Plasma::IgG plasma","Stricture_minus_Inflamed","Inflamed","Stricture",1,10,1,0,9,TRUE
"SCP2959","Myeloid","Plasma::Transitional B","Stricture_minus_Non_stricture","Non-stricture","Stricture",1,1,0,1,1,TRUE
"SCP2959","Myeloid","Plasma::Transitional B","Stricture_minus_Control","Control","Stricture",0,1,0,0,1,FALSE
"SCP2959","Myeloid","Plasma::Transitional B","Inflamed_minus_Control","Control","Inflamed",0,0,0,0,0,FALSE
"SCP2959","Myeloid","Plasma::Transitional B","Inflamed_minus_Non_inflamed","Non-inflamed","Inflamed",0,0,0,0,0,FALSE
"SCP2959","Myeloid","Plasma::Transitional B","Stricture_minus_Inflamed","Inflamed","Stricture",0,1,0,0,1,FALSE
"SCP2959","T_NK","B_cell::ActB3","Stricture_minus_Non_stricture","Non-stricture","Stricture",3,8,2,1,6,TRUE
"SCP2959","T_NK","B_cell::ActB3","Stricture_minus_Control","Control","Stricture",3,8,0,3,8,TRUE
"SCP2959","T_NK","B_cell::ActB3","Inflamed_minus_Control","Control","Inflamed",3,0,0,3,0,FALSE
"SCP2959","T_NK","B_cell::ActB3","Inflamed_minus_Non_inflamed","Non-inflamed","Inflamed",0,0,0,0,0,FALSE
"SCP2959","T_NK","B_cell::ActB3","Stricture_minus_Inflamed","Inflamed","Stricture",0,8,0,0,8,FALSE
"SCP2959","T_NK","B_cell::CSM","Stricture_minus_Non_stricture","Non-stricture","Stricture",11,12,8,3,4,TRUE
"SCP2959","T_NK","B_cell::CSM","Stricture_minus_Control","Control","Stricture",4,12,0,4,12,TRUE
"SCP2959","T_NK","B_cell::CSM","Inflamed_minus_Control","Control","Inflamed",4,0,0,4,0,FALSE
"SCP2959","T_NK","B_cell::CSM","Inflamed_minus_Non_inflamed","Non-inflamed","Inflamed",0,0,0,0,0,FALSE
"SCP2959","T_NK","B_cell::CSM","Stricture_minus_Inflamed","Inflamed","Stricture",0,12,0,0,12,FALSE
"SCP2959","T_NK","B_cell::Centroblast B","Stricture_minus_Non_stricture","Non-stricture","Stricture",4,3,1,3,2,TRUE
"SCP2959","T_NK","B_cell::Centroblast B","Stricture_minus_Control","Control","Stricture",2,3,0,2,3,TRUE
"SCP2959","T_NK","B_cell::Centroblast B","Inflamed_minus_Control","Control","Inflamed",2,0,0,2,0,FALSE
"SCP2959","T_NK","B_cell::Centroblast B","Inflamed_minus_Non_inflamed","Non-inflamed","Inflamed",0,0,0,0,0,FALSE
"SCP2959","T_NK","B_cell::Centroblast B","Stricture_minus_Inflamed","Inflamed","Stricture",0,3,0,0,3,FALSE
"SCP2959","T_NK","B_cell::Centrocyte B","Stricture_minus_Non_stricture","Non-stricture","Stricture",2,3,1,1,2,TRUE
"SCP2959","T_NK","B_cell::Centrocyte B","Stricture_minus_Control","Control","Stricture",2,3,0,2,3,TRUE
"SCP2959","T_NK","B_cell::Centrocyte B","Inflamed_minus_Control","Control","Inflamed",2,0,0,2,0,FALSE
"SCP2959","T_NK","B_cell::Centrocyte B","Inflamed_minus_Non_inflamed","Non-inflamed","Inflamed",0,0,0,0,0,FALSE
"SCP2959","T_NK","B_cell::Centrocyte B","Stricture_minus_Inflamed","Inflamed","Stricture",0,3,0,0,3,FALSE
"SCP2959","T_NK","B_cell::DN2","Stricture_minus_Non_stricture","Non-stricture","Stricture",5,6,1,4,5,TRUE
"SCP2959","T_NK","B_cell::DN2","Stricture_minus_Control","Control","Stricture",1,6,0,1,6,TRUE
"SCP2959","T_NK","B_cell::DN2","Inflamed_minus_Control","Control","Inflamed",1,1,0,1,1,TRUE
"SCP2959","T_NK","B_cell::DN2","Inflamed_minus_Non_inflamed","Non-inflamed","Inflamed",0,1,0,0,1,FALSE
"SCP2959","T_NK","B_cell::DN2","Stricture_minus_Inflamed","Inflamed","Stricture",1,6,0,1,6,TRUE
"SCP2959","T_NK","B_cell::IgM-only","Stricture_minus_Non_stricture","Non-stricture","Stricture",0,2,0,0,2,FALSE
"SCP2959","T_NK","B_cell::IgM-only","Stricture_minus_Control","Control","Stricture",1,2,0,1,2,TRUE
"SCP2959","T_NK","B_cell::IgM-only","Inflamed_minus_Control","Control","Inflamed",1,0,0,1,0,FALSE
"SCP2959","T_NK","B_cell::IgM-only","Inflamed_minus_Non_inflamed","Non-inflamed","Inflamed",0,0,0,0,0,FALSE
"SCP2959","T_NK","B_cell::IgM-only","Stricture_minus_Inflamed","Inflamed","Stricture",0,2,0,0,2,FALSE
"SCP2959","T_NK","B_cell::MZ","Stricture_minus_Non_stricture","Non-stricture","Stricture",1,3,1,0,2,TRUE
"SCP2959","T_NK","B_cell::MZ","Stricture_minus_Control","Control","Stricture",1,3,0,1,3,TRUE
"SCP2959","T_NK","B_cell::MZ","Inflamed_minus_Control","Control","Inflamed",1,0,0,1,0,FALSE
"SCP2959","T_NK","B_cell::MZ","Inflamed_minus_Non_inflamed","Non-inflamed","Inflamed",0,0,0,0,0,FALSE
"SCP2959","T_NK","B_cell::MZ","Stricture_minus_Inflamed","Inflamed","Stricture",0,3,0,0,3,FALSE
"SCP2959","T_NK","B_cell::Naïve B","Stricture_minus_Non_stricture","Non-stricture","Stricture",4,8,2,2,6,TRUE
"SCP2959","T_NK","B_cell::Naïve B","Stricture_minus_Control","Control","Stricture",4,8,0,4,8,TRUE
"SCP2959","T_NK","B_cell::Naïve B","Inflamed_minus_Control","Control","Inflamed",4,0,0,4,0,FALSE
"SCP2959","T_NK","B_cell::Naïve B","Inflamed_minus_Non_inflamed","Non-inflamed","Inflamed",0,0,0,0,0,FALSE
"SCP2959","T_NK","B_cell::Naïve B","Stricture_minus_Inflamed","Inflamed","Stricture",0,8,0,0,8,FALSE
"SCP2959","T_NK","Plasma::Activated plasma","Stricture_minus_Non_stricture","Non-stricture","Stricture",10,12,7,3,5,TRUE
"SCP2959","T_NK","Plasma::Activated plasma","Stricture_minus_Control","Control","Stricture",5,12,0,5,12,TRUE
"SCP2959","T_NK","Plasma::Activated plasma","Inflamed_minus_Control","Control","Inflamed",5,0,0,5,0,FALSE
"SCP2959","T_NK","Plasma::Activated plasma","Inflamed_minus_Non_inflamed","Non-inflamed","Inflamed",0,0,0,0,0,FALSE
"SCP2959","T_NK","Plasma::Activated plasma","Stricture_minus_Inflamed","Inflamed","Stricture",0,12,0,0,12,FALSE
"SCP2959","T_NK","Plasma::IgA plasma","Stricture_minus_Non_stricture","Non-stricture","Stricture",10,14,9,1,5,TRUE
"SCP2959","T_NK","Plasma::IgA plasma","Stricture_minus_Control","Control","Stricture",4,14,0,4,14,TRUE
"SCP2959","T_NK","Plasma::IgA plasma","Inflamed_minus_Control","Control","Inflamed",4,1,0,4,1,TRUE
"SCP2959","T_NK","Plasma::IgA plasma","Inflamed_minus_Non_inflamed","Non-inflamed","Inflamed",0,1,0,0,1,FALSE
"SCP2959","T_NK","Plasma::IgA plasma","Stricture_minus_Inflamed","Inflamed","Stricture",1,14,1,0,13,TRUE
"SCP2959","T_NK","Plasma::IgG plasma","Stricture_minus_Non_stricture","Non-stricture","Stricture",4,10,2,2,8,TRUE
"SCP2959","T_NK","Plasma::IgG plasma","Stricture_minus_Control","Control","Stricture",2,10,0,2,10,TRUE
"SCP2959","T_NK","Plasma::IgG plasma","Inflamed_minus_Control","Control","Inflamed",2,1,0,2,1,TRUE
"SCP2959","T_NK","Plasma::IgG plasma","Inflamed_minus_Non_inflamed","Non-inflamed","Inflamed",0,1,0,0,1,FALSE
"SCP2959","T_NK","Plasma::IgG plasma","Stricture_minus_Inflamed","Inflamed","Stricture",1,10,1,0,9,TRUE
"SCP2959","T_NK","Plasma::Transitional B","Stricture_minus_Non_stricture","Non-stricture","Stricture",1,1,0,1,1,TRUE
"SCP2959","T_NK","Plasma::Transitional B","Stricture_minus_Control","Control","Stricture",0,1,0,0,1,FALSE
"SCP2959","T_NK","Plasma::Transitional B","Inflamed_minus_Control","Control","Inflamed",0,0,0,0,0,FALSE
"SCP2959","T_NK","Plasma::Transitional B","Inflamed_minus_Non_inflamed","Non-inflamed","Inflamed",0,0,0,0,0,FALSE
"SCP2959","T_NK","Plasma::Transitional B","Stricture_minus_Inflamed","Inflamed","Stricture",0,1,0,0,1,FALSE
