dataset,status,sender,receiver,n_samples,n_eligible_samples,n_eligible_donors,min_cells
"GSE134809","Inflamed","B_cell::ActB3","Endothelial",11,6,6,10
"GSE134809","Inflamed","B_cell::ActB3","Epithelial",11,6,6,10
"GSE134809","Inflamed","B_cell::ActB3","Mast",11,2,2,10
"GSE134809","Inflamed","B_cell::ActB3","Mesenchymal_stromal",11,6,6,10
"GSE134809","Inflamed","B_cell::ActB3","Myeloid",11,6,6,10
"GSE134809","Inflamed","B_cell::ActB3","T_NK",11,6,6,10
"GSE134809","Inflamed","B_cell::CSM","Endothelial",11,10,10,10
"GSE134809","Inflamed","B_cell::CSM","Epithelial",11,9,9,10
"GSE134809","Inflamed","B_cell::CSM","Mast",11,6,6,10
"GSE134809","Inflamed","B_cell::CSM","Mesenchymal_stromal",11,10,10,10
"GSE134809","Inflamed","B_cell::CSM","Myeloid",11,10,10,10
"GSE134809","Inflamed","B_cell::CSM","T_NK",11,10,10,10
"GSE134809","Inflamed","B_cell::Centroblast B","Endothelial",11,4,4,10
"GSE134809","Inflamed","B_cell::Centroblast B","Epithelial",11,3,3,10
"GSE134809","Inflamed","B_cell::Centroblast B","Mast",11,3,3,10
"GSE134809","Inflamed","B_cell::Centroblast B","Mesenchymal_stromal",11,4,4,10
"GSE134809","Inflamed","B_cell::Centroblast B","Myeloid",11,4,4,10
"GSE134809","Inflamed","B_cell::Centroblast B","T_NK",11,4,4,10
"GSE134809","Inflamed","B_cell::Centrocyte B","Endothelial",11,1,1,10
"GSE134809","Inflamed","B_cell::Centrocyte B","Epithelial",11,1,1,10
"GSE134809","Inflamed","B_cell::Centrocyte B","Mast",11,1,1,10
"GSE134809","Inflamed","B_cell::Centrocyte B","Mesenchymal_stromal",11,1,1,10
"GSE134809","Inflamed","B_cell::Centrocyte B","Myeloid",11,1,1,10
"GSE134809","Inflamed","B_cell::Centrocyte B","T_NK",11,1,1,10
"GSE134809","Inflamed","B_cell::DN2","Endothelial",11,8,8,10
"GSE134809","Inflamed","B_cell::DN2","Epithelial",11,7,7,10
"GSE134809","Inflamed","B_cell::DN2","Mast",11,4,4,10
"GSE134809","Inflamed","B_cell::DN2","Mesenchymal_stromal",11,8,8,10
"GSE134809","Inflamed","B_cell::DN2","Myeloid",11,8,8,10
"GSE134809","Inflamed","B_cell::DN2","T_NK",11,8,8,10
"GSE134809","Inflamed","B_cell::IgM-only","Endothelial",11,4,4,10
"GSE134809","Inflamed","B_cell::IgM-only","Epithelial",11,4,4,10
"GSE134809","Inflamed","B_cell::IgM-only","Mast",11,1,1,10
"GSE134809","Inflamed","B_cell::IgM-only","Mesenchymal_stromal",11,4,4,10
"GSE134809","Inflamed","B_cell::IgM-only","Myeloid",11,4,4,10
"GSE134809","Inflamed","B_cell::IgM-only","T_NK",11,4,4,10
"GSE134809","Inflamed","B_cell::MZ","Endothelial",11,3,3,10
"GSE134809","Inflamed","B_cell::MZ","Epithelial",11,3,3,10
"GSE134809","Inflamed","B_cell::MZ","Mast",11,1,1,10
"GSE134809","Inflamed","B_cell::MZ","Mesenchymal_stromal",11,3,3,10
"GSE134809","Inflamed","B_cell::MZ","Myeloid",11,3,3,10
"GSE134809","Inflamed","B_cell::MZ","T_NK",11,3,3,10
"GSE134809","Inflamed","B_cell::Naïve B","Endothelial",11,9,9,10
"GSE134809","Inflamed","B_cell::Naïve B","Epithelial",11,8,8,10
"GSE134809","Inflamed","B_cell::Naïve B","Mast",11,5,5,10
"GSE134809","Inflamed","B_cell::Naïve B","Mesenchymal_stromal",11,9,9,10
"GSE134809","Inflamed","B_cell::Naïve B","Myeloid",11,9,9,10
"GSE134809","Inflamed","B_cell::Naïve B","T_NK",11,9,9,10
"GSE134809","Inflamed","Plasma::Activated plasma","Endothelial",11,8,8,10
"GSE134809","Inflamed","Plasma::Activated plasma","Epithelial",11,9,9,10
"GSE134809","Inflamed","Plasma::Activated plasma","Mast",11,5,5,10
"GSE134809","Inflamed","Plasma::Activated plasma","Mesenchymal_stromal",11,8,8,10
"GSE134809","Inflamed","Plasma::Activated plasma","Myeloid",11,9,9,10
"GSE134809","Inflamed","Plasma::Activated plasma","T_NK",11,9,9,10
"GSE134809","Inflamed","Plasma::IgA plasma","Endothelial",11,10,10,10
"GSE134809","Inflamed","Plasma::IgA plasma","Epithelial",11,10,10,10
"GSE134809","Inflamed","Plasma::IgA plasma","Mast",11,7,7,10
"GSE134809","Inflamed","Plasma::IgA plasma","Mesenchymal_stromal",11,10,10,10
"GSE134809","Inflamed","Plasma::IgA plasma","Myeloid",11,11,11,10
"GSE134809","Inflamed","Plasma::IgA plasma","T_NK",11,11,11,10
"GSE134809","Inflamed","Plasma::IgG plasma","Endothelial",11,9,9,10
"GSE134809","Inflamed","Plasma::IgG plasma","Epithelial",11,8,8,10
"GSE134809","Inflamed","Plasma::IgG plasma","Mast",11,5,5,10
"GSE134809","Inflamed","Plasma::IgG plasma","Mesenchymal_stromal",11,9,9,10
"GSE134809","Inflamed","Plasma::IgG plasma","Myeloid",11,9,9,10
"GSE134809","Inflamed","Plasma::IgG plasma","T_NK",11,9,9,10
"GSE134809","Inflamed","Plasma::Transitional B","Endothelial",11,3,3,10
"GSE134809","Inflamed","Plasma::Transitional B","Epithelial",11,3,3,10
"GSE134809","Inflamed","Plasma::Transitional B","Mast",11,2,2,10
"GSE134809","Inflamed","Plasma::Transitional B","Mesenchymal_stromal",11,3,3,10
"GSE134809","Inflamed","Plasma::Transitional B","Myeloid",11,3,3,10
"GSE134809","Inflamed","Plasma::Transitional B","T_NK",11,3,3,10
"GSE134809","Inflamed","Endothelial","B_cell::ActB3",11,6,6,10
"GSE134809","Inflamed","Endothelial","B_cell::CSM",11,10,10,10
"GSE134809","Inflamed","Endothelial","B_cell::Centroblast B",11,4,4,10
"GSE134809","Inflamed","Endothelial","B_cell::Centrocyte B",11,1,1,10
"GSE134809","Inflamed","Endothelial","B_cell::DN2",11,8,8,10
"GSE134809","Inflamed","Endothelial","B_cell::IgM-only",11,4,4,10
"GSE134809","Inflamed","Endothelial","B_cell::MZ",11,3,3,10
"GSE134809","Inflamed","Endothelial","B_cell::Naïve B",11,9,9,10
"GSE134809","Inflamed","Endothelial","Plasma::Activated plasma",11,8,8,10
"GSE134809","Inflamed","Endothelial","Plasma::IgA plasma",11,10,10,10
"GSE134809","Inflamed","Endothelial","Plasma::IgG plasma",11,9,9,10
"GSE134809","Inflamed","Endothelial","Plasma::Transitional B",11,3,3,10
"GSE134809","Inflamed","Epithelial","B_cell::ActB3",11,6,6,10
"GSE134809","Inflamed","Epithelial","B_cell::CSM",11,9,9,10
"GSE134809","Inflamed","Epithelial","B_cell::Centroblast B",11,3,3,10
"GSE134809","Inflamed","Epithelial","B_cell::Centrocyte B",11,1,1,10
"GSE134809","Inflamed","Epithelial","B_cell::DN2",11,7,7,10
"GSE134809","Inflamed","Epithelial","B_cell::IgM-only",11,4,4,10
"GSE134809","Inflamed","Epithelial","B_cell::MZ",11,3,3,10
"GSE134809","Inflamed","Epithelial","B_cell::Naïve B",11,8,8,10
"GSE134809","Inflamed","Epithelial","Plasma::Activated plasma",11,9,9,10
"GSE134809","Inflamed","Epithelial","Plasma::IgA plasma",11,10,10,10
"GSE134809","Inflamed","Epithelial","Plasma::IgG plasma",11,8,8,10
"GSE134809","Inflamed","Epithelial","Plasma::Transitional B",11,3,3,10
"GSE134809","Inflamed","Mast","B_cell::ActB3",11,2,2,10
"GSE134809","Inflamed","Mast","B_cell::CSM",11,6,6,10
"GSE134809","Inflamed","Mast","B_cell::Centroblast B",11,3,3,10
"GSE134809","Inflamed","Mast","B_cell::Centrocyte B",11,1,1,10
"GSE134809","Inflamed","Mast","B_cell::DN2",11,4,4,10
"GSE134809","Inflamed","Mast","B_cell::IgM-only",11,1,1,10
"GSE134809","Inflamed","Mast","B_cell::MZ",11,1,1,10
"GSE134809","Inflamed","Mast","B_cell::Naïve B",11,5,5,10
"GSE134809","Inflamed","Mast","Plasma::Activated plasma",11,5,5,10
"GSE134809","Inflamed","Mast","Plasma::IgA plasma",11,7,7,10
"GSE134809","Inflamed","Mast","Plasma::IgG plasma",11,5,5,10
"GSE134809","Inflamed","Mast","Plasma::Transitional B",11,2,2,10
"GSE134809","Inflamed","Mesenchymal_stromal","B_cell::ActB3",11,6,6,10
"GSE134809","Inflamed","Mesenchymal_stromal","B_cell::CSM",11,10,10,10
"GSE134809","Inflamed","Mesenchymal_stromal","B_cell::Centroblast B",11,4,4,10
"GSE134809","Inflamed","Mesenchymal_stromal","B_cell::Centrocyte B",11,1,1,10
"GSE134809","Inflamed","Mesenchymal_stromal","B_cell::DN2",11,8,8,10
"GSE134809","Inflamed","Mesenchymal_stromal","B_cell::IgM-only",11,4,4,10
"GSE134809","Inflamed","Mesenchymal_stromal","B_cell::MZ",11,3,3,10
"GSE134809","Inflamed","Mesenchymal_stromal","B_cell::Naïve B",11,9,9,10
"GSE134809","Inflamed","Mesenchymal_stromal","Plasma::Activated plasma",11,8,8,10
"GSE134809","Inflamed","Mesenchymal_stromal","Plasma::IgA plasma",11,10,10,10
"GSE134809","Inflamed","Mesenchymal_stromal","Plasma::IgG plasma",11,9,9,10
"GSE134809","Inflamed","Mesenchymal_stromal","Plasma::Transitional B",11,3,3,10
"GSE134809","Inflamed","Myeloid","B_cell::ActB3",11,6,6,10
"GSE134809","Inflamed","Myeloid","B_cell::CSM",11,10,10,10
"GSE134809","Inflamed","Myeloid","B_cell::Centroblast B",11,4,4,10
"GSE134809","Inflamed","Myeloid","B_cell::Centrocyte B",11,1,1,10
"GSE134809","Inflamed","Myeloid","B_cell::DN2",11,8,8,10
"GSE134809","Inflamed","Myeloid","B_cell::IgM-only",11,4,4,10
"GSE134809","Inflamed","Myeloid","B_cell::MZ",11,3,3,10
"GSE134809","Inflamed","Myeloid","B_cell::Naïve B",11,9,9,10
"GSE134809","Inflamed","Myeloid","Plasma::Activated plasma",11,9,9,10
"GSE134809","Inflamed","Myeloid","Plasma::IgA plasma",11,11,11,10
"GSE134809","Inflamed","Myeloid","Plasma::IgG plasma",11,9,9,10
"GSE134809","Inflamed","Myeloid","Plasma::Transitional B",11,3,3,10
"GSE134809","Inflamed","T_NK","B_cell::ActB3",11,6,6,10
"GSE134809","Inflamed","T_NK","B_cell::CSM",11,10,10,10
"GSE134809","Inflamed","T_NK","B_cell::Centroblast B",11,4,4,10
"GSE134809","Inflamed","T_NK","B_cell::Centrocyte B",11,1,1,10
"GSE134809","Inflamed","T_NK","B_cell::DN2",11,8,8,10
"GSE134809","Inflamed","T_NK","B_cell::IgM-only",11,4,4,10
"GSE134809","Inflamed","T_NK","B_cell::MZ",11,3,3,10
"GSE134809","Inflamed","T_NK","B_cell::Naïve B",11,9,9,10
"GSE134809","Inflamed","T_NK","Plasma::Activated plasma",11,9,9,10
"GSE134809","Inflamed","T_NK","Plasma::IgA plasma",11,11,11,10
"GSE134809","Inflamed","T_NK","Plasma::IgG plasma",11,9,9,10
"GSE134809","Inflamed","T_NK","Plasma::Transitional B",11,3,3,10
"GSE134809","Non-inflamed","B_cell::ActB3","Endothelial",11,2,2,10
"GSE134809","Non-inflamed","B_cell::ActB3","Epithelial",11,2,2,10
"GSE134809","Non-inflamed","B_cell::ActB3","Mast",11,0,0,10
"GSE134809","Non-inflamed","B_cell::ActB3","Mesenchymal_stromal",11,2,2,10
"GSE134809","Non-inflamed","B_cell::ActB3","Myeloid",11,2,2,10
"GSE134809","Non-inflamed","B_cell::ActB3","T_NK",11,2,2,10
"GSE134809","Non-inflamed","B_cell::CSM","Endothelial",11,10,10,10
"GSE134809","Non-inflamed","B_cell::CSM","Epithelial",11,10,10,10
"GSE134809","Non-inflamed","B_cell::CSM","Mast",11,7,7,10
"GSE134809","Non-inflamed","B_cell::CSM","Mesenchymal_stromal",11,10,10,10
"GSE134809","Non-inflamed","B_cell::CSM","Myeloid",11,10,10,10
"GSE134809","Non-inflamed","B_cell::CSM","T_NK",11,10,10,10
"GSE134809","Non-inflamed","B_cell::Centroblast B","Endothelial",11,2,2,10
"GSE134809","Non-inflamed","B_cell::Centroblast B","Epithelial",11,2,2,10
"GSE134809","Non-inflamed","B_cell::Centroblast B","Mast",11,1,1,10
"GSE134809","Non-inflamed","B_cell::Centroblast B","Mesenchymal_stromal",11,2,2,10
"GSE134809","Non-inflamed","B_cell::Centroblast B","Myeloid",11,2,2,10
"GSE134809","Non-inflamed","B_cell::Centroblast B","T_NK",11,2,2,10
"GSE134809","Non-inflamed","B_cell::Centrocyte B","Endothelial",11,1,1,10
"GSE134809","Non-inflamed","B_cell::Centrocyte B","Epithelial",11,1,1,10
"GSE134809","Non-inflamed","B_cell::Centrocyte B","Mast",11,1,1,10
"GSE134809","Non-inflamed","B_cell::Centrocyte B","Mesenchymal_stromal",11,1,1,10
"GSE134809","Non-inflamed","B_cell::Centrocyte B","Myeloid",11,1,1,10
"GSE134809","Non-inflamed","B_cell::Centrocyte B","T_NK",11,1,1,10
"GSE134809","Non-inflamed","B_cell::DN2","Endothelial",11,4,4,10
"GSE134809","Non-inflamed","B_cell::DN2","Epithelial",11,4,4,10
"GSE134809","Non-inflamed","B_cell::DN2","Mast",11,1,1,10
"GSE134809","Non-inflamed","B_cell::DN2","Mesenchymal_stromal",11,4,4,10
"GSE134809","Non-inflamed","B_cell::DN2","Myeloid",11,4,4,10
"GSE134809","Non-inflamed","B_cell::DN2","T_NK",11,4,4,10
"GSE134809","Non-inflamed","B_cell::IgM-only","Endothelial",11,0,0,10
"GSE134809","Non-inflamed","B_cell::IgM-only","Epithelial",11,0,0,10
"GSE134809","Non-inflamed","B_cell::IgM-only","Mast",11,0,0,10
"GSE134809","Non-inflamed","B_cell::IgM-only","Mesenchymal_stromal",11,0,0,10
"GSE134809","Non-inflamed","B_cell::IgM-only","Myeloid",11,0,0,10
"GSE134809","Non-inflamed","B_cell::IgM-only","T_NK",11,0,0,10
"GSE134809","Non-inflamed","B_cell::MZ","Endothelial",11,1,1,10
"GSE134809","Non-inflamed","B_cell::MZ","Epithelial",11,1,1,10
"GSE134809","Non-inflamed","B_cell::MZ","Mast",11,0,0,10
"GSE134809","Non-inflamed","B_cell::MZ","Mesenchymal_stromal",11,1,1,10
"GSE134809","Non-inflamed","B_cell::MZ","Myeloid",11,1,1,10
"GSE134809","Non-inflamed","B_cell::MZ","T_NK",11,1,1,10
"GSE134809","Non-inflamed","B_cell::Naïve B","Endothelial",11,8,8,10
"GSE134809","Non-inflamed","B_cell::Naïve B","Epithelial",11,8,8,10
"GSE134809","Non-inflamed","B_cell::Naïve B","Mast",11,6,6,10
"GSE134809","Non-inflamed","B_cell::Naïve B","Mesenchymal_stromal",11,8,8,10
"GSE134809","Non-inflamed","B_cell::Naïve B","Myeloid",11,8,8,10
"GSE134809","Non-inflamed","B_cell::Naïve B","T_NK",11,8,8,10
"GSE134809","Non-inflamed","Plasma::Activated plasma","Endothelial",11,10,10,10
"GSE134809","Non-inflamed","Plasma::Activated plasma","Epithelial",11,11,11,10
"GSE134809","Non-inflamed","Plasma::Activated plasma","Mast",11,7,7,10
"GSE134809","Non-inflamed","Plasma::Activated plasma","Mesenchymal_stromal",11,10,10,10
"GSE134809","Non-inflamed","Plasma::Activated plasma","Myeloid",11,11,11,10
"GSE134809","Non-inflamed","Plasma::Activated plasma","T_NK",11,11,11,10
"GSE134809","Non-inflamed","Plasma::IgA plasma","Endothelial",11,10,10,10
"GSE134809","Non-inflamed","Plasma::IgA plasma","Epithelial",11,11,11,10
"GSE134809","Non-inflamed","Plasma::IgA plasma","Mast",11,7,7,10
"GSE134809","Non-inflamed","Plasma::IgA plasma","Mesenchymal_stromal",11,10,10,10
"GSE134809","Non-inflamed","Plasma::IgA plasma","Myeloid",11,11,11,10
"GSE134809","Non-inflamed","Plasma::IgA plasma","T_NK",11,11,11,10
"GSE134809","Non-inflamed","Plasma::IgG plasma","Endothelial",11,9,9,10
"GSE134809","Non-inflamed","Plasma::IgG plasma","Epithelial",11,9,9,10
"GSE134809","Non-inflamed","Plasma::IgG plasma","Mast",11,6,6,10
"GSE134809","Non-inflamed","Plasma::IgG plasma","Mesenchymal_stromal",11,9,9,10
"GSE134809","Non-inflamed","Plasma::IgG plasma","Myeloid",11,9,9,10
"GSE134809","Non-inflamed","Plasma::IgG plasma","T_NK",11,9,9,10
"GSE134809","Non-inflamed","Plasma::Transitional B","Endothelial",11,0,0,10
"GSE134809","Non-inflamed","Plasma::Transitional B","Epithelial",11,0,0,10
"GSE134809","Non-inflamed","Plasma::Transitional B","Mast",11,0,0,10
"GSE134809","Non-inflamed","Plasma::Transitional B","Mesenchymal_stromal",11,0,0,10
"GSE134809","Non-inflamed","Plasma::Transitional B","Myeloid",11,0,0,10
"GSE134809","Non-inflamed","Plasma::Transitional B","T_NK",11,0,0,10
"GSE134809","Non-inflamed","Endothelial","B_cell::ActB3",11,2,2,10
"GSE134809","Non-inflamed","Endothelial","B_cell::CSM",11,10,10,10
"GSE134809","Non-inflamed","Endothelial","B_cell::Centroblast B",11,2,2,10
"GSE134809","Non-inflamed","Endothelial","B_cell::Centrocyte B",11,1,1,10
"GSE134809","Non-inflamed","Endothelial","B_cell::DN2",11,4,4,10
"GSE134809","Non-inflamed","Endothelial","B_cell::IgM-only",11,0,0,10
"GSE134809","Non-inflamed","Endothelial","B_cell::MZ",11,1,1,10
"GSE134809","Non-inflamed","Endothelial","B_cell::Naïve B",11,8,8,10
"GSE134809","Non-inflamed","Endothelial","Plasma::Activated plasma",11,10,10,10
"GSE134809","Non-inflamed","Endothelial","Plasma::IgA plasma",11,10,10,10
"GSE134809","Non-inflamed","Endothelial","Plasma::IgG plasma",11,9,9,10
"GSE134809","Non-inflamed","Endothelial","Plasma::Transitional B",11,0,0,10
"GSE134809","Non-inflamed","Epithelial","B_cell::ActB3",11,2,2,10
"GSE134809","Non-inflamed","Epithelial","B_cell::CSM",11,10,10,10
"GSE134809","Non-inflamed","Epithelial","B_cell::Centroblast B",11,2,2,10
"GSE134809","Non-inflamed","Epithelial","B_cell::Centrocyte B",11,1,1,10
"GSE134809","Non-inflamed","Epithelial","B_cell::DN2",11,4,4,10
"GSE134809","Non-inflamed","Epithelial","B_cell::IgM-only",11,0,0,10
"GSE134809","Non-inflamed","Epithelial","B_cell::MZ",11,1,1,10
"GSE134809","Non-inflamed","Epithelial","B_cell::Naïve B",11,8,8,10
"GSE134809","Non-inflamed","Epithelial","Plasma::Activated plasma",11,11,11,10
"GSE134809","Non-inflamed","Epithelial","Plasma::IgA plasma",11,11,11,10
"GSE134809","Non-inflamed","Epithelial","Plasma::IgG plasma",11,9,9,10
"GSE134809","Non-inflamed","Epithelial","Plasma::Transitional B",11,0,0,10
"GSE134809","Non-inflamed","Mast","B_cell::ActB3",11,0,0,10
"GSE134809","Non-inflamed","Mast","B_cell::CSM",11,7,7,10
"GSE134809","Non-inflamed","Mast","B_cell::Centroblast B",11,1,1,10
"GSE134809","Non-inflamed","Mast","B_cell::Centrocyte B",11,1,1,10
"GSE134809","Non-inflamed","Mast","B_cell::DN2",11,1,1,10
"GSE134809","Non-inflamed","Mast","B_cell::IgM-only",11,0,0,10
"GSE134809","Non-inflamed","Mast","B_cell::MZ",11,0,0,10
"GSE134809","Non-inflamed","Mast","B_cell::Naïve B",11,6,6,10
"GSE134809","Non-inflamed","Mast","Plasma::Activated plasma",11,7,7,10
"GSE134809","Non-inflamed","Mast","Plasma::IgA plasma",11,7,7,10
"GSE134809","Non-inflamed","Mast","Plasma::IgG plasma",11,6,6,10
"GSE134809","Non-inflamed","Mast","Plasma::Transitional B",11,0,0,10
"GSE134809","Non-inflamed","Mesenchymal_stromal","B_cell::ActB3",11,2,2,10
"GSE134809","Non-inflamed","Mesenchymal_stromal","B_cell::CSM",11,10,10,10
"GSE134809","Non-inflamed","Mesenchymal_stromal","B_cell::Centroblast B",11,2,2,10
"GSE134809","Non-inflamed","Mesenchymal_stromal","B_cell::Centrocyte B",11,1,1,10
"GSE134809","Non-inflamed","Mesenchymal_stromal","B_cell::DN2",11,4,4,10
"GSE134809","Non-inflamed","Mesenchymal_stromal","B_cell::IgM-only",11,0,0,10
"GSE134809","Non-inflamed","Mesenchymal_stromal","B_cell::MZ",11,1,1,10
"GSE134809","Non-inflamed","Mesenchymal_stromal","B_cell::Naïve B",11,8,8,10
"GSE134809","Non-inflamed","Mesenchymal_stromal","Plasma::Activated plasma",11,10,10,10
"GSE134809","Non-inflamed","Mesenchymal_stromal","Plasma::IgA plasma",11,10,10,10
"GSE134809","Non-inflamed","Mesenchymal_stromal","Plasma::IgG plasma",11,9,9,10
"GSE134809","Non-inflamed","Mesenchymal_stromal","Plasma::Transitional B",11,0,0,10
"GSE134809","Non-inflamed","Myeloid","B_cell::ActB3",11,2,2,10
"GSE134809","Non-inflamed","Myeloid","B_cell::CSM",11,10,10,10
"GSE134809","Non-inflamed","Myeloid","B_cell::Centroblast B",11,2,2,10
"GSE134809","Non-inflamed","Myeloid","B_cell::Centrocyte B",11,1,1,10
"GSE134809","Non-inflamed","Myeloid","B_cell::DN2",11,4,4,10
"GSE134809","Non-inflamed","Myeloid","B_cell::IgM-only",11,0,0,10
"GSE134809","Non-inflamed","Myeloid","B_cell::MZ",11,1,1,10
"GSE134809","Non-inflamed","Myeloid","B_cell::Naïve B",11,8,8,10
"GSE134809","Non-inflamed","Myeloid","Plasma::Activated plasma",11,11,11,10
"GSE134809","Non-inflamed","Myeloid","Plasma::IgA plasma",11,11,11,10
"GSE134809","Non-inflamed","Myeloid","Plasma::IgG plasma",11,9,9,10
"GSE134809","Non-inflamed","Myeloid","Plasma::Transitional B",11,0,0,10
"GSE134809","Non-inflamed","T_NK","B_cell::ActB3",11,2,2,10
"GSE134809","Non-inflamed","T_NK","B_cell::CSM",11,10,10,10
"GSE134809","Non-inflamed","T_NK","B_cell::Centroblast B",11,2,2,10
"GSE134809","Non-inflamed","T_NK","B_cell::Centrocyte B",11,1,1,10
"GSE134809","Non-inflamed","T_NK","B_cell::DN2",11,4,4,10
"GSE134809","Non-inflamed","T_NK","B_cell::IgM-only",11,0,0,10
"GSE134809","Non-inflamed","T_NK","B_cell::MZ",11,1,1,10
"GSE134809","Non-inflamed","T_NK","B_cell::Naïve B",11,8,8,10
"GSE134809","Non-inflamed","T_NK","Plasma::Activated plasma",11,11,11,10
"GSE134809","Non-inflamed","T_NK","Plasma::IgA plasma",11,11,11,10
"GSE134809","Non-inflamed","T_NK","Plasma::IgG plasma",11,9,9,10
"GSE134809","Non-inflamed","T_NK","Plasma::Transitional B",11,0,0,10
"JCI2024","Stricture","B_cell::ActB3","Endothelial",6,3,3,10
"JCI2024","Stricture","B_cell::ActB3","Epithelial",6,3,3,10
"JCI2024","Stricture","B_cell::ActB3","Mast",6,3,3,10
"JCI2024","Stricture","B_cell::ActB3","Mesenchymal_stromal",6,3,3,10
"JCI2024","Stricture","B_cell::ActB3","Myeloid",6,3,3,10
"JCI2024","Stricture","B_cell::ActB3","T_NK",6,3,3,10
"JCI2024","Stricture","B_cell::CSM","Endothelial",6,6,6,10
"JCI2024","Stricture","B_cell::CSM","Epithelial",6,6,6,10
"JCI2024","Stricture","B_cell::CSM","Mast",6,6,6,10
"JCI2024","Stricture","B_cell::CSM","Mesenchymal_stromal",6,6,6,10
"JCI2024","Stricture","B_cell::CSM","Myeloid",6,6,6,10
"JCI2024","Stricture","B_cell::CSM","T_NK",6,6,6,10
"JCI2024","Stricture","B_cell::Centroblast B","Endothelial",6,2,2,10
"JCI2024","Stricture","B_cell::Centroblast B","Epithelial",6,2,2,10
"JCI2024","Stricture","B_cell::Centroblast B","Mast",6,2,2,10
"JCI2024","Stricture","B_cell::Centroblast B","Mesenchymal_stromal",6,2,2,10
"JCI2024","Stricture","B_cell::Centroblast B","Myeloid",6,2,2,10
"JCI2024","Stricture","B_cell::Centroblast B","T_NK",6,2,2,10
"JCI2024","Stricture","B_cell::Centrocyte B","Endothelial",6,0,0,10
"JCI2024","Stricture","B_cell::Centrocyte B","Epithelial",6,0,0,10
"JCI2024","Stricture","B_cell::Centrocyte B","Mast",6,0,0,10
"JCI2024","Stricture","B_cell::Centrocyte B","Mesenchymal_stromal",6,0,0,10
"JCI2024","Stricture","B_cell::Centrocyte B","Myeloid",6,0,0,10
"JCI2024","Stricture","B_cell::Centrocyte B","T_NK",6,0,0,10
"JCI2024","Stricture","B_cell::DN2","Endothelial",6,6,6,10
"JCI2024","Stricture","B_cell::DN2","Epithelial",6,6,6,10
"JCI2024","Stricture","B_cell::DN2","Mast",6,6,6,10
"JCI2024","Stricture","B_cell::DN2","Mesenchymal_stromal",6,6,6,10
"JCI2024","Stricture","B_cell::DN2","Myeloid",6,6,6,10
"JCI2024","Stricture","B_cell::DN2","T_NK",6,6,6,10
"JCI2024","Stricture","B_cell::IgM-only","Endothelial",6,4,4,10
"JCI2024","Stricture","B_cell::IgM-only","Epithelial",6,4,4,10
"JCI2024","Stricture","B_cell::IgM-only","Mast",6,4,4,10
"JCI2024","Stricture","B_cell::IgM-only","Mesenchymal_stromal",6,4,4,10
"JCI2024","Stricture","B_cell::IgM-only","Myeloid",6,4,4,10
"JCI2024","Stricture","B_cell::IgM-only","T_NK",6,4,4,10
"JCI2024","Stricture","B_cell::MZ","Endothelial",6,1,1,10
"JCI2024","Stricture","B_cell::MZ","Epithelial",6,1,1,10
"JCI2024","Stricture","B_cell::MZ","Mast",6,1,1,10
"JCI2024","Stricture","B_cell::MZ","Mesenchymal_stromal",6,1,1,10
"JCI2024","Stricture","B_cell::MZ","Myeloid",6,1,1,10
"JCI2024","Stricture","B_cell::MZ","T_NK",6,1,1,10
"JCI2024","Stricture","B_cell::Naïve B","Endothelial",6,6,6,10
"JCI2024","Stricture","B_cell::Naïve B","Epithelial",6,6,6,10
"JCI2024","Stricture","B_cell::Naïve B","Mast",6,6,6,10
"JCI2024","Stricture","B_cell::Naïve B","Mesenchymal_stromal",6,6,6,10
"JCI2024","Stricture","B_cell::Naïve B","Myeloid",6,6,6,10
"JCI2024","Stricture","B_cell::Naïve B","T_NK",6,6,6,10
"JCI2024","Stricture","Plasma::Activated plasma","Endothelial",6,6,6,10
"JCI2024","Stricture","Plasma::Activated plasma","Epithelial",6,6,6,10
"JCI2024","Stricture","Plasma::Activated plasma","Mast",6,6,6,10
"JCI2024","Stricture","Plasma::Activated plasma","Mesenchymal_stromal",6,6,6,10
"JCI2024","Stricture","Plasma::Activated plasma","Myeloid",6,6,6,10
"JCI2024","Stricture","Plasma::Activated plasma","T_NK",6,6,6,10
"JCI2024","Stricture","Plasma::IgA plasma","Endothelial",6,6,6,10
"JCI2024","Stricture","Plasma::IgA plasma","Epithelial",6,6,6,10
"JCI2024","Stricture","Plasma::IgA plasma","Mast",6,6,6,10
"JCI2024","Stricture","Plasma::IgA plasma","Mesenchymal_stromal",6,6,6,10
"JCI2024","Stricture","Plasma::IgA plasma","Myeloid",6,6,6,10
"JCI2024","Stricture","Plasma::IgA plasma","T_NK",6,6,6,10
"JCI2024","Stricture","Plasma::IgG plasma","Endothelial",6,6,6,10
"JCI2024","Stricture","Plasma::IgG plasma","Epithelial",6,6,6,10
"JCI2024","Stricture","Plasma::IgG plasma","Mast",6,6,6,10
"JCI2024","Stricture","Plasma::IgG plasma","Mesenchymal_stromal",6,6,6,10
"JCI2024","Stricture","Plasma::IgG plasma","Myeloid",6,6,6,10
"JCI2024","Stricture","Plasma::IgG plasma","T_NK",6,6,6,10
"JCI2024","Stricture","Plasma::Transitional B","Endothelial",6,0,0,10
"JCI2024","Stricture","Plasma::Transitional B","Epithelial",6,0,0,10
"JCI2024","Stricture","Plasma::Transitional B","Mast",6,0,0,10
"JCI2024","Stricture","Plasma::Transitional B","Mesenchymal_stromal",6,0,0,10
"JCI2024","Stricture","Plasma::Transitional B","Myeloid",6,0,0,10
"JCI2024","Stricture","Plasma::Transitional B","T_NK",6,0,0,10
"JCI2024","Stricture","Endothelial","B_cell::ActB3",6,3,3,10
"JCI2024","Stricture","Endothelial","B_cell::CSM",6,6,6,10
"JCI2024","Stricture","Endothelial","B_cell::Centroblast B",6,2,2,10
"JCI2024","Stricture","Endothelial","B_cell::Centrocyte B",6,0,0,10
"JCI2024","Stricture","Endothelial","B_cell::DN2",6,6,6,10
"JCI2024","Stricture","Endothelial","B_cell::IgM-only",6,4,4,10
"JCI2024","Stricture","Endothelial","B_cell::MZ",6,1,1,10
"JCI2024","Stricture","Endothelial","B_cell::Naïve B",6,6,6,10
"JCI2024","Stricture","Endothelial","Plasma::Activated plasma",6,6,6,10
"JCI2024","Stricture","Endothelial","Plasma::IgA plasma",6,6,6,10
"JCI2024","Stricture","Endothelial","Plasma::IgG plasma",6,6,6,10
"JCI2024","Stricture","Endothelial","Plasma::Transitional B",6,0,0,10
"JCI2024","Stricture","Epithelial","B_cell::ActB3",6,3,3,10
"JCI2024","Stricture","Epithelial","B_cell::CSM",6,6,6,10
"JCI2024","Stricture","Epithelial","B_cell::Centroblast B",6,2,2,10
"JCI2024","Stricture","Epithelial","B_cell::Centrocyte B",6,0,0,10
"JCI2024","Stricture","Epithelial","B_cell::DN2",6,6,6,10
"JCI2024","Stricture","Epithelial","B_cell::IgM-only",6,4,4,10
"JCI2024","Stricture","Epithelial","B_cell::MZ",6,1,1,10
"JCI2024","Stricture","Epithelial","B_cell::Naïve B",6,6,6,10
"JCI2024","Stricture","Epithelial","Plasma::Activated plasma",6,6,6,10
"JCI2024","Stricture","Epithelial","Plasma::IgA plasma",6,6,6,10
"JCI2024","Stricture","Epithelial","Plasma::IgG plasma",6,6,6,10
"JCI2024","Stricture","Epithelial","Plasma::Transitional B",6,0,0,10
"JCI2024","Stricture","Mast","B_cell::ActB3",6,3,3,10
"JCI2024","Stricture","Mast","B_cell::CSM",6,6,6,10
"JCI2024","Stricture","Mast","B_cell::Centroblast B",6,2,2,10
"JCI2024","Stricture","Mast","B_cell::Centrocyte B",6,0,0,10
"JCI2024","Stricture","Mast","B_cell::DN2",6,6,6,10
"JCI2024","Stricture","Mast","B_cell::IgM-only",6,4,4,10
"JCI2024","Stricture","Mast","B_cell::MZ",6,1,1,10
"JCI2024","Stricture","Mast","B_cell::Naïve B",6,6,6,10
"JCI2024","Stricture","Mast","Plasma::Activated plasma",6,6,6,10
"JCI2024","Stricture","Mast","Plasma::IgA plasma",6,6,6,10
"JCI2024","Stricture","Mast","Plasma::IgG plasma",6,6,6,10
"JCI2024","Stricture","Mast","Plasma::Transitional B",6,0,0,10
"JCI2024","Stricture","Mesenchymal_stromal","B_cell::ActB3",6,3,3,10
"JCI2024","Stricture","Mesenchymal_stromal","B_cell::CSM",6,6,6,10
"JCI2024","Stricture","Mesenchymal_stromal","B_cell::Centroblast B",6,2,2,10
"JCI2024","Stricture","Mesenchymal_stromal","B_cell::Centrocyte B",6,0,0,10
"JCI2024","Stricture","Mesenchymal_stromal","B_cell::DN2",6,6,6,10
"JCI2024","Stricture","Mesenchymal_stromal","B_cell::IgM-only",6,4,4,10
"JCI2024","Stricture","Mesenchymal_stromal","B_cell::MZ",6,1,1,10
"JCI2024","Stricture","Mesenchymal_stromal","B_cell::Naïve B",6,6,6,10
"JCI2024","Stricture","Mesenchymal_stromal","Plasma::Activated plasma",6,6,6,10
"JCI2024","Stricture","Mesenchymal_stromal","Plasma::IgA plasma",6,6,6,10
"JCI2024","Stricture","Mesenchymal_stromal","Plasma::IgG plasma",6,6,6,10
"JCI2024","Stricture","Mesenchymal_stromal","Plasma::Transitional B",6,0,0,10
"JCI2024","Stricture","Myeloid","B_cell::ActB3",6,3,3,10
"JCI2024","Stricture","Myeloid","B_cell::CSM",6,6,6,10
"JCI2024","Stricture","Myeloid","B_cell::Centroblast B",6,2,2,10
"JCI2024","Stricture","Myeloid","B_cell::Centrocyte B",6,0,0,10
"JCI2024","Stricture","Myeloid","B_cell::DN2",6,6,6,10
"JCI2024","Stricture","Myeloid","B_cell::IgM-only",6,4,4,10
"JCI2024","Stricture","Myeloid","B_cell::MZ",6,1,1,10
"JCI2024","Stricture","Myeloid","B_cell::Naïve B",6,6,6,10
"JCI2024","Stricture","Myeloid","Plasma::Activated plasma",6,6,6,10
"JCI2024","Stricture","Myeloid","Plasma::IgA plasma",6,6,6,10
"JCI2024","Stricture","Myeloid","Plasma::IgG plasma",6,6,6,10
"JCI2024","Stricture","Myeloid","Plasma::Transitional B",6,0,0,10
"JCI2024","Stricture","T_NK","B_cell::ActB3",6,3,3,10
"JCI2024","Stricture","T_NK","B_cell::CSM",6,6,6,10
"JCI2024","Stricture","T_NK","B_cell::Centroblast B",6,2,2,10
"JCI2024","Stricture","T_NK","B_cell::Centrocyte B",6,0,0,10
"JCI2024","Stricture","T_NK","B_cell::DN2",6,6,6,10
"JCI2024","Stricture","T_NK","B_cell::IgM-only",6,4,4,10
"JCI2024","Stricture","T_NK","B_cell::MZ",6,1,1,10
"JCI2024","Stricture","T_NK","B_cell::Naïve B",6,6,6,10
"JCI2024","Stricture","T_NK","Plasma::Activated plasma",6,6,6,10
"JCI2024","Stricture","T_NK","Plasma::IgA plasma",6,6,6,10
"JCI2024","Stricture","T_NK","Plasma::IgG plasma",6,6,6,10
"JCI2024","Stricture","T_NK","Plasma::Transitional B",6,0,0,10
"JCI2024","Non-stricture","B_cell::ActB3","Endothelial",6,0,0,10
"JCI2024","Non-stricture","B_cell::ActB3","Epithelial",6,0,0,10
"JCI2024","Non-stricture","B_cell::ActB3","Mast",6,0,0,10
"JCI2024","Non-stricture","B_cell::ActB3","Mesenchymal_stromal",6,0,0,10
"JCI2024","Non-stricture","B_cell::ActB3","Myeloid",6,0,0,10
"JCI2024","Non-stricture","B_cell::ActB3","T_NK",6,0,0,10
"JCI2024","Non-stricture","B_cell::CSM","Endothelial",6,6,6,10
"JCI2024","Non-stricture","B_cell::CSM","Epithelial",6,6,6,10
"JCI2024","Non-stricture","B_cell::CSM","Mast",6,6,6,10
"JCI2024","Non-stricture","B_cell::CSM","Mesenchymal_stromal",6,6,6,10
"JCI2024","Non-stricture","B_cell::CSM","Myeloid",6,6,6,10
"JCI2024","Non-stricture","B_cell::CSM","T_NK",6,6,6,10
"JCI2024","Non-stricture","B_cell::Centroblast B","Endothelial",6,0,0,10
"JCI2024","Non-stricture","B_cell::Centroblast B","Epithelial",6,0,0,10
"JCI2024","Non-stricture","B_cell::Centroblast B","Mast",6,0,0,10
"JCI2024","Non-stricture","B_cell::Centroblast B","Mesenchymal_stromal",6,0,0,10
"JCI2024","Non-stricture","B_cell::Centroblast B","Myeloid",6,0,0,10
"JCI2024","Non-stricture","B_cell::Centroblast B","T_NK",6,0,0,10
"JCI2024","Non-stricture","B_cell::Centrocyte B","Endothelial",6,0,0,10
"JCI2024","Non-stricture","B_cell::Centrocyte B","Epithelial",6,0,0,10
"JCI2024","Non-stricture","B_cell::Centrocyte B","Mast",6,0,0,10
"JCI2024","Non-stricture","B_cell::Centrocyte B","Mesenchymal_stromal",6,0,0,10
"JCI2024","Non-stricture","B_cell::Centrocyte B","Myeloid",6,0,0,10
"JCI2024","Non-stricture","B_cell::Centrocyte B","T_NK",6,0,0,10
"JCI2024","Non-stricture","B_cell::DN2","Endothelial",6,4,4,10
"JCI2024","Non-stricture","B_cell::DN2","Epithelial",6,4,4,10
"JCI2024","Non-stricture","B_cell::DN2","Mast",6,4,4,10
"JCI2024","Non-stricture","B_cell::DN2","Mesenchymal_stromal",6,4,4,10
"JCI2024","Non-stricture","B_cell::DN2","Myeloid",6,4,4,10
"JCI2024","Non-stricture","B_cell::DN2","T_NK",6,4,4,10
"JCI2024","Non-stricture","B_cell::IgM-only","Endothelial",6,0,0,10
"JCI2024","Non-stricture","B_cell::IgM-only","Epithelial",6,0,0,10
"JCI2024","Non-stricture","B_cell::IgM-only","Mast",6,0,0,10
"JCI2024","Non-stricture","B_cell::IgM-only","Mesenchymal_stromal",6,0,0,10
"JCI2024","Non-stricture","B_cell::IgM-only","Myeloid",6,0,0,10
"JCI2024","Non-stricture","B_cell::IgM-only","T_NK",6,0,0,10
"JCI2024","Non-stricture","B_cell::MZ","Endothelial",6,0,0,10
"JCI2024","Non-stricture","B_cell::MZ","Epithelial",6,0,0,10
"JCI2024","Non-stricture","B_cell::MZ","Mast",6,0,0,10
"JCI2024","Non-stricture","B_cell::MZ","Mesenchymal_stromal",6,0,0,10
"JCI2024","Non-stricture","B_cell::MZ","Myeloid",6,0,0,10
"JCI2024","Non-stricture","B_cell::MZ","T_NK",6,0,0,10
"JCI2024","Non-stricture","B_cell::Naïve B","Endothelial",6,2,2,10
"JCI2024","Non-stricture","B_cell::Naïve B","Epithelial",6,2,2,10
"JCI2024","Non-stricture","B_cell::Naïve B","Mast",6,2,2,10
"JCI2024","Non-stricture","B_cell::Naïve B","Mesenchymal_stromal",6,2,2,10
"JCI2024","Non-stricture","B_cell::Naïve B","Myeloid",6,2,2,10
"JCI2024","Non-stricture","B_cell::Naïve B","T_NK",6,2,2,10
"JCI2024","Non-stricture","Plasma::Activated plasma","Endothelial",6,6,6,10
"JCI2024","Non-stricture","Plasma::Activated plasma","Epithelial",6,6,6,10
"JCI2024","Non-stricture","Plasma::Activated plasma","Mast",6,6,6,10
"JCI2024","Non-stricture","Plasma::Activated plasma","Mesenchymal_stromal",6,6,6,10
"JCI2024","Non-stricture","Plasma::Activated plasma","Myeloid",6,6,6,10
"JCI2024","Non-stricture","Plasma::Activated plasma","T_NK",6,6,6,10
"JCI2024","Non-stricture","Plasma::IgA plasma","Endothelial",6,6,6,10
"JCI2024","Non-stricture","Plasma::IgA plasma","Epithelial",6,6,6,10
"JCI2024","Non-stricture","Plasma::IgA plasma","Mast",6,6,6,10
"JCI2024","Non-stricture","Plasma::IgA plasma","Mesenchymal_stromal",6,6,6,10
"JCI2024","Non-stricture","Plasma::IgA plasma","Myeloid",6,6,6,10
"JCI2024","Non-stricture","Plasma::IgA plasma","T_NK",6,6,6,10
"JCI2024","Non-stricture","Plasma::IgG plasma","Endothelial",6,1,1,10
"JCI2024","Non-stricture","Plasma::IgG plasma","Epithelial",6,1,1,10
"JCI2024","Non-stricture","Plasma::IgG plasma","Mast",6,1,1,10
"JCI2024","Non-stricture","Plasma::IgG plasma","Mesenchymal_stromal",6,1,1,10
"JCI2024","Non-stricture","Plasma::IgG plasma","Myeloid",6,1,1,10
"JCI2024","Non-stricture","Plasma::IgG plasma","T_NK",6,1,1,10
"JCI2024","Non-stricture","Plasma::Transitional B","Endothelial",6,0,0,10
"JCI2024","Non-stricture","Plasma::Transitional B","Epithelial",6,0,0,10
"JCI2024","Non-stricture","Plasma::Transitional B","Mast",6,0,0,10
"JCI2024","Non-stricture","Plasma::Transitional B","Mesenchymal_stromal",6,0,0,10
"JCI2024","Non-stricture","Plasma::Transitional B","Myeloid",6,0,0,10
"JCI2024","Non-stricture","Plasma::Transitional B","T_NK",6,0,0,10
"JCI2024","Non-stricture","Endothelial","B_cell::ActB3",6,0,0,10
"JCI2024","Non-stricture","Endothelial","B_cell::CSM",6,6,6,10
"JCI2024","Non-stricture","Endothelial","B_cell::Centroblast B",6,0,0,10
"JCI2024","Non-stricture","Endothelial","B_cell::Centrocyte B",6,0,0,10
"JCI2024","Non-stricture","Endothelial","B_cell::DN2",6,4,4,10
"JCI2024","Non-stricture","Endothelial","B_cell::IgM-only",6,0,0,10
"JCI2024","Non-stricture","Endothelial","B_cell::MZ",6,0,0,10
"JCI2024","Non-stricture","Endothelial","B_cell::Naïve B",6,2,2,10
"JCI2024","Non-stricture","Endothelial","Plasma::Activated plasma",6,6,6,10
"JCI2024","Non-stricture","Endothelial","Plasma::IgA plasma",6,6,6,10
"JCI2024","Non-stricture","Endothelial","Plasma::IgG plasma",6,1,1,10
"JCI2024","Non-stricture","Endothelial","Plasma::Transitional B",6,0,0,10
"JCI2024","Non-stricture","Epithelial","B_cell::ActB3",6,0,0,10
"JCI2024","Non-stricture","Epithelial","B_cell::CSM",6,6,6,10
"JCI2024","Non-stricture","Epithelial","B_cell::Centroblast B",6,0,0,10
"JCI2024","Non-stricture","Epithelial","B_cell::Centrocyte B",6,0,0,10
"JCI2024","Non-stricture","Epithelial","B_cell::DN2",6,4,4,10
"JCI2024","Non-stricture","Epithelial","B_cell::IgM-only",6,0,0,10
"JCI2024","Non-stricture","Epithelial","B_cell::MZ",6,0,0,10
"JCI2024","Non-stricture","Epithelial","B_cell::Naïve B",6,2,2,10
"JCI2024","Non-stricture","Epithelial","Plasma::Activated plasma",6,6,6,10
"JCI2024","Non-stricture","Epithelial","Plasma::IgA plasma",6,6,6,10
"JCI2024","Non-stricture","Epithelial","Plasma::IgG plasma",6,1,1,10
"JCI2024","Non-stricture","Epithelial","Plasma::Transitional B",6,0,0,10
"JCI2024","Non-stricture","Mast","B_cell::ActB3",6,0,0,10
"JCI2024","Non-stricture","Mast","B_cell::CSM",6,6,6,10
"JCI2024","Non-stricture","Mast","B_cell::Centroblast B",6,0,0,10
"JCI2024","Non-stricture","Mast","B_cell::Centrocyte B",6,0,0,10
"JCI2024","Non-stricture","Mast","B_cell::DN2",6,4,4,10
"JCI2024","Non-stricture","Mast","B_cell::IgM-only",6,0,0,10
"JCI2024","Non-stricture","Mast","B_cell::MZ",6,0,0,10
"JCI2024","Non-stricture","Mast","B_cell::Naïve B",6,2,2,10
"JCI2024","Non-stricture","Mast","Plasma::Activated plasma",6,6,6,10
"JCI2024","Non-stricture","Mast","Plasma::IgA plasma",6,6,6,10
"JCI2024","Non-stricture","Mast","Plasma::IgG plasma",6,1,1,10
"JCI2024","Non-stricture","Mast","Plasma::Transitional B",6,0,0,10
"JCI2024","Non-stricture","Mesenchymal_stromal","B_cell::ActB3",6,0,0,10
"JCI2024","Non-stricture","Mesenchymal_stromal","B_cell::CSM",6,6,6,10
"JCI2024","Non-stricture","Mesenchymal_stromal","B_cell::Centroblast B",6,0,0,10
"JCI2024","Non-stricture","Mesenchymal_stromal","B_cell::Centrocyte B",6,0,0,10
"JCI2024","Non-stricture","Mesenchymal_stromal","B_cell::DN2",6,4,4,10
"JCI2024","Non-stricture","Mesenchymal_stromal","B_cell::IgM-only",6,0,0,10
"JCI2024","Non-stricture","Mesenchymal_stromal","B_cell::MZ",6,0,0,10
"JCI2024","Non-stricture","Mesenchymal_stromal","B_cell::Naïve B",6,2,2,10
"JCI2024","Non-stricture","Mesenchymal_stromal","Plasma::Activated plasma",6,6,6,10
"JCI2024","Non-stricture","Mesenchymal_stromal","Plasma::IgA plasma",6,6,6,10
"JCI2024","Non-stricture","Mesenchymal_stromal","Plasma::IgG plasma",6,1,1,10
"JCI2024","Non-stricture","Mesenchymal_stromal","Plasma::Transitional B",6,0,0,10
"JCI2024","Non-stricture","Myeloid","B_cell::ActB3",6,0,0,10
"JCI2024","Non-stricture","Myeloid","B_cell::CSM",6,6,6,10
"JCI2024","Non-stricture","Myeloid","B_cell::Centroblast B",6,0,0,10
"JCI2024","Non-stricture","Myeloid","B_cell::Centrocyte B",6,0,0,10
"JCI2024","Non-stricture","Myeloid","B_cell::DN2",6,4,4,10
"JCI2024","Non-stricture","Myeloid","B_cell::IgM-only",6,0,0,10
"JCI2024","Non-stricture","Myeloid","B_cell::MZ",6,0,0,10
"JCI2024","Non-stricture","Myeloid","B_cell::Naïve B",6,2,2,10
"JCI2024","Non-stricture","Myeloid","Plasma::Activated plasma",6,6,6,10
"JCI2024","Non-stricture","Myeloid","Plasma::IgA plasma",6,6,6,10
"JCI2024","Non-stricture","Myeloid","Plasma::IgG plasma",6,1,1,10
"JCI2024","Non-stricture","Myeloid","Plasma::Transitional B",6,0,0,10
"JCI2024","Non-stricture","T_NK","B_cell::ActB3",6,0,0,10
"JCI2024","Non-stricture","T_NK","B_cell::CSM",6,6,6,10
"JCI2024","Non-stricture","T_NK","B_cell::Centroblast B",6,0,0,10
"JCI2024","Non-stricture","T_NK","B_cell::Centrocyte B",6,0,0,10
"JCI2024","Non-stricture","T_NK","B_cell::DN2",6,4,4,10
"JCI2024","Non-stricture","T_NK","B_cell::IgM-only",6,0,0,10
"JCI2024","Non-stricture","T_NK","B_cell::MZ",6,0,0,10
"JCI2024","Non-stricture","T_NK","B_cell::Naïve B",6,2,2,10
"JCI2024","Non-stricture","T_NK","Plasma::Activated plasma",6,6,6,10
"JCI2024","Non-stricture","T_NK","Plasma::IgA plasma",6,6,6,10
"JCI2024","Non-stricture","T_NK","Plasma::IgG plasma",6,1,1,10
"JCI2024","Non-stricture","T_NK","Plasma::Transitional B",6,0,0,10
"SCP1884","Inflamed","B_cell::ActB3","Endothelial",12,0,0,10
"SCP1884","Inflamed","B_cell::ActB3","Epithelial",12,0,0,10
"SCP1884","Inflamed","B_cell::ActB3","Mast",12,0,0,10
"SCP1884","Inflamed","B_cell::ActB3","Mesenchymal_stromal",12,0,0,10
"SCP1884","Inflamed","B_cell::ActB3","Myeloid",12,0,0,10
"SCP1884","Inflamed","B_cell::ActB3","T_NK",12,0,0,10
"SCP1884","Inflamed","B_cell::CSM","Endothelial",12,6,6,10
"SCP1884","Inflamed","B_cell::CSM","Epithelial",12,6,6,10
"SCP1884","Inflamed","B_cell::CSM","Mast",12,4,4,10
"SCP1884","Inflamed","B_cell::CSM","Mesenchymal_stromal",12,6,6,10
"SCP1884","Inflamed","B_cell::CSM","Myeloid",12,6,6,10
"SCP1884","Inflamed","B_cell::CSM","T_NK",12,6,6,10
"SCP1884","Inflamed","B_cell::Centroblast B","Endothelial",12,2,2,10
"SCP1884","Inflamed","B_cell::Centroblast B","Epithelial",12,2,2,10
"SCP1884","Inflamed","B_cell::Centroblast B","Mast",12,2,2,10
"SCP1884","Inflamed","B_cell::Centroblast B","Mesenchymal_stromal",12,2,2,10
"SCP1884","Inflamed","B_cell::Centroblast B","Myeloid",12,2,2,10
"SCP1884","Inflamed","B_cell::Centroblast B","T_NK",12,2,2,10
"SCP1884","Inflamed","B_cell::Centrocyte B","Endothelial",12,2,2,10
"SCP1884","Inflamed","B_cell::Centrocyte B","Epithelial",12,2,2,10
"SCP1884","Inflamed","B_cell::Centrocyte B","Mast",12,2,2,10
"SCP1884","Inflamed","B_cell::Centrocyte B","Mesenchymal_stromal",12,2,2,10
"SCP1884","Inflamed","B_cell::Centrocyte B","Myeloid",12,2,2,10
"SCP1884","Inflamed","B_cell::Centrocyte B","T_NK",12,2,2,10
"SCP1884","Inflamed","B_cell::DN2","Endothelial",12,2,2,10
"SCP1884","Inflamed","B_cell::DN2","Epithelial",12,2,2,10
"SCP1884","Inflamed","B_cell::DN2","Mast",12,2,2,10
"SCP1884","Inflamed","B_cell::DN2","Mesenchymal_stromal",12,2,2,10
"SCP1884","Inflamed","B_cell::DN2","Myeloid",12,2,2,10
"SCP1884","Inflamed","B_cell::DN2","T_NK",12,2,2,10
"SCP1884","Inflamed","B_cell::IgM-only","Endothelial",12,2,2,10
"SCP1884","Inflamed","B_cell::IgM-only","Epithelial",12,2,2,10
"SCP1884","Inflamed","B_cell::IgM-only","Mast",12,2,2,10
"SCP1884","Inflamed","B_cell::IgM-only","Mesenchymal_stromal",12,2,2,10
"SCP1884","Inflamed","B_cell::IgM-only","Myeloid",12,2,2,10
"SCP1884","Inflamed","B_cell::IgM-only","T_NK",12,2,2,10
"SCP1884","Inflamed","B_cell::MZ","Endothelial",12,2,2,10
"SCP1884","Inflamed","B_cell::MZ","Epithelial",12,2,2,10
"SCP1884","Inflamed","B_cell::MZ","Mast",12,2,2,10
"SCP1884","Inflamed","B_cell::MZ","Mesenchymal_stromal",12,2,2,10
"SCP1884","Inflamed","B_cell::MZ","Myeloid",12,2,2,10
"SCP1884","Inflamed","B_cell::MZ","T_NK",12,2,2,10
"SCP1884","Inflamed","B_cell::Naïve B","Endothelial",12,4,4,10
"SCP1884","Inflamed","B_cell::Naïve B","Epithelial",12,4,4,10
"SCP1884","Inflamed","B_cell::Naïve B","Mast",12,3,3,10
"SCP1884","Inflamed","B_cell::Naïve B","Mesenchymal_stromal",12,4,4,10
"SCP1884","Inflamed","B_cell::Naïve B","Myeloid",12,4,4,10
"SCP1884","Inflamed","B_cell::Naïve B","T_NK",12,4,4,10
"SCP1884","Inflamed","Plasma::Activated plasma","Endothelial",12,8,8,10
"SCP1884","Inflamed","Plasma::Activated plasma","Epithelial",12,7,7,10
"SCP1884","Inflamed","Plasma::Activated plasma","Mast",12,8,8,10
"SCP1884","Inflamed","Plasma::Activated plasma","Mesenchymal_stromal",12,8,8,10
"SCP1884","Inflamed","Plasma::Activated plasma","Myeloid",12,8,8,10
"SCP1884","Inflamed","Plasma::Activated plasma","T_NK",12,8,8,10
"SCP1884","Inflamed","Plasma::IgA plasma","Endothelial",12,11,11,10
"SCP1884","Inflamed","Plasma::IgA plasma","Epithelial",12,10,10,10
"SCP1884","Inflamed","Plasma::IgA plasma","Mast",12,8,8,10
"SCP1884","Inflamed","Plasma::IgA plasma","Mesenchymal_stromal",12,11,11,10
"SCP1884","Inflamed","Plasma::IgA plasma","Myeloid",12,11,11,10
"SCP1884","Inflamed","Plasma::IgA plasma","T_NK",12,11,11,10
"SCP1884","Inflamed","Plasma::IgG plasma","Endothelial",12,6,6,10
"SCP1884","Inflamed","Plasma::IgG plasma","Epithelial",12,6,6,10
"SCP1884","Inflamed","Plasma::IgG plasma","Mast",12,6,6,10
"SCP1884","Inflamed","Plasma::IgG plasma","Mesenchymal_stromal",12,6,6,10
"SCP1884","Inflamed","Plasma::IgG plasma","Myeloid",12,6,6,10
"SCP1884","Inflamed","Plasma::IgG plasma","T_NK",12,6,6,10
"SCP1884","Inflamed","Plasma::Transitional B","Endothelial",12,0,0,10
"SCP1884","Inflamed","Plasma::Transitional B","Epithelial",12,0,0,10
"SCP1884","Inflamed","Plasma::Transitional B","Mast",12,0,0,10
"SCP1884","Inflamed","Plasma::Transitional B","Mesenchymal_stromal",12,0,0,10
"SCP1884","Inflamed","Plasma::Transitional B","Myeloid",12,0,0,10
"SCP1884","Inflamed","Plasma::Transitional B","T_NK",12,0,0,10
"SCP1884","Inflamed","Endothelial","B_cell::ActB3",12,0,0,10
"SCP1884","Inflamed","Endothelial","B_cell::CSM",12,6,6,10
"SCP1884","Inflamed","Endothelial","B_cell::Centroblast B",12,2,2,10
"SCP1884","Inflamed","Endothelial","B_cell::Centrocyte B",12,2,2,10
"SCP1884","Inflamed","Endothelial","B_cell::DN2",12,2,2,10
"SCP1884","Inflamed","Endothelial","B_cell::IgM-only",12,2,2,10
"SCP1884","Inflamed","Endothelial","B_cell::MZ",12,2,2,10
"SCP1884","Inflamed","Endothelial","B_cell::Naïve B",12,4,4,10
"SCP1884","Inflamed","Endothelial","Plasma::Activated plasma",12,8,8,10
"SCP1884","Inflamed","Endothelial","Plasma::IgA plasma",12,11,11,10
"SCP1884","Inflamed","Endothelial","Plasma::IgG plasma",12,6,6,10
"SCP1884","Inflamed","Endothelial","Plasma::Transitional B",12,0,0,10
"SCP1884","Inflamed","Epithelial","B_cell::ActB3",12,0,0,10
"SCP1884","Inflamed","Epithelial","B_cell::CSM",12,6,6,10
"SCP1884","Inflamed","Epithelial","B_cell::Centroblast B",12,2,2,10
"SCP1884","Inflamed","Epithelial","B_cell::Centrocyte B",12,2,2,10
"SCP1884","Inflamed","Epithelial","B_cell::DN2",12,2,2,10
"SCP1884","Inflamed","Epithelial","B_cell::IgM-only",12,2,2,10
"SCP1884","Inflamed","Epithelial","B_cell::MZ",12,2,2,10
"SCP1884","Inflamed","Epithelial","B_cell::Naïve B",12,4,4,10
"SCP1884","Inflamed","Epithelial","Plasma::Activated plasma",12,7,7,10
"SCP1884","Inflamed","Epithelial","Plasma::IgA plasma",12,10,10,10
"SCP1884","Inflamed","Epithelial","Plasma::IgG plasma",12,6,6,10
"SCP1884","Inflamed","Epithelial","Plasma::Transitional B",12,0,0,10
"SCP1884","Inflamed","Mast","B_cell::ActB3",12,0,0,10
"SCP1884","Inflamed","Mast","B_cell::CSM",12,4,4,10
"SCP1884","Inflamed","Mast","B_cell::Centroblast B",12,2,2,10
"SCP1884","Inflamed","Mast","B_cell::Centrocyte B",12,2,2,10
"SCP1884","Inflamed","Mast","B_cell::DN2",12,2,2,10
"SCP1884","Inflamed","Mast","B_cell::IgM-only",12,2,2,10
"SCP1884","Inflamed","Mast","B_cell::MZ",12,2,2,10
"SCP1884","Inflamed","Mast","B_cell::Naïve B",12,3,3,10
"SCP1884","Inflamed","Mast","Plasma::Activated plasma",12,8,8,10
"SCP1884","Inflamed","Mast","Plasma::IgA plasma",12,8,8,10
"SCP1884","Inflamed","Mast","Plasma::IgG plasma",12,6,6,10
"SCP1884","Inflamed","Mast","Plasma::Transitional B",12,0,0,10
"SCP1884","Inflamed","Mesenchymal_stromal","B_cell::ActB3",12,0,0,10
"SCP1884","Inflamed","Mesenchymal_stromal","B_cell::CSM",12,6,6,10
"SCP1884","Inflamed","Mesenchymal_stromal","B_cell::Centroblast B",12,2,2,10
"SCP1884","Inflamed","Mesenchymal_stromal","B_cell::Centrocyte B",12,2,2,10
"SCP1884","Inflamed","Mesenchymal_stromal","B_cell::DN2",12,2,2,10
"SCP1884","Inflamed","Mesenchymal_stromal","B_cell::IgM-only",12,2,2,10
"SCP1884","Inflamed","Mesenchymal_stromal","B_cell::MZ",12,2,2,10
"SCP1884","Inflamed","Mesenchymal_stromal","B_cell::Naïve B",12,4,4,10
"SCP1884","Inflamed","Mesenchymal_stromal","Plasma::Activated plasma",12,8,8,10
"SCP1884","Inflamed","Mesenchymal_stromal","Plasma::IgA plasma",12,11,11,10
"SCP1884","Inflamed","Mesenchymal_stromal","Plasma::IgG plasma",12,6,6,10
"SCP1884","Inflamed","Mesenchymal_stromal","Plasma::Transitional B",12,0,0,10
"SCP1884","Inflamed","Myeloid","B_cell::ActB3",12,0,0,10
"SCP1884","Inflamed","Myeloid","B_cell::CSM",12,6,6,10
"SCP1884","Inflamed","Myeloid","B_cell::Centroblast B",12,2,2,10
"SCP1884","Inflamed","Myeloid","B_cell::Centrocyte B",12,2,2,10
"SCP1884","Inflamed","Myeloid","B_cell::DN2",12,2,2,10
"SCP1884","Inflamed","Myeloid","B_cell::IgM-only",12,2,2,10
"SCP1884","Inflamed","Myeloid","B_cell::MZ",12,2,2,10
"SCP1884","Inflamed","Myeloid","B_cell::Naïve B",12,4,4,10
"SCP1884","Inflamed","Myeloid","Plasma::Activated plasma",12,8,8,10
"SCP1884","Inflamed","Myeloid","Plasma::IgA plasma",12,11,11,10
"SCP1884","Inflamed","Myeloid","Plasma::IgG plasma",12,6,6,10
"SCP1884","Inflamed","Myeloid","Plasma::Transitional B",12,0,0,10
"SCP1884","Inflamed","T_NK","B_cell::ActB3",12,0,0,10
"SCP1884","Inflamed","T_NK","B_cell::CSM",12,6,6,10
"SCP1884","Inflamed","T_NK","B_cell::Centroblast B",12,2,2,10
"SCP1884","Inflamed","T_NK","B_cell::Centrocyte B",12,2,2,10
"SCP1884","Inflamed","T_NK","B_cell::DN2",12,2,2,10
"SCP1884","Inflamed","T_NK","B_cell::IgM-only",12,2,2,10
"SCP1884","Inflamed","T_NK","B_cell::MZ",12,2,2,10
"SCP1884","Inflamed","T_NK","B_cell::Naïve B",12,4,4,10
"SCP1884","Inflamed","T_NK","Plasma::Activated plasma",12,8,8,10
"SCP1884","Inflamed","T_NK","Plasma::IgA plasma",12,11,11,10
"SCP1884","Inflamed","T_NK","Plasma::IgG plasma",12,6,6,10
"SCP1884","Inflamed","T_NK","Plasma::Transitional B",12,0,0,10
"SCP1884","Non-inflamed","B_cell::ActB3","Endothelial",26,5,5,10
"SCP1884","Non-inflamed","B_cell::ActB3","Epithelial",26,5,5,10
"SCP1884","Non-inflamed","B_cell::ActB3","Mast",26,4,4,10
"SCP1884","Non-inflamed","B_cell::ActB3","Mesenchymal_stromal",26,5,5,10
"SCP1884","Non-inflamed","B_cell::ActB3","Myeloid",26,5,5,10
"SCP1884","Non-inflamed","B_cell::ActB3","T_NK",26,5,5,10
"SCP1884","Non-inflamed","B_cell::CSM","Endothelial",26,22,22,10
"SCP1884","Non-inflamed","B_cell::CSM","Epithelial",26,22,22,10
"SCP1884","Non-inflamed","B_cell::CSM","Mast",26,19,19,10
"SCP1884","Non-inflamed","B_cell::CSM","Mesenchymal_stromal",26,22,22,10
"SCP1884","Non-inflamed","B_cell::CSM","Myeloid",26,22,22,10
"SCP1884","Non-inflamed","B_cell::CSM","T_NK",26,22,22,10
"SCP1884","Non-inflamed","B_cell::Centroblast B","Endothelial",26,8,8,10
"SCP1884","Non-inflamed","B_cell::Centroblast B","Epithelial",26,8,8,10
"SCP1884","Non-inflamed","B_cell::Centroblast B","Mast",26,8,8,10
"SCP1884","Non-inflamed","B_cell::Centroblast B","Mesenchymal_stromal",26,8,8,10
"SCP1884","Non-inflamed","B_cell::Centroblast B","Myeloid",26,8,8,10
"SCP1884","Non-inflamed","B_cell::Centroblast B","T_NK",26,8,8,10
"SCP1884","Non-inflamed","B_cell::Centrocyte B","Endothelial",26,5,5,10
"SCP1884","Non-inflamed","B_cell::Centrocyte B","Epithelial",26,5,5,10
"SCP1884","Non-inflamed","B_cell::Centrocyte B","Mast",26,5,5,10
"SCP1884","Non-inflamed","B_cell::Centrocyte B","Mesenchymal_stromal",26,5,5,10
"SCP1884","Non-inflamed","B_cell::Centrocyte B","Myeloid",26,5,5,10
"SCP1884","Non-inflamed","B_cell::Centrocyte B","T_NK",26,5,5,10
"SCP1884","Non-inflamed","B_cell::DN2","Endothelial",26,13,13,10
"SCP1884","Non-inflamed","B_cell::DN2","Epithelial",26,13,13,10
"SCP1884","Non-inflamed","B_cell::DN2","Mast",26,13,13,10
"SCP1884","Non-inflamed","B_cell::DN2","Mesenchymal_stromal",26,13,13,10
"SCP1884","Non-inflamed","B_cell::DN2","Myeloid",26,13,13,10
"SCP1884","Non-inflamed","B_cell::DN2","T_NK",26,13,13,10
"SCP1884","Non-inflamed","B_cell::IgM-only","Endothelial",26,3,3,10
"SCP1884","Non-inflamed","B_cell::IgM-only","Epithelial",26,3,3,10
"SCP1884","Non-inflamed","B_cell::IgM-only","Mast",26,3,3,10
"SCP1884","Non-inflamed","B_cell::IgM-only","Mesenchymal_stromal",26,3,3,10
"SCP1884","Non-inflamed","B_cell::IgM-only","Myeloid",26,3,3,10
"SCP1884","Non-inflamed","B_cell::IgM-only","T_NK",26,3,3,10
"SCP1884","Non-inflamed","B_cell::MZ","Endothelial",26,4,4,10
"SCP1884","Non-inflamed","B_cell::MZ","Epithelial",26,4,4,10
"SCP1884","Non-inflamed","B_cell::MZ","Mast",26,4,4,10
"SCP1884","Non-inflamed","B_cell::MZ","Mesenchymal_stromal",26,4,4,10
"SCP1884","Non-inflamed","B_cell::MZ","Myeloid",26,4,4,10
"SCP1884","Non-inflamed","B_cell::MZ","T_NK",26,4,4,10
"SCP1884","Non-inflamed","B_cell::Naïve B","Endothelial",26,14,14,10
"SCP1884","Non-inflamed","B_cell::Naïve B","Epithelial",26,14,14,10
"SCP1884","Non-inflamed","B_cell::Naïve B","Mast",26,13,13,10
"SCP1884","Non-inflamed","B_cell::Naïve B","Mesenchymal_stromal",26,14,14,10
"SCP1884","Non-inflamed","B_cell::Naïve B","Myeloid",26,14,14,10
"SCP1884","Non-inflamed","B_cell::Naïve B","T_NK",26,14,14,10
"SCP1884","Non-inflamed","Plasma::Activated plasma","Endothelial",26,23,23,10
"SCP1884","Non-inflamed","Plasma::Activated plasma","Epithelial",26,23,23,10
"SCP1884","Non-inflamed","Plasma::Activated plasma","Mast",26,22,22,10
"SCP1884","Non-inflamed","Plasma::Activated plasma","Mesenchymal_stromal",26,23,23,10
"SCP1884","Non-inflamed","Plasma::Activated plasma","Myeloid",26,23,23,10
"SCP1884","Non-inflamed","Plasma::Activated plasma","T_NK",26,23,23,10
"SCP1884","Non-inflamed","Plasma::IgA plasma","Endothelial",26,25,25,10
"SCP1884","Non-inflamed","Plasma::IgA plasma","Epithelial",26,25,25,10
"SCP1884","Non-inflamed","Plasma::IgA plasma","Mast",26,22,22,10
"SCP1884","Non-inflamed","Plasma::IgA plasma","Mesenchymal_stromal",26,25,25,10
"SCP1884","Non-inflamed","Plasma::IgA plasma","Myeloid",26,25,25,10
"SCP1884","Non-inflamed","Plasma::IgA plasma","T_NK",26,25,25,10
"SCP1884","Non-inflamed","Plasma::IgG plasma","Endothelial",26,6,6,10
"SCP1884","Non-inflamed","Plasma::IgG plasma","Epithelial",26,6,6,10
"SCP1884","Non-inflamed","Plasma::IgG plasma","Mast",26,5,5,10
"SCP1884","Non-inflamed","Plasma::IgG plasma","Mesenchymal_stromal",26,6,6,10
"SCP1884","Non-inflamed","Plasma::IgG plasma","Myeloid",26,6,6,10
"SCP1884","Non-inflamed","Plasma::IgG plasma","T_NK",26,6,6,10
"SCP1884","Non-inflamed","Plasma::Transitional B","Endothelial",26,3,3,10
"SCP1884","Non-inflamed","Plasma::Transitional B","Epithelial",26,3,3,10
"SCP1884","Non-inflamed","Plasma::Transitional B","Mast",26,3,3,10
"SCP1884","Non-inflamed","Plasma::Transitional B","Mesenchymal_stromal",26,3,3,10
"SCP1884","Non-inflamed","Plasma::Transitional B","Myeloid",26,3,3,10
"SCP1884","Non-inflamed","Plasma::Transitional B","T_NK",26,3,3,10
"SCP1884","Non-inflamed","Endothelial","B_cell::ActB3",26,5,5,10
"SCP1884","Non-inflamed","Endothelial","B_cell::CSM",26,22,22,10
"SCP1884","Non-inflamed","Endothelial","B_cell::Centroblast B",26,8,8,10
"SCP1884","Non-inflamed","Endothelial","B_cell::Centrocyte B",26,5,5,10
"SCP1884","Non-inflamed","Endothelial","B_cell::DN2",26,13,13,10
"SCP1884","Non-inflamed","Endothelial","B_cell::IgM-only",26,3,3,10
"SCP1884","Non-inflamed","Endothelial","B_cell::MZ",26,4,4,10
"SCP1884","Non-inflamed","Endothelial","B_cell::Naïve B",26,14,14,10
"SCP1884","Non-inflamed","Endothelial","Plasma::Activated plasma",26,23,23,10
"SCP1884","Non-inflamed","Endothelial","Plasma::IgA plasma",26,25,25,10
"SCP1884","Non-inflamed","Endothelial","Plasma::IgG plasma",26,6,6,10
"SCP1884","Non-inflamed","Endothelial","Plasma::Transitional B",26,3,3,10
"SCP1884","Non-inflamed","Epithelial","B_cell::ActB3",26,5,5,10
"SCP1884","Non-inflamed","Epithelial","B_cell::CSM",26,22,22,10
"SCP1884","Non-inflamed","Epithelial","B_cell::Centroblast B",26,8,8,10
"SCP1884","Non-inflamed","Epithelial","B_cell::Centrocyte B",26,5,5,10
"SCP1884","Non-inflamed","Epithelial","B_cell::DN2",26,13,13,10
"SCP1884","Non-inflamed","Epithelial","B_cell::IgM-only",26,3,3,10
"SCP1884","Non-inflamed","Epithelial","B_cell::MZ",26,4,4,10
"SCP1884","Non-inflamed","Epithelial","B_cell::Naïve B",26,14,14,10
"SCP1884","Non-inflamed","Epithelial","Plasma::Activated plasma",26,23,23,10
"SCP1884","Non-inflamed","Epithelial","Plasma::IgA plasma",26,25,25,10
"SCP1884","Non-inflamed","Epithelial","Plasma::IgG plasma",26,6,6,10
"SCP1884","Non-inflamed","Epithelial","Plasma::Transitional B",26,3,3,10
"SCP1884","Non-inflamed","Mast","B_cell::ActB3",26,4,4,10
"SCP1884","Non-inflamed","Mast","B_cell::CSM",26,19,19,10
"SCP1884","Non-inflamed","Mast","B_cell::Centroblast B",26,8,8,10
"SCP1884","Non-inflamed","Mast","B_cell::Centrocyte B",26,5,5,10
"SCP1884","Non-inflamed","Mast","B_cell::DN2",26,13,13,10
"SCP1884","Non-inflamed","Mast","B_cell::IgM-only",26,3,3,10
"SCP1884","Non-inflamed","Mast","B_cell::MZ",26,4,4,10
"SCP1884","Non-inflamed","Mast","B_cell::Naïve B",26,13,13,10
"SCP1884","Non-inflamed","Mast","Plasma::Activated plasma",26,22,22,10
"SCP1884","Non-inflamed","Mast","Plasma::IgA plasma",26,22,22,10
"SCP1884","Non-inflamed","Mast","Plasma::IgG plasma",26,5,5,10
"SCP1884","Non-inflamed","Mast","Plasma::Transitional B",26,3,3,10
"SCP1884","Non-inflamed","Mesenchymal_stromal","B_cell::ActB3",26,5,5,10
"SCP1884","Non-inflamed","Mesenchymal_stromal","B_cell::CSM",26,22,22,10
"SCP1884","Non-inflamed","Mesenchymal_stromal","B_cell::Centroblast B",26,8,8,10
"SCP1884","Non-inflamed","Mesenchymal_stromal","B_cell::Centrocyte B",26,5,5,10
"SCP1884","Non-inflamed","Mesenchymal_stromal","B_cell::DN2",26,13,13,10
"SCP1884","Non-inflamed","Mesenchymal_stromal","B_cell::IgM-only",26,3,3,10
"SCP1884","Non-inflamed","Mesenchymal_stromal","B_cell::MZ",26,4,4,10
"SCP1884","Non-inflamed","Mesenchymal_stromal","B_cell::Naïve B",26,14,14,10
"SCP1884","Non-inflamed","Mesenchymal_stromal","Plasma::Activated plasma",26,23,23,10
"SCP1884","Non-inflamed","Mesenchymal_stromal","Plasma::IgA plasma",26,25,25,10
"SCP1884","Non-inflamed","Mesenchymal_stromal","Plasma::IgG plasma",26,6,6,10
"SCP1884","Non-inflamed","Mesenchymal_stromal","Plasma::Transitional B",26,3,3,10
"SCP1884","Non-inflamed","Myeloid","B_cell::ActB3",26,5,5,10
"SCP1884","Non-inflamed","Myeloid","B_cell::CSM",26,22,22,10
"SCP1884","Non-inflamed","Myeloid","B_cell::Centroblast B",26,8,8,10
"SCP1884","Non-inflamed","Myeloid","B_cell::Centrocyte B",26,5,5,10
"SCP1884","Non-inflamed","Myeloid","B_cell::DN2",26,13,13,10
"SCP1884","Non-inflamed","Myeloid","B_cell::IgM-only",26,3,3,10
"SCP1884","Non-inflamed","Myeloid","B_cell::MZ",26,4,4,10
"SCP1884","Non-inflamed","Myeloid","B_cell::Naïve B",26,14,14,10
"SCP1884","Non-inflamed","Myeloid","Plasma::Activated plasma",26,23,23,10
"SCP1884","Non-inflamed","Myeloid","Plasma::IgA plasma",26,25,25,10
"SCP1884","Non-inflamed","Myeloid","Plasma::IgG plasma",26,6,6,10
"SCP1884","Non-inflamed","Myeloid","Plasma::Transitional B",26,3,3,10
"SCP1884","Non-inflamed","T_NK","B_cell::ActB3",26,5,5,10
"SCP1884","Non-inflamed","T_NK","B_cell::CSM",26,22,22,10
"SCP1884","Non-inflamed","T_NK","B_cell::Centroblast B",26,8,8,10
"SCP1884","Non-inflamed","T_NK","B_cell::Centrocyte B",26,5,5,10
"SCP1884","Non-inflamed","T_NK","B_cell::DN2",26,13,13,10
"SCP1884","Non-inflamed","T_NK","B_cell::IgM-only",26,3,3,10
"SCP1884","Non-inflamed","T_NK","B_cell::MZ",26,4,4,10
"SCP1884","Non-inflamed","T_NK","B_cell::Naïve B",26,14,14,10
"SCP1884","Non-inflamed","T_NK","Plasma::Activated plasma",26,23,23,10
"SCP1884","Non-inflamed","T_NK","Plasma::IgA plasma",26,25,25,10
"SCP1884","Non-inflamed","T_NK","Plasma::IgG plasma",26,6,6,10
"SCP1884","Non-inflamed","T_NK","Plasma::Transitional B",26,3,3,10
"SCP1884","Control","B_cell::ActB3","Endothelial",10,0,0,10
"SCP1884","Control","B_cell::ActB3","Epithelial",10,0,0,10
"SCP1884","Control","B_cell::ActB3","Mast",10,0,0,10
"SCP1884","Control","B_cell::ActB3","Mesenchymal_stromal",10,0,0,10
"SCP1884","Control","B_cell::ActB3","Myeloid",10,0,0,10
"SCP1884","Control","B_cell::ActB3","T_NK",10,0,0,10
"SCP1884","Control","B_cell::CSM","Endothelial",10,6,6,10
"SCP1884","Control","B_cell::CSM","Epithelial",10,7,7,10
"SCP1884","Control","B_cell::CSM","Mast",10,5,5,10
"SCP1884","Control","B_cell::CSM","Mesenchymal_stromal",10,6,6,10
"SCP1884","Control","B_cell::CSM","Myeloid",10,7,7,10
"SCP1884","Control","B_cell::CSM","T_NK",10,7,7,10
"SCP1884","Control","B_cell::Centroblast B","Endothelial",10,3,3,10
"SCP1884","Control","B_cell::Centroblast B","Epithelial",10,3,3,10
"SCP1884","Control","B_cell::Centroblast B","Mast",10,2,2,10
"SCP1884","Control","B_cell::Centroblast B","Mesenchymal_stromal",10,3,3,10
"SCP1884","Control","B_cell::Centroblast B","Myeloid",10,3,3,10
"SCP1884","Control","B_cell::Centroblast B","T_NK",10,3,3,10
"SCP1884","Control","B_cell::Centrocyte B","Endothelial",10,2,2,10
"SCP1884","Control","B_cell::Centrocyte B","Epithelial",10,2,2,10
"SCP1884","Control","B_cell::Centrocyte B","Mast",10,2,2,10
"SCP1884","Control","B_cell::Centrocyte B","Mesenchymal_stromal",10,2,2,10
"SCP1884","Control","B_cell::Centrocyte B","Myeloid",10,2,2,10
"SCP1884","Control","B_cell::Centrocyte B","T_NK",10,2,2,10
"SCP1884","Control","B_cell::DN2","Endothelial",10,3,3,10
"SCP1884","Control","B_cell::DN2","Epithelial",10,4,4,10
"SCP1884","Control","B_cell::DN2","Mast",10,3,3,10
"SCP1884","Control","B_cell::DN2","Mesenchymal_stromal",10,3,3,10
"SCP1884","Control","B_cell::DN2","Myeloid",10,4,4,10
"SCP1884","Control","B_cell::DN2","T_NK",10,4,4,10
"SCP1884","Control","B_cell::IgM-only","Endothelial",10,2,2,10
"SCP1884","Control","B_cell::IgM-only","Epithelial",10,2,2,10
"SCP1884","Control","B_cell::IgM-only","Mast",10,2,2,10
"SCP1884","Control","B_cell::IgM-only","Mesenchymal_stromal",10,2,2,10
"SCP1884","Control","B_cell::IgM-only","Myeloid",10,2,2,10
"SCP1884","Control","B_cell::IgM-only","T_NK",10,2,2,10
"SCP1884","Control","B_cell::MZ","Endothelial",10,2,2,10
"SCP1884","Control","B_cell::MZ","Epithelial",10,2,2,10
"SCP1884","Control","B_cell::MZ","Mast",10,2,2,10
"SCP1884","Control","B_cell::MZ","Mesenchymal_stromal",10,2,2,10
"SCP1884","Control","B_cell::MZ","Myeloid",10,2,2,10
"SCP1884","Control","B_cell::MZ","T_NK",10,2,2,10
"SCP1884","Control","B_cell::Naïve B","Endothelial",10,5,5,10
"SCP1884","Control","B_cell::Naïve B","Epithelial",10,6,6,10
"SCP1884","Control","B_cell::Naïve B","Mast",10,4,4,10
"SCP1884","Control","B_cell::Naïve B","Mesenchymal_stromal",10,5,5,10
"SCP1884","Control","B_cell::Naïve B","Myeloid",10,6,6,10
"SCP1884","Control","B_cell::Naïve B","T_NK",10,6,6,10
"SCP1884","Control","Plasma::Activated plasma","Endothelial",10,5,5,10
"SCP1884","Control","Plasma::Activated plasma","Epithelial",10,6,6,10
"SCP1884","Control","Plasma::Activated plasma","Mast",10,5,5,10
"SCP1884","Control","Plasma::Activated plasma","Mesenchymal_stromal",10,5,5,10
"SCP1884","Control","Plasma::Activated plasma","Myeloid",10,6,6,10
"SCP1884","Control","Plasma::Activated plasma","T_NK",10,6,6,10
"SCP1884","Control","Plasma::IgA plasma","Endothelial",10,5,5,10
"SCP1884","Control","Plasma::IgA plasma","Epithelial",10,5,5,10
"SCP1884","Control","Plasma::IgA plasma","Mast",10,4,4,10
"SCP1884","Control","Plasma::IgA plasma","Mesenchymal_stromal",10,5,5,10
"SCP1884","Control","Plasma::IgA plasma","Myeloid",10,5,5,10
"SCP1884","Control","Plasma::IgA plasma","T_NK",10,5,5,10
"SCP1884","Control","Plasma::IgG plasma","Endothelial",10,0,0,10
"SCP1884","Control","Plasma::IgG plasma","Epithelial",10,0,0,10
"SCP1884","Control","Plasma::IgG plasma","Mast",10,0,0,10
"SCP1884","Control","Plasma::IgG plasma","Mesenchymal_stromal",10,0,0,10
"SCP1884","Control","Plasma::IgG plasma","Myeloid",10,0,0,10
"SCP1884","Control","Plasma::IgG plasma","T_NK",10,0,0,10
"SCP1884","Control","Plasma::Transitional B","Endothelial",10,1,1,10
"SCP1884","Control","Plasma::Transitional B","Epithelial",10,1,1,10
"SCP1884","Control","Plasma::Transitional B","Mast",10,1,1,10
"SCP1884","Control","Plasma::Transitional B","Mesenchymal_stromal",10,1,1,10
"SCP1884","Control","Plasma::Transitional B","Myeloid",10,1,1,10
"SCP1884","Control","Plasma::Transitional B","T_NK",10,1,1,10
"SCP1884","Control","Endothelial","B_cell::ActB3",10,0,0,10
"SCP1884","Control","Endothelial","B_cell::CSM",10,6,6,10
"SCP1884","Control","Endothelial","B_cell::Centroblast B",10,3,3,10
"SCP1884","Control","Endothelial","B_cell::Centrocyte B",10,2,2,10
"SCP1884","Control","Endothelial","B_cell::DN2",10,3,3,10
"SCP1884","Control","Endothelial","B_cell::IgM-only",10,2,2,10
"SCP1884","Control","Endothelial","B_cell::MZ",10,2,2,10
"SCP1884","Control","Endothelial","B_cell::Naïve B",10,5,5,10
"SCP1884","Control","Endothelial","Plasma::Activated plasma",10,5,5,10
"SCP1884","Control","Endothelial","Plasma::IgA plasma",10,5,5,10
"SCP1884","Control","Endothelial","Plasma::IgG plasma",10,0,0,10
"SCP1884","Control","Endothelial","Plasma::Transitional B",10,1,1,10
"SCP1884","Control","Epithelial","B_cell::ActB3",10,0,0,10
"SCP1884","Control","Epithelial","B_cell::CSM",10,7,7,10
"SCP1884","Control","Epithelial","B_cell::Centroblast B",10,3,3,10
"SCP1884","Control","Epithelial","B_cell::Centrocyte B",10,2,2,10
"SCP1884","Control","Epithelial","B_cell::DN2",10,4,4,10
"SCP1884","Control","Epithelial","B_cell::IgM-only",10,2,2,10
"SCP1884","Control","Epithelial","B_cell::MZ",10,2,2,10
"SCP1884","Control","Epithelial","B_cell::Naïve B",10,6,6,10
"SCP1884","Control","Epithelial","Plasma::Activated plasma",10,6,6,10
"SCP1884","Control","Epithelial","Plasma::IgA plasma",10,5,5,10
"SCP1884","Control","Epithelial","Plasma::IgG plasma",10,0,0,10
"SCP1884","Control","Epithelial","Plasma::Transitional B",10,1,1,10
"SCP1884","Control","Mast","B_cell::ActB3",10,0,0,10
"SCP1884","Control","Mast","B_cell::CSM",10,5,5,10
"SCP1884","Control","Mast","B_cell::Centroblast B",10,2,2,10
"SCP1884","Control","Mast","B_cell::Centrocyte B",10,2,2,10
"SCP1884","Control","Mast","B_cell::DN2",10,3,3,10
"SCP1884","Control","Mast","B_cell::IgM-only",10,2,2,10
"SCP1884","Control","Mast","B_cell::MZ",10,2,2,10
"SCP1884","Control","Mast","B_cell::Naïve B",10,4,4,10
"SCP1884","Control","Mast","Plasma::Activated plasma",10,5,5,10
"SCP1884","Control","Mast","Plasma::IgA plasma",10,4,4,10
"SCP1884","Control","Mast","Plasma::IgG plasma",10,0,0,10
"SCP1884","Control","Mast","Plasma::Transitional B",10,1,1,10
"SCP1884","Control","Mesenchymal_stromal","B_cell::ActB3",10,0,0,10
"SCP1884","Control","Mesenchymal_stromal","B_cell::CSM",10,6,6,10
"SCP1884","Control","Mesenchymal_stromal","B_cell::Centroblast B",10,3,3,10
"SCP1884","Control","Mesenchymal_stromal","B_cell::Centrocyte B",10,2,2,10
"SCP1884","Control","Mesenchymal_stromal","B_cell::DN2",10,3,3,10
"SCP1884","Control","Mesenchymal_stromal","B_cell::IgM-only",10,2,2,10
"SCP1884","Control","Mesenchymal_stromal","B_cell::MZ",10,2,2,10
"SCP1884","Control","Mesenchymal_stromal","B_cell::Naïve B",10,5,5,10
"SCP1884","Control","Mesenchymal_stromal","Plasma::Activated plasma",10,5,5,10
"SCP1884","Control","Mesenchymal_stromal","Plasma::IgA plasma",10,5,5,10
"SCP1884","Control","Mesenchymal_stromal","Plasma::IgG plasma",10,0,0,10
"SCP1884","Control","Mesenchymal_stromal","Plasma::Transitional B",10,1,1,10
"SCP1884","Control","Myeloid","B_cell::ActB3",10,0,0,10
"SCP1884","Control","Myeloid","B_cell::CSM",10,7,7,10
"SCP1884","Control","Myeloid","B_cell::Centroblast B",10,3,3,10
"SCP1884","Control","Myeloid","B_cell::Centrocyte B",10,2,2,10
"SCP1884","Control","Myeloid","B_cell::DN2",10,4,4,10
"SCP1884","Control","Myeloid","B_cell::IgM-only",10,2,2,10
"SCP1884","Control","Myeloid","B_cell::MZ",10,2,2,10
"SCP1884","Control","Myeloid","B_cell::Naïve B",10,6,6,10
"SCP1884","Control","Myeloid","Plasma::Activated plasma",10,6,6,10
"SCP1884","Control","Myeloid","Plasma::IgA plasma",10,5,5,10
"SCP1884","Control","Myeloid","Plasma::IgG plasma",10,0,0,10
"SCP1884","Control","Myeloid","Plasma::Transitional B",10,1,1,10
"SCP1884","Control","T_NK","B_cell::ActB3",10,0,0,10
"SCP1884","Control","T_NK","B_cell::CSM",10,7,7,10
"SCP1884","Control","T_NK","B_cell::Centroblast B",10,3,3,10
"SCP1884","Control","T_NK","B_cell::Centrocyte B",10,2,2,10
"SCP1884","Control","T_NK","B_cell::DN2",10,4,4,10
"SCP1884","Control","T_NK","B_cell::IgM-only",10,2,2,10
"SCP1884","Control","T_NK","B_cell::MZ",10,2,2,10
"SCP1884","Control","T_NK","B_cell::Naïve B",10,6,6,10
"SCP1884","Control","T_NK","Plasma::Activated plasma",10,6,6,10
"SCP1884","Control","T_NK","Plasma::IgA plasma",10,5,5,10
"SCP1884","Control","T_NK","Plasma::IgG plasma",10,0,0,10
"SCP1884","Control","T_NK","Plasma::Transitional B",10,1,1,10
"SCP2959","Stricture","B_cell::ActB3","Endothelial",18,10,10,10
"SCP2959","Stricture","B_cell::ActB3","Epithelial",18,10,10,10
"SCP2959","Stricture","B_cell::ActB3","Mast",18,7,7,10
"SCP2959","Stricture","B_cell::ActB3","Mesenchymal_stromal",18,9,9,10
"SCP2959","Stricture","B_cell::ActB3","Myeloid",18,10,10,10
"SCP2959","Stricture","B_cell::ActB3","T_NK",18,10,10,10
"SCP2959","Stricture","B_cell::CSM","Endothelial",18,12,12,10
"SCP2959","Stricture","B_cell::CSM","Epithelial",18,13,13,10
"SCP2959","Stricture","B_cell::CSM","Mast",18,9,9,10
"SCP2959","Stricture","B_cell::CSM","Mesenchymal_stromal",18,12,12,10
"SCP2959","Stricture","B_cell::CSM","Myeloid",18,13,13,10
"SCP2959","Stricture","B_cell::CSM","T_NK",18,13,13,10
"SCP2959","Stricture","B_cell::Centroblast B","Endothelial",18,5,5,10
"SCP2959","Stricture","B_cell::Centroblast B","Epithelial",18,6,6,10
"SCP2959","Stricture","B_cell::Centroblast B","Mast",18,4,4,10
"SCP2959","Stricture","B_cell::Centroblast B","Mesenchymal_stromal",18,6,6,10
"SCP2959","Stricture","B_cell::Centroblast B","Myeloid",18,6,6,10
"SCP2959","Stricture","B_cell::Centroblast B","T_NK",18,6,6,10
"SCP2959","Stricture","B_cell::Centrocyte B","Endothelial",18,4,4,10
"SCP2959","Stricture","B_cell::Centrocyte B","Epithelial",18,4,4,10
"SCP2959","Stricture","B_cell::Centrocyte B","Mast",18,3,3,10
"SCP2959","Stricture","B_cell::Centrocyte B","Mesenchymal_stromal",18,4,4,10
"SCP2959","Stricture","B_cell::Centrocyte B","Myeloid",18,4,4,10
"SCP2959","Stricture","B_cell::Centrocyte B","T_NK",18,4,4,10
"SCP2959","Stricture","B_cell::DN2","Endothelial",18,9,9,10
"SCP2959","Stricture","B_cell::DN2","Epithelial",18,10,10,10
"SCP2959","Stricture","B_cell::DN2","Mast",18,7,7,10
"SCP2959","Stricture","B_cell::DN2","Mesenchymal_stromal",18,9,9,10
"SCP2959","Stricture","B_cell::DN2","Myeloid",18,10,10,10
"SCP2959","Stricture","B_cell::DN2","T_NK",18,10,10,10
"SCP2959","Stricture","B_cell::IgM-only","Endothelial",18,6,6,10
"SCP2959","Stricture","B_cell::IgM-only","Epithelial",18,7,7,10
"SCP2959","Stricture","B_cell::IgM-only","Mast",18,6,6,10
"SCP2959","Stricture","B_cell::IgM-only","Mesenchymal_stromal",18,7,7,10
"SCP2959","Stricture","B_cell::IgM-only","Myeloid",18,7,7,10
"SCP2959","Stricture","B_cell::IgM-only","T_NK",18,7,7,10
"SCP2959","Stricture","B_cell::MZ","Endothelial",18,4,4,10
"SCP2959","Stricture","B_cell::MZ","Epithelial",18,4,4,10
"SCP2959","Stricture","B_cell::MZ","Mast",18,3,3,10
"SCP2959","Stricture","B_cell::MZ","Mesenchymal_stromal",18,4,4,10
"SCP2959","Stricture","B_cell::MZ","Myeloid",18,4,4,10
"SCP2959","Stricture","B_cell::MZ","T_NK",18,4,4,10
"SCP2959","Stricture","B_cell::Naïve B","Endothelial",18,9,9,10
"SCP2959","Stricture","B_cell::Naïve B","Epithelial",18,10,10,10
"SCP2959","Stricture","B_cell::Naïve B","Mast",18,6,6,10
"SCP2959","Stricture","B_cell::Naïve B","Mesenchymal_stromal",18,9,9,10
"SCP2959","Stricture","B_cell::Naïve B","Myeloid",18,10,10,10
"SCP2959","Stricture","B_cell::Naïve B","T_NK",18,10,10,10
"SCP2959","Stricture","Plasma::Activated plasma","Endothelial",18,13,13,10
"SCP2959","Stricture","Plasma::Activated plasma","Epithelial",18,12,12,10
"SCP2959","Stricture","Plasma::Activated plasma","Mast",18,11,11,10
"SCP2959","Stricture","Plasma::Activated plasma","Mesenchymal_stromal",18,13,13,10
"SCP2959","Stricture","Plasma::Activated plasma","Myeloid",18,13,13,10
"SCP2959","Stricture","Plasma::Activated plasma","T_NK",18,13,13,10
"SCP2959","Stricture","Plasma::IgA plasma","Endothelial",18,14,14,10
"SCP2959","Stricture","Plasma::IgA plasma","Epithelial",18,15,15,10
"SCP2959","Stricture","Plasma::IgA plasma","Mast",18,11,11,10
"SCP2959","Stricture","Plasma::IgA plasma","Mesenchymal_stromal",18,14,14,10
"SCP2959","Stricture","Plasma::IgA plasma","Myeloid",18,16,16,10
"SCP2959","Stricture","Plasma::IgA plasma","T_NK",18,16,16,10
"SCP2959","Stricture","Plasma::IgG plasma","Endothelial",18,11,11,10
"SCP2959","Stricture","Plasma::IgG plasma","Epithelial",18,12,12,10
"SCP2959","Stricture","Plasma::IgG plasma","Mast",18,9,9,10
"SCP2959","Stricture","Plasma::IgG plasma","Mesenchymal_stromal",18,11,11,10
"SCP2959","Stricture","Plasma::IgG plasma","Myeloid",18,12,12,10
"SCP2959","Stricture","Plasma::IgG plasma","T_NK",18,12,12,10
"SCP2959","Stricture","Plasma::Transitional B","Endothelial",18,1,1,10
"SCP2959","Stricture","Plasma::Transitional B","Epithelial",18,1,1,10
"SCP2959","Stricture","Plasma::Transitional B","Mast",18,1,1,10
"SCP2959","Stricture","Plasma::Transitional B","Mesenchymal_stromal",18,1,1,10
"SCP2959","Stricture","Plasma::Transitional B","Myeloid",18,1,1,10
"SCP2959","Stricture","Plasma::Transitional B","T_NK",18,1,1,10
"SCP2959","Stricture","Endothelial","B_cell::ActB3",18,10,10,10
"SCP2959","Stricture","Endothelial","B_cell::CSM",18,12,12,10
"SCP2959","Stricture","Endothelial","B_cell::Centroblast B",18,5,5,10
"SCP2959","Stricture","Endothelial","B_cell::Centrocyte B",18,4,4,10
"SCP2959","Stricture","Endothelial","B_cell::DN2",18,9,9,10
"SCP2959","Stricture","Endothelial","B_cell::IgM-only",18,6,6,10
"SCP2959","Stricture","Endothelial","B_cell::MZ",18,4,4,10
"SCP2959","Stricture","Endothelial","B_cell::Naïve B",18,9,9,10
"SCP2959","Stricture","Endothelial","Plasma::Activated plasma",18,13,13,10
"SCP2959","Stricture","Endothelial","Plasma::IgA plasma",18,14,14,10
"SCP2959","Stricture","Endothelial","Plasma::IgG plasma",18,11,11,10
"SCP2959","Stricture","Endothelial","Plasma::Transitional B",18,1,1,10
"SCP2959","Stricture","Epithelial","B_cell::ActB3",18,10,10,10
"SCP2959","Stricture","Epithelial","B_cell::CSM",18,13,13,10
"SCP2959","Stricture","Epithelial","B_cell::Centroblast B",18,6,6,10
"SCP2959","Stricture","Epithelial","B_cell::Centrocyte B",18,4,4,10
"SCP2959","Stricture","Epithelial","B_cell::DN2",18,10,10,10
"SCP2959","Stricture","Epithelial","B_cell::IgM-only",18,7,7,10
"SCP2959","Stricture","Epithelial","B_cell::MZ",18,4,4,10
"SCP2959","Stricture","Epithelial","B_cell::Naïve B",18,10,10,10
"SCP2959","Stricture","Epithelial","Plasma::Activated plasma",18,12,12,10
"SCP2959","Stricture","Epithelial","Plasma::IgA plasma",18,15,15,10
"SCP2959","Stricture","Epithelial","Plasma::IgG plasma",18,12,12,10
"SCP2959","Stricture","Epithelial","Plasma::Transitional B",18,1,1,10
"SCP2959","Stricture","Mast","B_cell::ActB3",18,7,7,10
"SCP2959","Stricture","Mast","B_cell::CSM",18,9,9,10
"SCP2959","Stricture","Mast","B_cell::Centroblast B",18,4,4,10
"SCP2959","Stricture","Mast","B_cell::Centrocyte B",18,3,3,10
"SCP2959","Stricture","Mast","B_cell::DN2",18,7,7,10
"SCP2959","Stricture","Mast","B_cell::IgM-only",18,6,6,10
"SCP2959","Stricture","Mast","B_cell::MZ",18,3,3,10
"SCP2959","Stricture","Mast","B_cell::Naïve B",18,6,6,10
"SCP2959","Stricture","Mast","Plasma::Activated plasma",18,11,11,10
"SCP2959","Stricture","Mast","Plasma::IgA plasma",18,11,11,10
"SCP2959","Stricture","Mast","Plasma::IgG plasma",18,9,9,10
"SCP2959","Stricture","Mast","Plasma::Transitional B",18,1,1,10
"SCP2959","Stricture","Mesenchymal_stromal","B_cell::ActB3",18,9,9,10
"SCP2959","Stricture","Mesenchymal_stromal","B_cell::CSM",18,12,12,10
"SCP2959","Stricture","Mesenchymal_stromal","B_cell::Centroblast B",18,6,6,10
"SCP2959","Stricture","Mesenchymal_stromal","B_cell::Centrocyte B",18,4,4,10
"SCP2959","Stricture","Mesenchymal_stromal","B_cell::DN2",18,9,9,10
"SCP2959","Stricture","Mesenchymal_stromal","B_cell::IgM-only",18,7,7,10
"SCP2959","Stricture","Mesenchymal_stromal","B_cell::MZ",18,4,4,10
"SCP2959","Stricture","Mesenchymal_stromal","B_cell::Naïve B",18,9,9,10
"SCP2959","Stricture","Mesenchymal_stromal","Plasma::Activated plasma",18,13,13,10
"SCP2959","Stricture","Mesenchymal_stromal","Plasma::IgA plasma",18,14,14,10
"SCP2959","Stricture","Mesenchymal_stromal","Plasma::IgG plasma",18,11,11,10
"SCP2959","Stricture","Mesenchymal_stromal","Plasma::Transitional B",18,1,1,10
"SCP2959","Stricture","Myeloid","B_cell::ActB3",18,10,10,10
"SCP2959","Stricture","Myeloid","B_cell::CSM",18,13,13,10
"SCP2959","Stricture","Myeloid","B_cell::Centroblast B",18,6,6,10
"SCP2959","Stricture","Myeloid","B_cell::Centrocyte B",18,4,4,10
"SCP2959","Stricture","Myeloid","B_cell::DN2",18,10,10,10
"SCP2959","Stricture","Myeloid","B_cell::IgM-only",18,7,7,10
"SCP2959","Stricture","Myeloid","B_cell::MZ",18,4,4,10
"SCP2959","Stricture","Myeloid","B_cell::Naïve B",18,10,10,10
"SCP2959","Stricture","Myeloid","Plasma::Activated plasma",18,13,13,10
"SCP2959","Stricture","Myeloid","Plasma::IgA plasma",18,16,16,10
"SCP2959","Stricture","Myeloid","Plasma::IgG plasma",18,12,12,10
"SCP2959","Stricture","Myeloid","Plasma::Transitional B",18,1,1,10
"SCP2959","Stricture","T_NK","B_cell::ActB3",18,10,10,10
"SCP2959","Stricture","T_NK","B_cell::CSM",18,13,13,10
"SCP2959","Stricture","T_NK","B_cell::Centroblast B",18,6,6,10
"SCP2959","Stricture","T_NK","B_cell::Centrocyte B",18,4,4,10
"SCP2959","Stricture","T_NK","B_cell::DN2",18,10,10,10
"SCP2959","Stricture","T_NK","B_cell::IgM-only",18,7,7,10
"SCP2959","Stricture","T_NK","B_cell::MZ",18,4,4,10
"SCP2959","Stricture","T_NK","B_cell::Naïve B",18,10,10,10
"SCP2959","Stricture","T_NK","Plasma::Activated plasma",18,13,13,10
"SCP2959","Stricture","T_NK","Plasma::IgA plasma",18,16,16,10
"SCP2959","Stricture","T_NK","Plasma::IgG plasma",18,12,12,10
"SCP2959","Stricture","T_NK","Plasma::Transitional B",18,1,1,10
"SCP2959","Non-stricture","B_cell::ActB3","Endothelial",14,5,5,10
"SCP2959","Non-stricture","B_cell::ActB3","Epithelial",14,5,5,10
"SCP2959","Non-stricture","B_cell::ActB3","Mast",14,4,4,10
"SCP2959","Non-stricture","B_cell::ActB3","Mesenchymal_stromal",14,5,5,10
"SCP2959","Non-stricture","B_cell::ActB3","Myeloid",14,5,5,10
"SCP2959","Non-stricture","B_cell::ActB3","T_NK",14,5,5,10
"SCP2959","Non-stricture","B_cell::CSM","Endothelial",14,11,11,10
"SCP2959","Non-stricture","B_cell::CSM","Epithelial",14,11,11,10
"SCP2959","Non-stricture","B_cell::CSM","Mast",14,9,9,10
"SCP2959","Non-stricture","B_cell::CSM","Mesenchymal_stromal",14,10,10,10
"SCP2959","Non-stricture","B_cell::CSM","Myeloid",14,11,11,10
"SCP2959","Non-stricture","B_cell::CSM","T_NK",14,11,11,10
"SCP2959","Non-stricture","B_cell::Centroblast B","Endothelial",14,4,4,10
"SCP2959","Non-stricture","B_cell::Centroblast B","Epithelial",14,4,4,10
"SCP2959","Non-stricture","B_cell::Centroblast B","Mast",14,3,3,10
"SCP2959","Non-stricture","B_cell::Centroblast B","Mesenchymal_stromal",14,4,4,10
"SCP2959","Non-stricture","B_cell::Centroblast B","Myeloid",14,4,4,10
"SCP2959","Non-stricture","B_cell::Centroblast B","T_NK",14,4,4,10
"SCP2959","Non-stricture","B_cell::Centrocyte B","Endothelial",14,4,4,10
"SCP2959","Non-stricture","B_cell::Centrocyte B","Epithelial",14,4,4,10
"SCP2959","Non-stricture","B_cell::Centrocyte B","Mast",14,3,3,10
"SCP2959","Non-stricture","B_cell::Centrocyte B","Mesenchymal_stromal",14,4,4,10
"SCP2959","Non-stricture","B_cell::Centrocyte B","Myeloid",14,4,4,10
"SCP2959","Non-stricture","B_cell::Centrocyte B","T_NK",14,4,4,10
"SCP2959","Non-stricture","B_cell::DN2","Endothelial",14,8,8,10
"SCP2959","Non-stricture","B_cell::DN2","Epithelial",14,8,8,10
"SCP2959","Non-stricture","B_cell::DN2","Mast",14,7,7,10
"SCP2959","Non-stricture","B_cell::DN2","Mesenchymal_stromal",14,8,8,10
"SCP2959","Non-stricture","B_cell::DN2","Myeloid",14,8,8,10
"SCP2959","Non-stricture","B_cell::DN2","T_NK",14,8,8,10
"SCP2959","Non-stricture","B_cell::IgM-only","Endothelial",14,0,0,10
"SCP2959","Non-stricture","B_cell::IgM-only","Epithelial",14,0,0,10
"SCP2959","Non-stricture","B_cell::IgM-only","Mast",14,0,0,10
"SCP2959","Non-stricture","B_cell::IgM-only","Mesenchymal_stromal",14,0,0,10
"SCP2959","Non-stricture","B_cell::IgM-only","Myeloid",14,0,0,10
"SCP2959","Non-stricture","B_cell::IgM-only","T_NK",14,0,0,10
"SCP2959","Non-stricture","B_cell::MZ","Endothelial",14,3,3,10
"SCP2959","Non-stricture","B_cell::MZ","Epithelial",14,3,3,10
"SCP2959","Non-stricture","B_cell::MZ","Mast",14,2,2,10
"SCP2959","Non-stricture","B_cell::MZ","Mesenchymal_stromal",14,3,3,10
"SCP2959","Non-stricture","B_cell::MZ","Myeloid",14,3,3,10
"SCP2959","Non-stricture","B_cell::MZ","T_NK",14,3,3,10
"SCP2959","Non-stricture","B_cell::Naïve B","Endothelial",14,8,8,10
"SCP2959","Non-stricture","B_cell::Naïve B","Epithelial",14,8,8,10
"SCP2959","Non-stricture","B_cell::Naïve B","Mast",14,6,6,10
"SCP2959","Non-stricture","B_cell::Naïve B","Mesenchymal_stromal",14,7,7,10
"SCP2959","Non-stricture","B_cell::Naïve B","Myeloid",14,8,8,10
"SCP2959","Non-stricture","B_cell::Naïve B","T_NK",14,8,8,10
"SCP2959","Non-stricture","Plasma::Activated plasma","Endothelial",14,10,10,10
"SCP2959","Non-stricture","Plasma::Activated plasma","Epithelial",14,10,10,10
"SCP2959","Non-stricture","Plasma::Activated plasma","Mast",14,9,9,10
"SCP2959","Non-stricture","Plasma::Activated plasma","Mesenchymal_stromal",14,10,10,10
"SCP2959","Non-stricture","Plasma::Activated plasma","Myeloid",14,10,10,10
"SCP2959","Non-stricture","Plasma::Activated plasma","T_NK",14,10,10,10
"SCP2959","Non-stricture","Plasma::IgA plasma","Endothelial",14,11,11,10
"SCP2959","Non-stricture","Plasma::IgA plasma","Epithelial",14,11,11,10
"SCP2959","Non-stricture","Plasma::IgA plasma","Mast",14,9,9,10
"SCP2959","Non-stricture","Plasma::IgA plasma","Mesenchymal_stromal",14,10,10,10
"SCP2959","Non-stricture","Plasma::IgA plasma","Myeloid",14,11,11,10
"SCP2959","Non-stricture","Plasma::IgA plasma","T_NK",14,11,11,10
"SCP2959","Non-stricture","Plasma::IgG plasma","Endothelial",14,10,10,10
"SCP2959","Non-stricture","Plasma::IgG plasma","Epithelial",14,10,10,10
"SCP2959","Non-stricture","Plasma::IgG plasma","Mast",14,8,8,10
"SCP2959","Non-stricture","Plasma::IgG plasma","Mesenchymal_stromal",14,9,9,10
"SCP2959","Non-stricture","Plasma::IgG plasma","Myeloid",14,10,10,10
"SCP2959","Non-stricture","Plasma::IgG plasma","T_NK",14,10,10,10
"SCP2959","Non-stricture","Plasma::Transitional B","Endothelial",14,1,1,10
"SCP2959","Non-stricture","Plasma::Transitional B","Epithelial",14,1,1,10
"SCP2959","Non-stricture","Plasma::Transitional B","Mast",14,0,0,10
"SCP2959","Non-stricture","Plasma::Transitional B","Mesenchymal_stromal",14,1,1,10
"SCP2959","Non-stricture","Plasma::Transitional B","Myeloid",14,1,1,10
"SCP2959","Non-stricture","Plasma::Transitional B","T_NK",14,1,1,10
"SCP2959","Non-stricture","Endothelial","B_cell::ActB3",14,5,5,10
"SCP2959","Non-stricture","Endothelial","B_cell::CSM",14,11,11,10
"SCP2959","Non-stricture","Endothelial","B_cell::Centroblast B",14,4,4,10
"SCP2959","Non-stricture","Endothelial","B_cell::Centrocyte B",14,4,4,10
"SCP2959","Non-stricture","Endothelial","B_cell::DN2",14,8,8,10
"SCP2959","Non-stricture","Endothelial","B_cell::IgM-only",14,0,0,10
"SCP2959","Non-stricture","Endothelial","B_cell::MZ",14,3,3,10
"SCP2959","Non-stricture","Endothelial","B_cell::Naïve B",14,8,8,10
"SCP2959","Non-stricture","Endothelial","Plasma::Activated plasma",14,10,10,10
"SCP2959","Non-stricture","Endothelial","Plasma::IgA plasma",14,11,11,10
"SCP2959","Non-stricture","Endothelial","Plasma::IgG plasma",14,10,10,10
"SCP2959","Non-stricture","Endothelial","Plasma::Transitional B",14,1,1,10
"SCP2959","Non-stricture","Epithelial","B_cell::ActB3",14,5,5,10
"SCP2959","Non-stricture","Epithelial","B_cell::CSM",14,11,11,10
"SCP2959","Non-stricture","Epithelial","B_cell::Centroblast B",14,4,4,10
"SCP2959","Non-stricture","Epithelial","B_cell::Centrocyte B",14,4,4,10
"SCP2959","Non-stricture","Epithelial","B_cell::DN2",14,8,8,10
"SCP2959","Non-stricture","Epithelial","B_cell::IgM-only",14,0,0,10
"SCP2959","Non-stricture","Epithelial","B_cell::MZ",14,3,3,10
"SCP2959","Non-stricture","Epithelial","B_cell::Naïve B",14,8,8,10
"SCP2959","Non-stricture","Epithelial","Plasma::Activated plasma",14,10,10,10
"SCP2959","Non-stricture","Epithelial","Plasma::IgA plasma",14,11,11,10
"SCP2959","Non-stricture","Epithelial","Plasma::IgG plasma",14,10,10,10
"SCP2959","Non-stricture","Epithelial","Plasma::Transitional B",14,1,1,10
"SCP2959","Non-stricture","Mast","B_cell::ActB3",14,4,4,10
"SCP2959","Non-stricture","Mast","B_cell::CSM",14,9,9,10
"SCP2959","Non-stricture","Mast","B_cell::Centroblast B",14,3,3,10
"SCP2959","Non-stricture","Mast","B_cell::Centrocyte B",14,3,3,10
"SCP2959","Non-stricture","Mast","B_cell::DN2",14,7,7,10
"SCP2959","Non-stricture","Mast","B_cell::IgM-only",14,0,0,10
"SCP2959","Non-stricture","Mast","B_cell::MZ",14,2,2,10
"SCP2959","Non-stricture","Mast","B_cell::Naïve B",14,6,6,10
"SCP2959","Non-stricture","Mast","Plasma::Activated plasma",14,9,9,10
"SCP2959","Non-stricture","Mast","Plasma::IgA plasma",14,9,9,10
"SCP2959","Non-stricture","Mast","Plasma::IgG plasma",14,8,8,10
"SCP2959","Non-stricture","Mast","Plasma::Transitional B",14,0,0,10
"SCP2959","Non-stricture","Mesenchymal_stromal","B_cell::ActB3",14,5,5,10
"SCP2959","Non-stricture","Mesenchymal_stromal","B_cell::CSM",14,10,10,10
"SCP2959","Non-stricture","Mesenchymal_stromal","B_cell::Centroblast B",14,4,4,10
"SCP2959","Non-stricture","Mesenchymal_stromal","B_cell::Centrocyte B",14,4,4,10
"SCP2959","Non-stricture","Mesenchymal_stromal","B_cell::DN2",14,8,8,10
"SCP2959","Non-stricture","Mesenchymal_stromal","B_cell::IgM-only",14,0,0,10
"SCP2959","Non-stricture","Mesenchymal_stromal","B_cell::MZ",14,3,3,10
"SCP2959","Non-stricture","Mesenchymal_stromal","B_cell::Naïve B",14,7,7,10
"SCP2959","Non-stricture","Mesenchymal_stromal","Plasma::Activated plasma",14,10,10,10
"SCP2959","Non-stricture","Mesenchymal_stromal","Plasma::IgA plasma",14,10,10,10
"SCP2959","Non-stricture","Mesenchymal_stromal","Plasma::IgG plasma",14,9,9,10
"SCP2959","Non-stricture","Mesenchymal_stromal","Plasma::Transitional B",14,1,1,10
"SCP2959","Non-stricture","Myeloid","B_cell::ActB3",14,5,5,10
"SCP2959","Non-stricture","Myeloid","B_cell::CSM",14,11,11,10
"SCP2959","Non-stricture","Myeloid","B_cell::Centroblast B",14,4,4,10
"SCP2959","Non-stricture","Myeloid","B_cell::Centrocyte B",14,4,4,10
"SCP2959","Non-stricture","Myeloid","B_cell::DN2",14,8,8,10
"SCP2959","Non-stricture","Myeloid","B_cell::IgM-only",14,0,0,10
"SCP2959","Non-stricture","Myeloid","B_cell::MZ",14,3,3,10
"SCP2959","Non-stricture","Myeloid","B_cell::Naïve B",14,8,8,10
"SCP2959","Non-stricture","Myeloid","Plasma::Activated plasma",14,10,10,10
"SCP2959","Non-stricture","Myeloid","Plasma::IgA plasma",14,11,11,10
"SCP2959","Non-stricture","Myeloid","Plasma::IgG plasma",14,10,10,10
"SCP2959","Non-stricture","Myeloid","Plasma::Transitional B",14,1,1,10
"SCP2959","Non-stricture","T_NK","B_cell::ActB3",14,5,5,10
"SCP2959","Non-stricture","T_NK","B_cell::CSM",14,11,11,10
"SCP2959","Non-stricture","T_NK","B_cell::Centroblast B",14,4,4,10
"SCP2959","Non-stricture","T_NK","B_cell::Centrocyte B",14,4,4,10
"SCP2959","Non-stricture","T_NK","B_cell::DN2",14,8,8,10
"SCP2959","Non-stricture","T_NK","B_cell::IgM-only",14,0,0,10
"SCP2959","Non-stricture","T_NK","B_cell::MZ",14,3,3,10
"SCP2959","Non-stricture","T_NK","B_cell::Naïve B",14,8,8,10
"SCP2959","Non-stricture","T_NK","Plasma::Activated plasma",14,10,10,10
"SCP2959","Non-stricture","T_NK","Plasma::IgA plasma",14,11,11,10
"SCP2959","Non-stricture","T_NK","Plasma::IgG plasma",14,10,10,10
"SCP2959","Non-stricture","T_NK","Plasma::Transitional B",14,1,1,10
"SCP2959","Inflamed","B_cell::ActB3","Endothelial",1,1,1,10
"SCP2959","Inflamed","B_cell::ActB3","Epithelial",1,1,1,10
"SCP2959","Inflamed","B_cell::ActB3","Mast",1,0,0,10
"SCP2959","Inflamed","B_cell::ActB3","Mesenchymal_stromal",1,1,1,10
"SCP2959","Inflamed","B_cell::ActB3","Myeloid",1,1,1,10
"SCP2959","Inflamed","B_cell::ActB3","T_NK",1,1,1,10
"SCP2959","Inflamed","B_cell::CSM","Endothelial",1,1,1,10
"SCP2959","Inflamed","B_cell::CSM","Epithelial",1,1,1,10
"SCP2959","Inflamed","B_cell::CSM","Mast",1,0,0,10
"SCP2959","Inflamed","B_cell::CSM","Mesenchymal_stromal",1,1,1,10
"SCP2959","Inflamed","B_cell::CSM","Myeloid",1,1,1,10
"SCP2959","Inflamed","B_cell::CSM","T_NK",1,1,1,10
"SCP2959","Inflamed","B_cell::Centroblast B","Endothelial",1,0,0,10
"SCP2959","Inflamed","B_cell::Centroblast B","Epithelial",1,0,0,10
"SCP2959","Inflamed","B_cell::Centroblast B","Mast",1,0,0,10
"SCP2959","Inflamed","B_cell::Centroblast B","Mesenchymal_stromal",1,0,0,10
"SCP2959","Inflamed","B_cell::Centroblast B","Myeloid",1,0,0,10
"SCP2959","Inflamed","B_cell::Centroblast B","T_NK",1,0,0,10
"SCP2959","Inflamed","B_cell::Centrocyte B","Endothelial",1,0,0,10
"SCP2959","Inflamed","B_cell::Centrocyte B","Epithelial",1,0,0,10
"SCP2959","Inflamed","B_cell::Centrocyte B","Mast",1,0,0,10
"SCP2959","Inflamed","B_cell::Centrocyte B","Mesenchymal_stromal",1,0,0,10
"SCP2959","Inflamed","B_cell::Centrocyte B","Myeloid",1,0,0,10
"SCP2959","Inflamed","B_cell::Centrocyte B","T_NK",1,0,0,10
"SCP2959","Inflamed","B_cell::DN2","Endothelial",1,1,1,10
"SCP2959","Inflamed","B_cell::DN2","Epithelial",1,1,1,10
"SCP2959","Inflamed","B_cell::DN2","Mast",1,0,0,10
"SCP2959","Inflamed","B_cell::DN2","Mesenchymal_stromal",1,1,1,10
"SCP2959","Inflamed","B_cell::DN2","Myeloid",1,1,1,10
"SCP2959","Inflamed","B_cell::DN2","T_NK",1,1,1,10
"SCP2959","Inflamed","B_cell::IgM-only","Endothelial",1,0,0,10
"SCP2959","Inflamed","B_cell::IgM-only","Epithelial",1,0,0,10
"SCP2959","Inflamed","B_cell::IgM-only","Mast",1,0,0,10
"SCP2959","Inflamed","B_cell::IgM-only","Mesenchymal_stromal",1,0,0,10
"SCP2959","Inflamed","B_cell::IgM-only","Myeloid",1,0,0,10
"SCP2959","Inflamed","B_cell::IgM-only","T_NK",1,0,0,10
"SCP2959","Inflamed","B_cell::MZ","Endothelial",1,0,0,10
"SCP2959","Inflamed","B_cell::MZ","Epithelial",1,0,0,10
"SCP2959","Inflamed","B_cell::MZ","Mast",1,0,0,10
"SCP2959","Inflamed","B_cell::MZ","Mesenchymal_stromal",1,0,0,10
"SCP2959","Inflamed","B_cell::MZ","Myeloid",1,0,0,10
"SCP2959","Inflamed","B_cell::MZ","T_NK",1,0,0,10
"SCP2959","Inflamed","B_cell::Naïve B","Endothelial",1,0,0,10
"SCP2959","Inflamed","B_cell::Naïve B","Epithelial",1,0,0,10
"SCP2959","Inflamed","B_cell::Naïve B","Mast",1,0,0,10
"SCP2959","Inflamed","B_cell::Naïve B","Mesenchymal_stromal",1,0,0,10
"SCP2959","Inflamed","B_cell::Naïve B","Myeloid",1,0,0,10
"SCP2959","Inflamed","B_cell::Naïve B","T_NK",1,0,0,10
"SCP2959","Inflamed","Plasma::Activated plasma","Endothelial",1,1,1,10
"SCP2959","Inflamed","Plasma::Activated plasma","Epithelial",1,1,1,10
"SCP2959","Inflamed","Plasma::Activated plasma","Mast",1,0,0,10
"SCP2959","Inflamed","Plasma::Activated plasma","Mesenchymal_stromal",1,1,1,10
"SCP2959","Inflamed","Plasma::Activated plasma","Myeloid",1,1,1,10
"SCP2959","Inflamed","Plasma::Activated plasma","T_NK",1,1,1,10
"SCP2959","Inflamed","Plasma::IgA plasma","Endothelial",1,1,1,10
"SCP2959","Inflamed","Plasma::IgA plasma","Epithelial",1,1,1,10
"SCP2959","Inflamed","Plasma::IgA plasma","Mast",1,0,0,10
"SCP2959","Inflamed","Plasma::IgA plasma","Mesenchymal_stromal",1,1,1,10
"SCP2959","Inflamed","Plasma::IgA plasma","Myeloid",1,1,1,10
"SCP2959","Inflamed","Plasma::IgA plasma","T_NK",1,1,1,10
"SCP2959","Inflamed","Plasma::IgG plasma","Endothelial",1,1,1,10
"SCP2959","Inflamed","Plasma::IgG plasma","Epithelial",1,1,1,10
"SCP2959","Inflamed","Plasma::IgG plasma","Mast",1,0,0,10
"SCP2959","Inflamed","Plasma::IgG plasma","Mesenchymal_stromal",1,1,1,10
"SCP2959","Inflamed","Plasma::IgG plasma","Myeloid",1,1,1,10
"SCP2959","Inflamed","Plasma::IgG plasma","T_NK",1,1,1,10
"SCP2959","Inflamed","Plasma::Transitional B","Endothelial",1,0,0,10
"SCP2959","Inflamed","Plasma::Transitional B","Epithelial",1,0,0,10
"SCP2959","Inflamed","Plasma::Transitional B","Mast",1,0,0,10
"SCP2959","Inflamed","Plasma::Transitional B","Mesenchymal_stromal",1,0,0,10
"SCP2959","Inflamed","Plasma::Transitional B","Myeloid",1,0,0,10
"SCP2959","Inflamed","Plasma::Transitional B","T_NK",1,0,0,10
"SCP2959","Inflamed","Endothelial","B_cell::ActB3",1,1,1,10
"SCP2959","Inflamed","Endothelial","B_cell::CSM",1,1,1,10
"SCP2959","Inflamed","Endothelial","B_cell::Centroblast B",1,0,0,10
"SCP2959","Inflamed","Endothelial","B_cell::Centrocyte B",1,0,0,10
"SCP2959","Inflamed","Endothelial","B_cell::DN2",1,1,1,10
"SCP2959","Inflamed","Endothelial","B_cell::IgM-only",1,0,0,10
"SCP2959","Inflamed","Endothelial","B_cell::MZ",1,0,0,10
"SCP2959","Inflamed","Endothelial","B_cell::Naïve B",1,0,0,10
"SCP2959","Inflamed","Endothelial","Plasma::Activated plasma",1,1,1,10
"SCP2959","Inflamed","Endothelial","Plasma::IgA plasma",1,1,1,10
"SCP2959","Inflamed","Endothelial","Plasma::IgG plasma",1,1,1,10
"SCP2959","Inflamed","Endothelial","Plasma::Transitional B",1,0,0,10
"SCP2959","Inflamed","Epithelial","B_cell::ActB3",1,1,1,10
"SCP2959","Inflamed","Epithelial","B_cell::CSM",1,1,1,10
"SCP2959","Inflamed","Epithelial","B_cell::Centroblast B",1,0,0,10
"SCP2959","Inflamed","Epithelial","B_cell::Centrocyte B",1,0,0,10
"SCP2959","Inflamed","Epithelial","B_cell::DN2",1,1,1,10
"SCP2959","Inflamed","Epithelial","B_cell::IgM-only",1,0,0,10
"SCP2959","Inflamed","Epithelial","B_cell::MZ",1,0,0,10
"SCP2959","Inflamed","Epithelial","B_cell::Naïve B",1,0,0,10
"SCP2959","Inflamed","Epithelial","Plasma::Activated plasma",1,1,1,10
"SCP2959","Inflamed","Epithelial","Plasma::IgA plasma",1,1,1,10
"SCP2959","Inflamed","Epithelial","Plasma::IgG plasma",1,1,1,10
"SCP2959","Inflamed","Epithelial","Plasma::Transitional B",1,0,0,10
"SCP2959","Inflamed","Mast","B_cell::ActB3",1,0,0,10
"SCP2959","Inflamed","Mast","B_cell::CSM",1,0,0,10
"SCP2959","Inflamed","Mast","B_cell::Centroblast B",1,0,0,10
"SCP2959","Inflamed","Mast","B_cell::Centrocyte B",1,0,0,10
"SCP2959","Inflamed","Mast","B_cell::DN2",1,0,0,10
"SCP2959","Inflamed","Mast","B_cell::IgM-only",1,0,0,10
"SCP2959","Inflamed","Mast","B_cell::MZ",1,0,0,10
"SCP2959","Inflamed","Mast","B_cell::Naïve B",1,0,0,10
"SCP2959","Inflamed","Mast","Plasma::Activated plasma",1,0,0,10
"SCP2959","Inflamed","Mast","Plasma::IgA plasma",1,0,0,10
"SCP2959","Inflamed","Mast","Plasma::IgG plasma",1,0,0,10
"SCP2959","Inflamed","Mast","Plasma::Transitional B",1,0,0,10
"SCP2959","Inflamed","Mesenchymal_stromal","B_cell::ActB3",1,1,1,10
"SCP2959","Inflamed","Mesenchymal_stromal","B_cell::CSM",1,1,1,10
"SCP2959","Inflamed","Mesenchymal_stromal","B_cell::Centroblast B",1,0,0,10
"SCP2959","Inflamed","Mesenchymal_stromal","B_cell::Centrocyte B",1,0,0,10
"SCP2959","Inflamed","Mesenchymal_stromal","B_cell::DN2",1,1,1,10
"SCP2959","Inflamed","Mesenchymal_stromal","B_cell::IgM-only",1,0,0,10
"SCP2959","Inflamed","Mesenchymal_stromal","B_cell::MZ",1,0,0,10
"SCP2959","Inflamed","Mesenchymal_stromal","B_cell::Naïve B",1,0,0,10
"SCP2959","Inflamed","Mesenchymal_stromal","Plasma::Activated plasma",1,1,1,10
"SCP2959","Inflamed","Mesenchymal_stromal","Plasma::IgA plasma",1,1,1,10
"SCP2959","Inflamed","Mesenchymal_stromal","Plasma::IgG plasma",1,1,1,10
"SCP2959","Inflamed","Mesenchymal_stromal","Plasma::Transitional B",1,0,0,10
"SCP2959","Inflamed","Myeloid","B_cell::ActB3",1,1,1,10
"SCP2959","Inflamed","Myeloid","B_cell::CSM",1,1,1,10
"SCP2959","Inflamed","Myeloid","B_cell::Centroblast B",1,0,0,10
"SCP2959","Inflamed","Myeloid","B_cell::Centrocyte B",1,0,0,10
"SCP2959","Inflamed","Myeloid","B_cell::DN2",1,1,1,10
"SCP2959","Inflamed","Myeloid","B_cell::IgM-only",1,0,0,10
"SCP2959","Inflamed","Myeloid","B_cell::MZ",1,0,0,10
"SCP2959","Inflamed","Myeloid","B_cell::Naïve B",1,0,0,10
"SCP2959","Inflamed","Myeloid","Plasma::Activated plasma",1,1,1,10
"SCP2959","Inflamed","Myeloid","Plasma::IgA plasma",1,1,1,10
"SCP2959","Inflamed","Myeloid","Plasma::IgG plasma",1,1,1,10
"SCP2959","Inflamed","Myeloid","Plasma::Transitional B",1,0,0,10
"SCP2959","Inflamed","T_NK","B_cell::ActB3",1,1,1,10
"SCP2959","Inflamed","T_NK","B_cell::CSM",1,1,1,10
"SCP2959","Inflamed","T_NK","B_cell::Centroblast B",1,0,0,10
"SCP2959","Inflamed","T_NK","B_cell::Centrocyte B",1,0,0,10
"SCP2959","Inflamed","T_NK","B_cell::DN2",1,1,1,10
"SCP2959","Inflamed","T_NK","B_cell::IgM-only",1,0,0,10
"SCP2959","Inflamed","T_NK","B_cell::MZ",1,0,0,10
"SCP2959","Inflamed","T_NK","B_cell::Naïve B",1,0,0,10
"SCP2959","Inflamed","T_NK","Plasma::Activated plasma",1,1,1,10
"SCP2959","Inflamed","T_NK","Plasma::IgA plasma",1,1,1,10
"SCP2959","Inflamed","T_NK","Plasma::IgG plasma",1,1,1,10
"SCP2959","Inflamed","T_NK","Plasma::Transitional B",1,0,0,10
"SCP2959","Control","B_cell::ActB3","Endothelial",9,4,4,10
"SCP2959","Control","B_cell::ActB3","Epithelial",9,4,4,10
"SCP2959","Control","B_cell::ActB3","Mast",9,4,4,10
"SCP2959","Control","B_cell::ActB3","Mesenchymal_stromal",9,4,4,10
"SCP2959","Control","B_cell::ActB3","Myeloid",9,4,4,10
"SCP2959","Control","B_cell::ActB3","T_NK",9,4,4,10
"SCP2959","Control","B_cell::CSM","Endothelial",9,5,5,10
"SCP2959","Control","B_cell::CSM","Epithelial",9,5,5,10
"SCP2959","Control","B_cell::CSM","Mast",9,5,5,10
"SCP2959","Control","B_cell::CSM","Mesenchymal_stromal",9,5,5,10
"SCP2959","Control","B_cell::CSM","Myeloid",9,5,5,10
"SCP2959","Control","B_cell::CSM","T_NK",9,5,5,10
"SCP2959","Control","B_cell::Centroblast B","Endothelial",9,2,2,10
"SCP2959","Control","B_cell::Centroblast B","Epithelial",9,2,2,10
"SCP2959","Control","B_cell::Centroblast B","Mast",9,2,2,10
"SCP2959","Control","B_cell::Centroblast B","Mesenchymal_stromal",9,2,2,10
"SCP2959","Control","B_cell::Centroblast B","Myeloid",9,2,2,10
"SCP2959","Control","B_cell::Centroblast B","T_NK",9,2,2,10
"SCP2959","Control","B_cell::Centrocyte B","Endothelial",9,2,2,10
"SCP2959","Control","B_cell::Centrocyte B","Epithelial",9,2,2,10
"SCP2959","Control","B_cell::Centrocyte B","Mast",9,2,2,10
"SCP2959","Control","B_cell::Centrocyte B","Mesenchymal_stromal",9,2,2,10
"SCP2959","Control","B_cell::Centrocyte B","Myeloid",9,2,2,10
"SCP2959","Control","B_cell::Centrocyte B","T_NK",9,2,2,10
"SCP2959","Control","B_cell::DN2","Endothelial",9,2,2,10
"SCP2959","Control","B_cell::DN2","Epithelial",9,2,2,10
"SCP2959","Control","B_cell::DN2","Mast",9,2,2,10
"SCP2959","Control","B_cell::DN2","Mesenchymal_stromal",9,2,2,10
"SCP2959","Control","B_cell::DN2","Myeloid",9,2,2,10
"SCP2959","Control","B_cell::DN2","T_NK",9,2,2,10
"SCP2959","Control","B_cell::IgM-only","Endothelial",9,2,2,10
"SCP2959","Control","B_cell::IgM-only","Epithelial",9,2,2,10
"SCP2959","Control","B_cell::IgM-only","Mast",9,2,2,10
"SCP2959","Control","B_cell::IgM-only","Mesenchymal_stromal",9,2,2,10
"SCP2959","Control","B_cell::IgM-only","Myeloid",9,2,2,10
"SCP2959","Control","B_cell::IgM-only","T_NK",9,2,2,10
"SCP2959","Control","B_cell::MZ","Endothelial",9,3,3,10
"SCP2959","Control","B_cell::MZ","Epithelial",9,3,3,10
"SCP2959","Control","B_cell::MZ","Mast",9,3,3,10
"SCP2959","Control","B_cell::MZ","Mesenchymal_stromal",9,3,3,10
"SCP2959","Control","B_cell::MZ","Myeloid",9,3,3,10
"SCP2959","Control","B_cell::MZ","T_NK",9,3,3,10
"SCP2959","Control","B_cell::Naïve B","Endothelial",9,4,4,10
"SCP2959","Control","B_cell::Naïve B","Epithelial",9,4,4,10
"SCP2959","Control","B_cell::Naïve B","Mast",9,4,4,10
"SCP2959","Control","B_cell::Naïve B","Mesenchymal_stromal",9,4,4,10
"SCP2959","Control","B_cell::Naïve B","Myeloid",9,4,4,10
"SCP2959","Control","B_cell::Naïve B","T_NK",9,4,4,10
"SCP2959","Control","Plasma::Activated plasma","Endothelial",9,5,5,10
"SCP2959","Control","Plasma::Activated plasma","Epithelial",9,5,5,10
"SCP2959","Control","Plasma::Activated plasma","Mast",9,5,5,10
"SCP2959","Control","Plasma::Activated plasma","Mesenchymal_stromal",9,5,5,10
"SCP2959","Control","Plasma::Activated plasma","Myeloid",9,5,5,10
"SCP2959","Control","Plasma::Activated plasma","T_NK",9,5,5,10
"SCP2959","Control","Plasma::IgA plasma","Endothelial",9,4,4,10
"SCP2959","Control","Plasma::IgA plasma","Epithelial",9,4,4,10
"SCP2959","Control","Plasma::IgA plasma","Mast",9,4,4,10
"SCP2959","Control","Plasma::IgA plasma","Mesenchymal_stromal",9,4,4,10
"SCP2959","Control","Plasma::IgA plasma","Myeloid",9,4,4,10
"SCP2959","Control","Plasma::IgA plasma","T_NK",9,4,4,10
"SCP2959","Control","Plasma::IgG plasma","Endothelial",9,2,2,10
"SCP2959","Control","Plasma::IgG plasma","Epithelial",9,2,2,10
"SCP2959","Control","Plasma::IgG plasma","Mast",9,2,2,10
"SCP2959","Control","Plasma::IgG plasma","Mesenchymal_stromal",9,2,2,10
"SCP2959","Control","Plasma::IgG plasma","Myeloid",9,2,2,10
"SCP2959","Control","Plasma::IgG plasma","T_NK",9,2,2,10
"SCP2959","Control","Plasma::Transitional B","Endothelial",9,0,0,10
"SCP2959","Control","Plasma::Transitional B","Epithelial",9,0,0,10
"SCP2959","Control","Plasma::Transitional B","Mast",9,0,0,10
"SCP2959","Control","Plasma::Transitional B","Mesenchymal_stromal",9,0,0,10
"SCP2959","Control","Plasma::Transitional B","Myeloid",9,0,0,10
"SCP2959","Control","Plasma::Transitional B","T_NK",9,0,0,10
"SCP2959","Control","Endothelial","B_cell::ActB3",9,4,4,10
"SCP2959","Control","Endothelial","B_cell::CSM",9,5,5,10
"SCP2959","Control","Endothelial","B_cell::Centroblast B",9,2,2,10
"SCP2959","Control","Endothelial","B_cell::Centrocyte B",9,2,2,10
"SCP2959","Control","Endothelial","B_cell::DN2",9,2,2,10
"SCP2959","Control","Endothelial","B_cell::IgM-only",9,2,2,10
"SCP2959","Control","Endothelial","B_cell::MZ",9,3,3,10
"SCP2959","Control","Endothelial","B_cell::Naïve B",9,4,4,10
"SCP2959","Control","Endothelial","Plasma::Activated plasma",9,5,5,10
"SCP2959","Control","Endothelial","Plasma::IgA plasma",9,4,4,10
"SCP2959","Control","Endothelial","Plasma::IgG plasma",9,2,2,10
"SCP2959","Control","Endothelial","Plasma::Transitional B",9,0,0,10
"SCP2959","Control","Epithelial","B_cell::ActB3",9,4,4,10
"SCP2959","Control","Epithelial","B_cell::CSM",9,5,5,10
"SCP2959","Control","Epithelial","B_cell::Centroblast B",9,2,2,10
"SCP2959","Control","Epithelial","B_cell::Centrocyte B",9,2,2,10
"SCP2959","Control","Epithelial","B_cell::DN2",9,2,2,10
"SCP2959","Control","Epithelial","B_cell::IgM-only",9,2,2,10
"SCP2959","Control","Epithelial","B_cell::MZ",9,3,3,10
"SCP2959","Control","Epithelial","B_cell::Naïve B",9,4,4,10
"SCP2959","Control","Epithelial","Plasma::Activated plasma",9,5,5,10
"SCP2959","Control","Epithelial","Plasma::IgA plasma",9,4,4,10
"SCP2959","Control","Epithelial","Plasma::IgG plasma",9,2,2,10
"SCP2959","Control","Epithelial","Plasma::Transitional B",9,0,0,10
"SCP2959","Control","Mast","B_cell::ActB3",9,4,4,10
"SCP2959","Control","Mast","B_cell::CSM",9,5,5,10
"SCP2959","Control","Mast","B_cell::Centroblast B",9,2,2,10
"SCP2959","Control","Mast","B_cell::Centrocyte B",9,2,2,10
"SCP2959","Control","Mast","B_cell::DN2",9,2,2,10
"SCP2959","Control","Mast","B_cell::IgM-only",9,2,2,10
"SCP2959","Control","Mast","B_cell::MZ",9,3,3,10
"SCP2959","Control","Mast","B_cell::Naïve B",9,4,4,10
"SCP2959","Control","Mast","Plasma::Activated plasma",9,5,5,10
"SCP2959","Control","Mast","Plasma::IgA plasma",9,4,4,10
"SCP2959","Control","Mast","Plasma::IgG plasma",9,2,2,10
"SCP2959","Control","Mast","Plasma::Transitional B",9,0,0,10
"SCP2959","Control","Mesenchymal_stromal","B_cell::ActB3",9,4,4,10
"SCP2959","Control","Mesenchymal_stromal","B_cell::CSM",9,5,5,10
"SCP2959","Control","Mesenchymal_stromal","B_cell::Centroblast B",9,2,2,10
"SCP2959","Control","Mesenchymal_stromal","B_cell::Centrocyte B",9,2,2,10
"SCP2959","Control","Mesenchymal_stromal","B_cell::DN2",9,2,2,10
"SCP2959","Control","Mesenchymal_stromal","B_cell::IgM-only",9,2,2,10
"SCP2959","Control","Mesenchymal_stromal","B_cell::MZ",9,3,3,10
"SCP2959","Control","Mesenchymal_stromal","B_cell::Naïve B",9,4,4,10
"SCP2959","Control","Mesenchymal_stromal","Plasma::Activated plasma",9,5,5,10
"SCP2959","Control","Mesenchymal_stromal","Plasma::IgA plasma",9,4,4,10
"SCP2959","Control","Mesenchymal_stromal","Plasma::IgG plasma",9,2,2,10
"SCP2959","Control","Mesenchymal_stromal","Plasma::Transitional B",9,0,0,10
"SCP2959","Control","Myeloid","B_cell::ActB3",9,4,4,10
"SCP2959","Control","Myeloid","B_cell::CSM",9,5,5,10
"SCP2959","Control","Myeloid","B_cell::Centroblast B",9,2,2,10
"SCP2959","Control","Myeloid","B_cell::Centrocyte B",9,2,2,10
"SCP2959","Control","Myeloid","B_cell::DN2",9,2,2,10
"SCP2959","Control","Myeloid","B_cell::IgM-only",9,2,2,10
"SCP2959","Control","Myeloid","B_cell::MZ",9,3,3,10
"SCP2959","Control","Myeloid","B_cell::Naïve B",9,4,4,10
"SCP2959","Control","Myeloid","Plasma::Activated plasma",9,5,5,10
"SCP2959","Control","Myeloid","Plasma::IgA plasma",9,4,4,10
"SCP2959","Control","Myeloid","Plasma::IgG plasma",9,2,2,10
"SCP2959","Control","Myeloid","Plasma::Transitional B",9,0,0,10
"SCP2959","Control","T_NK","B_cell::ActB3",9,4,4,10
"SCP2959","Control","T_NK","B_cell::CSM",9,5,5,10
"SCP2959","Control","T_NK","B_cell::Centroblast B",9,2,2,10
"SCP2959","Control","T_NK","B_cell::Centrocyte B",9,2,2,10
"SCP2959","Control","T_NK","B_cell::DN2",9,2,2,10
"SCP2959","Control","T_NK","B_cell::IgM-only",9,2,2,10
"SCP2959","Control","T_NK","B_cell::MZ",9,3,3,10
"SCP2959","Control","T_NK","B_cell::Naïve B",9,4,4,10
"SCP2959","Control","T_NK","Plasma::Activated plasma",9,5,5,10
"SCP2959","Control","T_NK","Plasma::IgA plasma",9,4,4,10
"SCP2959","Control","T_NK","Plasma::IgG plasma",9,2,2,10
"SCP2959","Control","T_NK","Plasma::Transitional B",9,0,0,10
"GSE134809","Inflamed","B_cell::ActB3","Endothelial",11,5,5,20
"GSE134809","Inflamed","B_cell::ActB3","Epithelial",11,5,5,20
"GSE134809","Inflamed","B_cell::ActB3","Mast",11,2,2,20
"GSE134809","Inflamed","B_cell::ActB3","Mesenchymal_stromal",11,5,5,20
"GSE134809","Inflamed","B_cell::ActB3","Myeloid",11,5,5,20
"GSE134809","Inflamed","B_cell::ActB3","T_NK",11,5,5,20
"GSE134809","Inflamed","B_cell::CSM","Endothelial",11,10,10,20
"GSE134809","Inflamed","B_cell::CSM","Epithelial",11,9,9,20
"GSE134809","Inflamed","B_cell::CSM","Mast",11,3,3,20
"GSE134809","Inflamed","B_cell::CSM","Mesenchymal_stromal",11,10,10,20
"GSE134809","Inflamed","B_cell::CSM","Myeloid",11,10,10,20
"GSE134809","Inflamed","B_cell::CSM","T_NK",11,10,10,20
"GSE134809","Inflamed","B_cell::Centroblast B","Endothelial",11,1,1,20
"GSE134809","Inflamed","B_cell::Centroblast B","Epithelial",11,1,1,20
"GSE134809","Inflamed","B_cell::Centroblast B","Mast",11,1,1,20
"GSE134809","Inflamed","B_cell::Centroblast B","Mesenchymal_stromal",11,1,1,20
"GSE134809","Inflamed","B_cell::Centroblast B","Myeloid",11,1,1,20
"GSE134809","Inflamed","B_cell::Centroblast B","T_NK",11,1,1,20
"GSE134809","Inflamed","B_cell::Centrocyte B","Endothelial",11,1,1,20
"GSE134809","Inflamed","B_cell::Centrocyte B","Epithelial",11,1,1,20
"GSE134809","Inflamed","B_cell::Centrocyte B","Mast",11,1,1,20
"GSE134809","Inflamed","B_cell::Centrocyte B","Mesenchymal_stromal",11,1,1,20
"GSE134809","Inflamed","B_cell::Centrocyte B","Myeloid",11,1,1,20
"GSE134809","Inflamed","B_cell::Centrocyte B","T_NK",11,1,1,20
"GSE134809","Inflamed","B_cell::DN2","Endothelial",11,5,5,20
"GSE134809","Inflamed","B_cell::DN2","Epithelial",11,4,4,20
"GSE134809","Inflamed","B_cell::DN2","Mast",11,2,2,20
"GSE134809","Inflamed","B_cell::DN2","Mesenchymal_stromal",11,5,5,20
"GSE134809","Inflamed","B_cell::DN2","Myeloid",11,5,5,20
"GSE134809","Inflamed","B_cell::DN2","T_NK",11,5,5,20
"GSE134809","Inflamed","B_cell::IgM-only","Endothelial",11,3,3,20
"GSE134809","Inflamed","B_cell::IgM-only","Epithelial",11,3,3,20
"GSE134809","Inflamed","B_cell::IgM-only","Mast",11,1,1,20
"GSE134809","Inflamed","B_cell::IgM-only","Mesenchymal_stromal",11,3,3,20
"GSE134809","Inflamed","B_cell::IgM-only","Myeloid",11,3,3,20
"GSE134809","Inflamed","B_cell::IgM-only","T_NK",11,3,3,20
"GSE134809","Inflamed","B_cell::MZ","Endothelial",11,2,2,20
"GSE134809","Inflamed","B_cell::MZ","Epithelial",11,2,2,20
"GSE134809","Inflamed","B_cell::MZ","Mast",11,1,1,20
"GSE134809","Inflamed","B_cell::MZ","Mesenchymal_stromal",11,2,2,20
"GSE134809","Inflamed","B_cell::MZ","Myeloid",11,2,2,20
"GSE134809","Inflamed","B_cell::MZ","T_NK",11,2,2,20
"GSE134809","Inflamed","B_cell::Naïve B","Endothelial",11,9,9,20
"GSE134809","Inflamed","B_cell::Naïve B","Epithelial",11,8,8,20
"GSE134809","Inflamed","B_cell::Naïve B","Mast",11,2,2,20
"GSE134809","Inflamed","B_cell::Naïve B","Mesenchymal_stromal",11,9,9,20
"GSE134809","Inflamed","B_cell::Naïve B","Myeloid",11,9,9,20
"GSE134809","Inflamed","B_cell::Naïve B","T_NK",11,9,9,20
"GSE134809","Inflamed","Plasma::Activated plasma","Endothelial",11,8,8,20
"GSE134809","Inflamed","Plasma::Activated plasma","Epithelial",11,9,9,20
"GSE134809","Inflamed","Plasma::Activated plasma","Mast",11,4,4,20
"GSE134809","Inflamed","Plasma::Activated plasma","Mesenchymal_stromal",11,8,8,20
"GSE134809","Inflamed","Plasma::Activated plasma","Myeloid",11,9,9,20
"GSE134809","Inflamed","Plasma::Activated plasma","T_NK",11,9,9,20
"GSE134809","Inflamed","Plasma::IgA plasma","Endothelial",11,10,10,20
"GSE134809","Inflamed","Plasma::IgA plasma","Epithelial",11,10,10,20
"GSE134809","Inflamed","Plasma::IgA plasma","Mast",11,4,4,20
"GSE134809","Inflamed","Plasma::IgA plasma","Mesenchymal_stromal",11,10,10,20
"GSE134809","Inflamed","Plasma::IgA plasma","Myeloid",11,11,11,20
"GSE134809","Inflamed","Plasma::IgA plasma","T_NK",11,11,11,20
"GSE134809","Inflamed","Plasma::IgG plasma","Endothelial",11,8,8,20
"GSE134809","Inflamed","Plasma::IgG plasma","Epithelial",11,7,7,20
"GSE134809","Inflamed","Plasma::IgG plasma","Mast",11,3,3,20
"GSE134809","Inflamed","Plasma::IgG plasma","Mesenchymal_stromal",11,8,8,20
"GSE134809","Inflamed","Plasma::IgG plasma","Myeloid",11,8,8,20
"GSE134809","Inflamed","Plasma::IgG plasma","T_NK",11,8,8,20
"GSE134809","Inflamed","Plasma::Transitional B","Endothelial",11,1,1,20
"GSE134809","Inflamed","Plasma::Transitional B","Epithelial",11,1,1,20
"GSE134809","Inflamed","Plasma::Transitional B","Mast",11,1,1,20
"GSE134809","Inflamed","Plasma::Transitional B","Mesenchymal_stromal",11,1,1,20
"GSE134809","Inflamed","Plasma::Transitional B","Myeloid",11,1,1,20
"GSE134809","Inflamed","Plasma::Transitional B","T_NK",11,1,1,20
"GSE134809","Inflamed","Endothelial","B_cell::ActB3",11,5,5,20
"GSE134809","Inflamed","Endothelial","B_cell::CSM",11,10,10,20
"GSE134809","Inflamed","Endothelial","B_cell::Centroblast B",11,1,1,20
"GSE134809","Inflamed","Endothelial","B_cell::Centrocyte B",11,1,1,20
"GSE134809","Inflamed","Endothelial","B_cell::DN2",11,5,5,20
"GSE134809","Inflamed","Endothelial","B_cell::IgM-only",11,3,3,20
"GSE134809","Inflamed","Endothelial","B_cell::MZ",11,2,2,20
"GSE134809","Inflamed","Endothelial","B_cell::Naïve B",11,9,9,20
"GSE134809","Inflamed","Endothelial","Plasma::Activated plasma",11,8,8,20
"GSE134809","Inflamed","Endothelial","Plasma::IgA plasma",11,10,10,20
"GSE134809","Inflamed","Endothelial","Plasma::IgG plasma",11,8,8,20
"GSE134809","Inflamed","Endothelial","Plasma::Transitional B",11,1,1,20
"GSE134809","Inflamed","Epithelial","B_cell::ActB3",11,5,5,20
"GSE134809","Inflamed","Epithelial","B_cell::CSM",11,9,9,20
"GSE134809","Inflamed","Epithelial","B_cell::Centroblast B",11,1,1,20
"GSE134809","Inflamed","Epithelial","B_cell::Centrocyte B",11,1,1,20
"GSE134809","Inflamed","Epithelial","B_cell::DN2",11,4,4,20
"GSE134809","Inflamed","Epithelial","B_cell::IgM-only",11,3,3,20
"GSE134809","Inflamed","Epithelial","B_cell::MZ",11,2,2,20
"GSE134809","Inflamed","Epithelial","B_cell::Naïve B",11,8,8,20
"GSE134809","Inflamed","Epithelial","Plasma::Activated plasma",11,9,9,20
"GSE134809","Inflamed","Epithelial","Plasma::IgA plasma",11,10,10,20
"GSE134809","Inflamed","Epithelial","Plasma::IgG plasma",11,7,7,20
"GSE134809","Inflamed","Epithelial","Plasma::Transitional B",11,1,1,20
"GSE134809","Inflamed","Mast","B_cell::ActB3",11,2,2,20
"GSE134809","Inflamed","Mast","B_cell::CSM",11,3,3,20
"GSE134809","Inflamed","Mast","B_cell::Centroblast B",11,1,1,20
"GSE134809","Inflamed","Mast","B_cell::Centrocyte B",11,1,1,20
"GSE134809","Inflamed","Mast","B_cell::DN2",11,2,2,20
"GSE134809","Inflamed","Mast","B_cell::IgM-only",11,1,1,20
"GSE134809","Inflamed","Mast","B_cell::MZ",11,1,1,20
"GSE134809","Inflamed","Mast","B_cell::Naïve B",11,2,2,20
"GSE134809","Inflamed","Mast","Plasma::Activated plasma",11,4,4,20
"GSE134809","Inflamed","Mast","Plasma::IgA plasma",11,4,4,20
"GSE134809","Inflamed","Mast","Plasma::IgG plasma",11,3,3,20
"GSE134809","Inflamed","Mast","Plasma::Transitional B",11,1,1,20
"GSE134809","Inflamed","Mesenchymal_stromal","B_cell::ActB3",11,5,5,20
"GSE134809","Inflamed","Mesenchymal_stromal","B_cell::CSM",11,10,10,20
"GSE134809","Inflamed","Mesenchymal_stromal","B_cell::Centroblast B",11,1,1,20
"GSE134809","Inflamed","Mesenchymal_stromal","B_cell::Centrocyte B",11,1,1,20
"GSE134809","Inflamed","Mesenchymal_stromal","B_cell::DN2",11,5,5,20
"GSE134809","Inflamed","Mesenchymal_stromal","B_cell::IgM-only",11,3,3,20
"GSE134809","Inflamed","Mesenchymal_stromal","B_cell::MZ",11,2,2,20
"GSE134809","Inflamed","Mesenchymal_stromal","B_cell::Naïve B",11,9,9,20
"GSE134809","Inflamed","Mesenchymal_stromal","Plasma::Activated plasma",11,8,8,20
"GSE134809","Inflamed","Mesenchymal_stromal","Plasma::IgA plasma",11,10,10,20
"GSE134809","Inflamed","Mesenchymal_stromal","Plasma::IgG plasma",11,8,8,20
"GSE134809","Inflamed","Mesenchymal_stromal","Plasma::Transitional B",11,1,1,20
"GSE134809","Inflamed","Myeloid","B_cell::ActB3",11,5,5,20
"GSE134809","Inflamed","Myeloid","B_cell::CSM",11,10,10,20
"GSE134809","Inflamed","Myeloid","B_cell::Centroblast B",11,1,1,20
"GSE134809","Inflamed","Myeloid","B_cell::Centrocyte B",11,1,1,20
"GSE134809","Inflamed","Myeloid","B_cell::DN2",11,5,5,20
"GSE134809","Inflamed","Myeloid","B_cell::IgM-only",11,3,3,20
"GSE134809","Inflamed","Myeloid","B_cell::MZ",11,2,2,20
"GSE134809","Inflamed","Myeloid","B_cell::Naïve B",11,9,9,20
"GSE134809","Inflamed","Myeloid","Plasma::Activated plasma",11,9,9,20
"GSE134809","Inflamed","Myeloid","Plasma::IgA plasma",11,11,11,20
"GSE134809","Inflamed","Myeloid","Plasma::IgG plasma",11,8,8,20
"GSE134809","Inflamed","Myeloid","Plasma::Transitional B",11,1,1,20
"GSE134809","Inflamed","T_NK","B_cell::ActB3",11,5,5,20
"GSE134809","Inflamed","T_NK","B_cell::CSM",11,10,10,20
"GSE134809","Inflamed","T_NK","B_cell::Centroblast B",11,1,1,20
"GSE134809","Inflamed","T_NK","B_cell::Centrocyte B",11,1,1,20
"GSE134809","Inflamed","T_NK","B_cell::DN2",11,5,5,20
"GSE134809","Inflamed","T_NK","B_cell::IgM-only",11,3,3,20
"GSE134809","Inflamed","T_NK","B_cell::MZ",11,2,2,20
"GSE134809","Inflamed","T_NK","B_cell::Naïve B",11,9,9,20
"GSE134809","Inflamed","T_NK","Plasma::Activated plasma",11,9,9,20
"GSE134809","Inflamed","T_NK","Plasma::IgA plasma",11,11,11,20
"GSE134809","Inflamed","T_NK","Plasma::IgG plasma",11,8,8,20
"GSE134809","Inflamed","T_NK","Plasma::Transitional B",11,1,1,20
"GSE134809","Non-inflamed","B_cell::ActB3","Endothelial",11,0,0,20
"GSE134809","Non-inflamed","B_cell::ActB3","Epithelial",11,0,0,20
"GSE134809","Non-inflamed","B_cell::ActB3","Mast",11,0,0,20
"GSE134809","Non-inflamed","B_cell::ActB3","Mesenchymal_stromal",11,0,0,20
"GSE134809","Non-inflamed","B_cell::ActB3","Myeloid",11,0,0,20
"GSE134809","Non-inflamed","B_cell::ActB3","T_NK",11,0,0,20
"GSE134809","Non-inflamed","B_cell::CSM","Endothelial",11,7,7,20
"GSE134809","Non-inflamed","B_cell::CSM","Epithelial",11,10,10,20
"GSE134809","Non-inflamed","B_cell::CSM","Mast",11,5,5,20
"GSE134809","Non-inflamed","B_cell::CSM","Mesenchymal_stromal",11,9,9,20
"GSE134809","Non-inflamed","B_cell::CSM","Myeloid",11,10,10,20
"GSE134809","Non-inflamed","B_cell::CSM","T_NK",11,10,10,20
"GSE134809","Non-inflamed","B_cell::Centroblast B","Endothelial",11,0,0,20
"GSE134809","Non-inflamed","B_cell::Centroblast B","Epithelial",11,0,0,20
"GSE134809","Non-inflamed","B_cell::Centroblast B","Mast",11,0,0,20
"GSE134809","Non-inflamed","B_cell::Centroblast B","Mesenchymal_stromal",11,0,0,20
"GSE134809","Non-inflamed","B_cell::Centroblast B","Myeloid",11,0,0,20
"GSE134809","Non-inflamed","B_cell::Centroblast B","T_NK",11,0,0,20
"GSE134809","Non-inflamed","B_cell::Centrocyte B","Endothelial",11,1,1,20
"GSE134809","Non-inflamed","B_cell::Centrocyte B","Epithelial",11,1,1,20
"GSE134809","Non-inflamed","B_cell::Centrocyte B","Mast",11,1,1,20
"GSE134809","Non-inflamed","B_cell::Centrocyte B","Mesenchymal_stromal",11,1,1,20
"GSE134809","Non-inflamed","B_cell::Centrocyte B","Myeloid",11,1,1,20
"GSE134809","Non-inflamed","B_cell::Centrocyte B","T_NK",11,1,1,20
"GSE134809","Non-inflamed","B_cell::DN2","Endothelial",11,1,1,20
"GSE134809","Non-inflamed","B_cell::DN2","Epithelial",11,1,1,20
"GSE134809","Non-inflamed","B_cell::DN2","Mast",11,0,0,20
"GSE134809","Non-inflamed","B_cell::DN2","Mesenchymal_stromal",11,1,1,20
"GSE134809","Non-inflamed","B_cell::DN2","Myeloid",11,1,1,20
"GSE134809","Non-inflamed","B_cell::DN2","T_NK",11,1,1,20
"GSE134809","Non-inflamed","B_cell::IgM-only","Endothelial",11,0,0,20
"GSE134809","Non-inflamed","B_cell::IgM-only","Epithelial",11,0,0,20
"GSE134809","Non-inflamed","B_cell::IgM-only","Mast",11,0,0,20
"GSE134809","Non-inflamed","B_cell::IgM-only","Mesenchymal_stromal",11,0,0,20
"GSE134809","Non-inflamed","B_cell::IgM-only","Myeloid",11,0,0,20
"GSE134809","Non-inflamed","B_cell::IgM-only","T_NK",11,0,0,20
"GSE134809","Non-inflamed","B_cell::MZ","Endothelial",11,0,0,20
"GSE134809","Non-inflamed","B_cell::MZ","Epithelial",11,0,0,20
"GSE134809","Non-inflamed","B_cell::MZ","Mast",11,0,0,20
"GSE134809","Non-inflamed","B_cell::MZ","Mesenchymal_stromal",11,0,0,20
"GSE134809","Non-inflamed","B_cell::MZ","Myeloid",11,0,0,20
"GSE134809","Non-inflamed","B_cell::MZ","T_NK",11,0,0,20
"GSE134809","Non-inflamed","B_cell::Naïve B","Endothelial",11,4,4,20
"GSE134809","Non-inflamed","B_cell::Naïve B","Epithelial",11,6,6,20
"GSE134809","Non-inflamed","B_cell::Naïve B","Mast",11,3,3,20
"GSE134809","Non-inflamed","B_cell::Naïve B","Mesenchymal_stromal",11,5,5,20
"GSE134809","Non-inflamed","B_cell::Naïve B","Myeloid",11,6,6,20
"GSE134809","Non-inflamed","B_cell::Naïve B","T_NK",11,6,6,20
"GSE134809","Non-inflamed","Plasma::Activated plasma","Endothelial",11,5,5,20
"GSE134809","Non-inflamed","Plasma::Activated plasma","Epithelial",11,8,8,20
"GSE134809","Non-inflamed","Plasma::Activated plasma","Mast",11,4,4,20
"GSE134809","Non-inflamed","Plasma::Activated plasma","Mesenchymal_stromal",11,7,7,20
"GSE134809","Non-inflamed","Plasma::Activated plasma","Myeloid",11,8,8,20
"GSE134809","Non-inflamed","Plasma::Activated plasma","T_NK",11,8,8,20
"GSE134809","Non-inflamed","Plasma::IgA plasma","Endothelial",11,7,7,20
"GSE134809","Non-inflamed","Plasma::IgA plasma","Epithelial",11,11,11,20
"GSE134809","Non-inflamed","Plasma::IgA plasma","Mast",11,5,5,20
"GSE134809","Non-inflamed","Plasma::IgA plasma","Mesenchymal_stromal",11,9,9,20
"GSE134809","Non-inflamed","Plasma::IgA plasma","Myeloid",11,10,10,20
"GSE134809","Non-inflamed","Plasma::IgA plasma","T_NK",11,11,11,20
"GSE134809","Non-inflamed","Plasma::IgG plasma","Endothelial",11,2,2,20
"GSE134809","Non-inflamed","Plasma::IgG plasma","Epithelial",11,3,3,20
"GSE134809","Non-inflamed","Plasma::IgG plasma","Mast",11,2,2,20
"GSE134809","Non-inflamed","Plasma::IgG plasma","Mesenchymal_stromal",11,3,3,20
"GSE134809","Non-inflamed","Plasma::IgG plasma","Myeloid",11,3,3,20
"GSE134809","Non-inflamed","Plasma::IgG plasma","T_NK",11,3,3,20
"GSE134809","Non-inflamed","Plasma::Transitional B","Endothelial",11,0,0,20
"GSE134809","Non-inflamed","Plasma::Transitional B","Epithelial",11,0,0,20
"GSE134809","Non-inflamed","Plasma::Transitional B","Mast",11,0,0,20
"GSE134809","Non-inflamed","Plasma::Transitional B","Mesenchymal_stromal",11,0,0,20
"GSE134809","Non-inflamed","Plasma::Transitional B","Myeloid",11,0,0,20
"GSE134809","Non-inflamed","Plasma::Transitional B","T_NK",11,0,0,20
"GSE134809","Non-inflamed","Endothelial","B_cell::ActB3",11,0,0,20
"GSE134809","Non-inflamed","Endothelial","B_cell::CSM",11,7,7,20
"GSE134809","Non-inflamed","Endothelial","B_cell::Centroblast B",11,0,0,20
"GSE134809","Non-inflamed","Endothelial","B_cell::Centrocyte B",11,1,1,20
"GSE134809","Non-inflamed","Endothelial","B_cell::DN2",11,1,1,20
"GSE134809","Non-inflamed","Endothelial","B_cell::IgM-only",11,0,0,20
"GSE134809","Non-inflamed","Endothelial","B_cell::MZ",11,0,0,20
"GSE134809","Non-inflamed","Endothelial","B_cell::Naïve B",11,4,4,20
"GSE134809","Non-inflamed","Endothelial","Plasma::Activated plasma",11,5,5,20
"GSE134809","Non-inflamed","Endothelial","Plasma::IgA plasma",11,7,7,20
"GSE134809","Non-inflamed","Endothelial","Plasma::IgG plasma",11,2,2,20
"GSE134809","Non-inflamed","Endothelial","Plasma::Transitional B",11,0,0,20
"GSE134809","Non-inflamed","Epithelial","B_cell::ActB3",11,0,0,20
"GSE134809","Non-inflamed","Epithelial","B_cell::CSM",11,10,10,20
"GSE134809","Non-inflamed","Epithelial","B_cell::Centroblast B",11,0,0,20
"GSE134809","Non-inflamed","Epithelial","B_cell::Centrocyte B",11,1,1,20
"GSE134809","Non-inflamed","Epithelial","B_cell::DN2",11,1,1,20
"GSE134809","Non-inflamed","Epithelial","B_cell::IgM-only",11,0,0,20
"GSE134809","Non-inflamed","Epithelial","B_cell::MZ",11,0,0,20
"GSE134809","Non-inflamed","Epithelial","B_cell::Naïve B",11,6,6,20
"GSE134809","Non-inflamed","Epithelial","Plasma::Activated plasma",11,8,8,20
"GSE134809","Non-inflamed","Epithelial","Plasma::IgA plasma",11,11,11,20
"GSE134809","Non-inflamed","Epithelial","Plasma::IgG plasma",11,3,3,20
"GSE134809","Non-inflamed","Epithelial","Plasma::Transitional B",11,0,0,20
"GSE134809","Non-inflamed","Mast","B_cell::ActB3",11,0,0,20
"GSE134809","Non-inflamed","Mast","B_cell::CSM",11,5,5,20
"GSE134809","Non-inflamed","Mast","B_cell::Centroblast B",11,0,0,20
"GSE134809","Non-inflamed","Mast","B_cell::Centrocyte B",11,1,1,20
"GSE134809","Non-inflamed","Mast","B_cell::DN2",11,0,0,20
"GSE134809","Non-inflamed","Mast","B_cell::IgM-only",11,0,0,20
"GSE134809","Non-inflamed","Mast","B_cell::MZ",11,0,0,20
"GSE134809","Non-inflamed","Mast","B_cell::Naïve B",11,3,3,20
"GSE134809","Non-inflamed","Mast","Plasma::Activated plasma",11,4,4,20
"GSE134809","Non-inflamed","Mast","Plasma::IgA plasma",11,5,5,20
"GSE134809","Non-inflamed","Mast","Plasma::IgG plasma",11,2,2,20
"GSE134809","Non-inflamed","Mast","Plasma::Transitional B",11,0,0,20
"GSE134809","Non-inflamed","Mesenchymal_stromal","B_cell::ActB3",11,0,0,20
"GSE134809","Non-inflamed","Mesenchymal_stromal","B_cell::CSM",11,9,9,20
"GSE134809","Non-inflamed","Mesenchymal_stromal","B_cell::Centroblast B",11,0,0,20
"GSE134809","Non-inflamed","Mesenchymal_stromal","B_cell::Centrocyte B",11,1,1,20
"GSE134809","Non-inflamed","Mesenchymal_stromal","B_cell::DN2",11,1,1,20
"GSE134809","Non-inflamed","Mesenchymal_stromal","B_cell::IgM-only",11,0,0,20
"GSE134809","Non-inflamed","Mesenchymal_stromal","B_cell::MZ",11,0,0,20
"GSE134809","Non-inflamed","Mesenchymal_stromal","B_cell::Naïve B",11,5,5,20
"GSE134809","Non-inflamed","Mesenchymal_stromal","Plasma::Activated plasma",11,7,7,20
"GSE134809","Non-inflamed","Mesenchymal_stromal","Plasma::IgA plasma",11,9,9,20
"GSE134809","Non-inflamed","Mesenchymal_stromal","Plasma::IgG plasma",11,3,3,20
"GSE134809","Non-inflamed","Mesenchymal_stromal","Plasma::Transitional B",11,0,0,20
"GSE134809","Non-inflamed","Myeloid","B_cell::ActB3",11,0,0,20
"GSE134809","Non-inflamed","Myeloid","B_cell::CSM",11,10,10,20
"GSE134809","Non-inflamed","Myeloid","B_cell::Centroblast B",11,0,0,20
"GSE134809","Non-inflamed","Myeloid","B_cell::Centrocyte B",11,1,1,20
"GSE134809","Non-inflamed","Myeloid","B_cell::DN2",11,1,1,20
"GSE134809","Non-inflamed","Myeloid","B_cell::IgM-only",11,0,0,20
"GSE134809","Non-inflamed","Myeloid","B_cell::MZ",11,0,0,20
"GSE134809","Non-inflamed","Myeloid","B_cell::Naïve B",11,6,6,20
"GSE134809","Non-inflamed","Myeloid","Plasma::Activated plasma",11,8,8,20
"GSE134809","Non-inflamed","Myeloid","Plasma::IgA plasma",11,10,10,20
"GSE134809","Non-inflamed","Myeloid","Plasma::IgG plasma",11,3,3,20
"GSE134809","Non-inflamed","Myeloid","Plasma::Transitional B",11,0,0,20
"GSE134809","Non-inflamed","T_NK","B_cell::ActB3",11,0,0,20
"GSE134809","Non-inflamed","T_NK","B_cell::CSM",11,10,10,20
"GSE134809","Non-inflamed","T_NK","B_cell::Centroblast B",11,0,0,20
"GSE134809","Non-inflamed","T_NK","B_cell::Centrocyte B",11,1,1,20
"GSE134809","Non-inflamed","T_NK","B_cell::DN2",11,1,1,20
"GSE134809","Non-inflamed","T_NK","B_cell::IgM-only",11,0,0,20
"GSE134809","Non-inflamed","T_NK","B_cell::MZ",11,0,0,20
"GSE134809","Non-inflamed","T_NK","B_cell::Naïve B",11,6,6,20
"GSE134809","Non-inflamed","T_NK","Plasma::Activated plasma",11,8,8,20
"GSE134809","Non-inflamed","T_NK","Plasma::IgA plasma",11,11,11,20
"GSE134809","Non-inflamed","T_NK","Plasma::IgG plasma",11,3,3,20
"GSE134809","Non-inflamed","T_NK","Plasma::Transitional B",11,0,0,20
"JCI2024","Stricture","B_cell::ActB3","Endothelial",6,1,1,20
"JCI2024","Stricture","B_cell::ActB3","Epithelial",6,1,1,20
"JCI2024","Stricture","B_cell::ActB3","Mast",6,1,1,20
"JCI2024","Stricture","B_cell::ActB3","Mesenchymal_stromal",6,1,1,20
"JCI2024","Stricture","B_cell::ActB3","Myeloid",6,1,1,20
"JCI2024","Stricture","B_cell::ActB3","T_NK",6,1,1,20
"JCI2024","Stricture","B_cell::CSM","Endothelial",6,6,6,20
"JCI2024","Stricture","B_cell::CSM","Epithelial",6,6,6,20
"JCI2024","Stricture","B_cell::CSM","Mast",6,6,6,20
"JCI2024","Stricture","B_cell::CSM","Mesenchymal_stromal",6,6,6,20
"JCI2024","Stricture","B_cell::CSM","Myeloid",6,6,6,20
"JCI2024","Stricture","B_cell::CSM","T_NK",6,6,6,20
"JCI2024","Stricture","B_cell::Centroblast B","Endothelial",6,0,0,20
"JCI2024","Stricture","B_cell::Centroblast B","Epithelial",6,0,0,20
"JCI2024","Stricture","B_cell::Centroblast B","Mast",6,0,0,20
"JCI2024","Stricture","B_cell::Centroblast B","Mesenchymal_stromal",6,0,0,20
"JCI2024","Stricture","B_cell::Centroblast B","Myeloid",6,0,0,20
"JCI2024","Stricture","B_cell::Centroblast B","T_NK",6,0,0,20
"JCI2024","Stricture","B_cell::Centrocyte B","Endothelial",6,0,0,20
"JCI2024","Stricture","B_cell::Centrocyte B","Epithelial",6,0,0,20
"JCI2024","Stricture","B_cell::Centrocyte B","Mast",6,0,0,20
"JCI2024","Stricture","B_cell::Centrocyte B","Mesenchymal_stromal",6,0,0,20
"JCI2024","Stricture","B_cell::Centrocyte B","Myeloid",6,0,0,20
"JCI2024","Stricture","B_cell::Centrocyte B","T_NK",6,0,0,20
"JCI2024","Stricture","B_cell::DN2","Endothelial",6,4,4,20
"JCI2024","Stricture","B_cell::DN2","Epithelial",6,4,4,20
"JCI2024","Stricture","B_cell::DN2","Mast",6,4,4,20
"JCI2024","Stricture","B_cell::DN2","Mesenchymal_stromal",6,4,4,20
"JCI2024","Stricture","B_cell::DN2","Myeloid",6,4,4,20
"JCI2024","Stricture","B_cell::DN2","T_NK",6,4,4,20
"JCI2024","Stricture","B_cell::IgM-only","Endothelial",6,3,3,20
"JCI2024","Stricture","B_cell::IgM-only","Epithelial",6,3,3,20
"JCI2024","Stricture","B_cell::IgM-only","Mast",6,3,3,20
"JCI2024","Stricture","B_cell::IgM-only","Mesenchymal_stromal",6,3,3,20
"JCI2024","Stricture","B_cell::IgM-only","Myeloid",6,3,3,20
"JCI2024","Stricture","B_cell::IgM-only","T_NK",6,3,3,20
"JCI2024","Stricture","B_cell::MZ","Endothelial",6,0,0,20
"JCI2024","Stricture","B_cell::MZ","Epithelial",6,0,0,20
"JCI2024","Stricture","B_cell::MZ","Mast",6,0,0,20
"JCI2024","Stricture","B_cell::MZ","Mesenchymal_stromal",6,0,0,20
"JCI2024","Stricture","B_cell::MZ","Myeloid",6,0,0,20
"JCI2024","Stricture","B_cell::MZ","T_NK",6,0,0,20
"JCI2024","Stricture","B_cell::Naïve B","Endothelial",6,5,5,20
"JCI2024","Stricture","B_cell::Naïve B","Epithelial",6,5,5,20
"JCI2024","Stricture","B_cell::Naïve B","Mast",6,5,5,20
"JCI2024","Stricture","B_cell::Naïve B","Mesenchymal_stromal",6,5,5,20
"JCI2024","Stricture","B_cell::Naïve B","Myeloid",6,5,5,20
"JCI2024","Stricture","B_cell::Naïve B","T_NK",6,5,5,20
"JCI2024","Stricture","Plasma::Activated plasma","Endothelial",6,6,6,20
"JCI2024","Stricture","Plasma::Activated plasma","Epithelial",6,6,6,20
"JCI2024","Stricture","Plasma::Activated plasma","Mast",6,6,6,20
"JCI2024","Stricture","Plasma::Activated plasma","Mesenchymal_stromal",6,6,6,20
"JCI2024","Stricture","Plasma::Activated plasma","Myeloid",6,6,6,20
"JCI2024","Stricture","Plasma::Activated plasma","T_NK",6,6,6,20
"JCI2024","Stricture","Plasma::IgA plasma","Endothelial",6,6,6,20
"JCI2024","Stricture","Plasma::IgA plasma","Epithelial",6,6,6,20
"JCI2024","Stricture","Plasma::IgA plasma","Mast",6,6,6,20
"JCI2024","Stricture","Plasma::IgA plasma","Mesenchymal_stromal",6,6,6,20
"JCI2024","Stricture","Plasma::IgA plasma","Myeloid",6,6,6,20
"JCI2024","Stricture","Plasma::IgA plasma","T_NK",6,6,6,20
"JCI2024","Stricture","Plasma::IgG plasma","Endothelial",6,5,5,20
"JCI2024","Stricture","Plasma::IgG plasma","Epithelial",6,5,5,20
"JCI2024","Stricture","Plasma::IgG plasma","Mast",6,5,5,20
"JCI2024","Stricture","Plasma::IgG plasma","Mesenchymal_stromal",6,5,5,20
"JCI2024","Stricture","Plasma::IgG plasma","Myeloid",6,5,5,20
"JCI2024","Stricture","Plasma::IgG plasma","T_NK",6,5,5,20
"JCI2024","Stricture","Plasma::Transitional B","Endothelial",6,0,0,20
"JCI2024","Stricture","Plasma::Transitional B","Epithelial",6,0,0,20
"JCI2024","Stricture","Plasma::Transitional B","Mast",6,0,0,20
"JCI2024","Stricture","Plasma::Transitional B","Mesenchymal_stromal",6,0,0,20
"JCI2024","Stricture","Plasma::Transitional B","Myeloid",6,0,0,20
"JCI2024","Stricture","Plasma::Transitional B","T_NK",6,0,0,20
"JCI2024","Stricture","Endothelial","B_cell::ActB3",6,1,1,20
"JCI2024","Stricture","Endothelial","B_cell::CSM",6,6,6,20
"JCI2024","Stricture","Endothelial","B_cell::Centroblast B",6,0,0,20
"JCI2024","Stricture","Endothelial","B_cell::Centrocyte B",6,0,0,20
"JCI2024","Stricture","Endothelial","B_cell::DN2",6,4,4,20
"JCI2024","Stricture","Endothelial","B_cell::IgM-only",6,3,3,20
"JCI2024","Stricture","Endothelial","B_cell::MZ",6,0,0,20
"JCI2024","Stricture","Endothelial","B_cell::Naïve B",6,5,5,20
"JCI2024","Stricture","Endothelial","Plasma::Activated plasma",6,6,6,20
"JCI2024","Stricture","Endothelial","Plasma::IgA plasma",6,6,6,20
"JCI2024","Stricture","Endothelial","Plasma::IgG plasma",6,5,5,20
"JCI2024","Stricture","Endothelial","Plasma::Transitional B",6,0,0,20
"JCI2024","Stricture","Epithelial","B_cell::ActB3",6,1,1,20
"JCI2024","Stricture","Epithelial","B_cell::CSM",6,6,6,20
"JCI2024","Stricture","Epithelial","B_cell::Centroblast B",6,0,0,20
"JCI2024","Stricture","Epithelial","B_cell::Centrocyte B",6,0,0,20
"JCI2024","Stricture","Epithelial","B_cell::DN2",6,4,4,20
"JCI2024","Stricture","Epithelial","B_cell::IgM-only",6,3,3,20
"JCI2024","Stricture","Epithelial","B_cell::MZ",6,0,0,20
"JCI2024","Stricture","Epithelial","B_cell::Naïve B",6,5,5,20
"JCI2024","Stricture","Epithelial","Plasma::Activated plasma",6,6,6,20
"JCI2024","Stricture","Epithelial","Plasma::IgA plasma",6,6,6,20
"JCI2024","Stricture","Epithelial","Plasma::IgG plasma",6,5,5,20
"JCI2024","Stricture","Epithelial","Plasma::Transitional B",6,0,0,20
"JCI2024","Stricture","Mast","B_cell::ActB3",6,1,1,20
"JCI2024","Stricture","Mast","B_cell::CSM",6,6,6,20
"JCI2024","Stricture","Mast","B_cell::Centroblast B",6,0,0,20
"JCI2024","Stricture","Mast","B_cell::Centrocyte B",6,0,0,20
"JCI2024","Stricture","Mast","B_cell::DN2",6,4,4,20
"JCI2024","Stricture","Mast","B_cell::IgM-only",6,3,3,20
"JCI2024","Stricture","Mast","B_cell::MZ",6,0,0,20
"JCI2024","Stricture","Mast","B_cell::Naïve B",6,5,5,20
"JCI2024","Stricture","Mast","Plasma::Activated plasma",6,6,6,20
"JCI2024","Stricture","Mast","Plasma::IgA plasma",6,6,6,20
"JCI2024","Stricture","Mast","Plasma::IgG plasma",6,5,5,20
"JCI2024","Stricture","Mast","Plasma::Transitional B",6,0,0,20
"JCI2024","Stricture","Mesenchymal_stromal","B_cell::ActB3",6,1,1,20
"JCI2024","Stricture","Mesenchymal_stromal","B_cell::CSM",6,6,6,20
"JCI2024","Stricture","Mesenchymal_stromal","B_cell::Centroblast B",6,0,0,20
"JCI2024","Stricture","Mesenchymal_stromal","B_cell::Centrocyte B",6,0,0,20
"JCI2024","Stricture","Mesenchymal_stromal","B_cell::DN2",6,4,4,20
"JCI2024","Stricture","Mesenchymal_stromal","B_cell::IgM-only",6,3,3,20
"JCI2024","Stricture","Mesenchymal_stromal","B_cell::MZ",6,0,0,20
"JCI2024","Stricture","Mesenchymal_stromal","B_cell::Naïve B",6,5,5,20
"JCI2024","Stricture","Mesenchymal_stromal","Plasma::Activated plasma",6,6,6,20
"JCI2024","Stricture","Mesenchymal_stromal","Plasma::IgA plasma",6,6,6,20
"JCI2024","Stricture","Mesenchymal_stromal","Plasma::IgG plasma",6,5,5,20
"JCI2024","Stricture","Mesenchymal_stromal","Plasma::Transitional B",6,0,0,20
"JCI2024","Stricture","Myeloid","B_cell::ActB3",6,1,1,20
"JCI2024","Stricture","Myeloid","B_cell::CSM",6,6,6,20
"JCI2024","Stricture","Myeloid","B_cell::Centroblast B",6,0,0,20
"JCI2024","Stricture","Myeloid","B_cell::Centrocyte B",6,0,0,20
"JCI2024","Stricture","Myeloid","B_cell::DN2",6,4,4,20
"JCI2024","Stricture","Myeloid","B_cell::IgM-only",6,3,3,20
"JCI2024","Stricture","Myeloid","B_cell::MZ",6,0,0,20
"JCI2024","Stricture","Myeloid","B_cell::Naïve B",6,5,5,20
"JCI2024","Stricture","Myeloid","Plasma::Activated plasma",6,6,6,20
"JCI2024","Stricture","Myeloid","Plasma::IgA plasma",6,6,6,20
"JCI2024","Stricture","Myeloid","Plasma::IgG plasma",6,5,5,20
"JCI2024","Stricture","Myeloid","Plasma::Transitional B",6,0,0,20
"JCI2024","Stricture","T_NK","B_cell::ActB3",6,1,1,20
"JCI2024","Stricture","T_NK","B_cell::CSM",6,6,6,20
"JCI2024","Stricture","T_NK","B_cell::Centroblast B",6,0,0,20
"JCI2024","Stricture","T_NK","B_cell::Centrocyte B",6,0,0,20
"JCI2024","Stricture","T_NK","B_cell::DN2",6,4,4,20
"JCI2024","Stricture","T_NK","B_cell::IgM-only",6,3,3,20
"JCI2024","Stricture","T_NK","B_cell::MZ",6,0,0,20
"JCI2024","Stricture","T_NK","B_cell::Naïve B",6,5,5,20
"JCI2024","Stricture","T_NK","Plasma::Activated plasma",6,6,6,20
"JCI2024","Stricture","T_NK","Plasma::IgA plasma",6,6,6,20
"JCI2024","Stricture","T_NK","Plasma::IgG plasma",6,5,5,20
"JCI2024","Stricture","T_NK","Plasma::Transitional B",6,0,0,20
"JCI2024","Non-stricture","B_cell::ActB3","Endothelial",6,0,0,20
"JCI2024","Non-stricture","B_cell::ActB3","Epithelial",6,0,0,20
"JCI2024","Non-stricture","B_cell::ActB3","Mast",6,0,0,20
"JCI2024","Non-stricture","B_cell::ActB3","Mesenchymal_stromal",6,0,0,20
"JCI2024","Non-stricture","B_cell::ActB3","Myeloid",6,0,0,20
"JCI2024","Non-stricture","B_cell::ActB3","T_NK",6,0,0,20
"JCI2024","Non-stricture","B_cell::CSM","Endothelial",6,5,5,20
"JCI2024","Non-stricture","B_cell::CSM","Epithelial",6,4,4,20
"JCI2024","Non-stricture","B_cell::CSM","Mast",6,5,5,20
"JCI2024","Non-stricture","B_cell::CSM","Mesenchymal_stromal",6,5,5,20
"JCI2024","Non-stricture","B_cell::CSM","Myeloid",6,5,5,20
"JCI2024","Non-stricture","B_cell::CSM","T_NK",6,5,5,20
"JCI2024","Non-stricture","B_cell::Centroblast B","Endothelial",6,0,0,20
"JCI2024","Non-stricture","B_cell::Centroblast B","Epithelial",6,0,0,20
"JCI2024","Non-stricture","B_cell::Centroblast B","Mast",6,0,0,20
"JCI2024","Non-stricture","B_cell::Centroblast B","Mesenchymal_stromal",6,0,0,20
"JCI2024","Non-stricture","B_cell::Centroblast B","Myeloid",6,0,0,20
"JCI2024","Non-stricture","B_cell::Centroblast B","T_NK",6,0,0,20
"JCI2024","Non-stricture","B_cell::Centrocyte B","Endothelial",6,0,0,20
"JCI2024","Non-stricture","B_cell::Centrocyte B","Epithelial",6,0,0,20
"JCI2024","Non-stricture","B_cell::Centrocyte B","Mast",6,0,0,20
"JCI2024","Non-stricture","B_cell::Centrocyte B","Mesenchymal_stromal",6,0,0,20
"JCI2024","Non-stricture","B_cell::Centrocyte B","Myeloid",6,0,0,20
"JCI2024","Non-stricture","B_cell::Centrocyte B","T_NK",6,0,0,20
"JCI2024","Non-stricture","B_cell::DN2","Endothelial",6,3,3,20
"JCI2024","Non-stricture","B_cell::DN2","Epithelial",6,3,3,20
"JCI2024","Non-stricture","B_cell::DN2","Mast",6,3,3,20
"JCI2024","Non-stricture","B_cell::DN2","Mesenchymal_stromal",6,3,3,20
"JCI2024","Non-stricture","B_cell::DN2","Myeloid",6,3,3,20
"JCI2024","Non-stricture","B_cell::DN2","T_NK",6,3,3,20
"JCI2024","Non-stricture","B_cell::IgM-only","Endothelial",6,0,0,20
"JCI2024","Non-stricture","B_cell::IgM-only","Epithelial",6,0,0,20
"JCI2024","Non-stricture","B_cell::IgM-only","Mast",6,0,0,20
"JCI2024","Non-stricture","B_cell::IgM-only","Mesenchymal_stromal",6,0,0,20
"JCI2024","Non-stricture","B_cell::IgM-only","Myeloid",6,0,0,20
"JCI2024","Non-stricture","B_cell::IgM-only","T_NK",6,0,0,20
"JCI2024","Non-stricture","B_cell::MZ","Endothelial",6,0,0,20
"JCI2024","Non-stricture","B_cell::MZ","Epithelial",6,0,0,20
"JCI2024","Non-stricture","B_cell::MZ","Mast",6,0,0,20
"JCI2024","Non-stricture","B_cell::MZ","Mesenchymal_stromal",6,0,0,20
"JCI2024","Non-stricture","B_cell::MZ","Myeloid",6,0,0,20
"JCI2024","Non-stricture","B_cell::MZ","T_NK",6,0,0,20
"JCI2024","Non-stricture","B_cell::Naïve B","Endothelial",6,1,1,20
"JCI2024","Non-stricture","B_cell::Naïve B","Epithelial",6,1,1,20
"JCI2024","Non-stricture","B_cell::Naïve B","Mast",6,1,1,20
"JCI2024","Non-stricture","B_cell::Naïve B","Mesenchymal_stromal",6,1,1,20
"JCI2024","Non-stricture","B_cell::Naïve B","Myeloid",6,1,1,20
"JCI2024","Non-stricture","B_cell::Naïve B","T_NK",6,1,1,20
"JCI2024","Non-stricture","Plasma::Activated plasma","Endothelial",6,6,6,20
"JCI2024","Non-stricture","Plasma::Activated plasma","Epithelial",6,5,5,20
"JCI2024","Non-stricture","Plasma::Activated plasma","Mast",6,6,6,20
"JCI2024","Non-stricture","Plasma::Activated plasma","Mesenchymal_stromal",6,6,6,20
"JCI2024","Non-stricture","Plasma::Activated plasma","Myeloid",6,6,6,20
"JCI2024","Non-stricture","Plasma::Activated plasma","T_NK",6,6,6,20
"JCI2024","Non-stricture","Plasma::IgA plasma","Endothelial",6,6,6,20
"JCI2024","Non-stricture","Plasma::IgA plasma","Epithelial",6,5,5,20
"JCI2024","Non-stricture","Plasma::IgA plasma","Mast",6,6,6,20
"JCI2024","Non-stricture","Plasma::IgA plasma","Mesenchymal_stromal",6,6,6,20
"JCI2024","Non-stricture","Plasma::IgA plasma","Myeloid",6,6,6,20
"JCI2024","Non-stricture","Plasma::IgA plasma","T_NK",6,6,6,20
"JCI2024","Non-stricture","Plasma::IgG plasma","Endothelial",6,0,0,20
"JCI2024","Non-stricture","Plasma::IgG plasma","Epithelial",6,0,0,20
"JCI2024","Non-stricture","Plasma::IgG plasma","Mast",6,0,0,20
"JCI2024","Non-stricture","Plasma::IgG plasma","Mesenchymal_stromal",6,0,0,20
"JCI2024","Non-stricture","Plasma::IgG plasma","Myeloid",6,0,0,20
"JCI2024","Non-stricture","Plasma::IgG plasma","T_NK",6,0,0,20
"JCI2024","Non-stricture","Plasma::Transitional B","Endothelial",6,0,0,20
"JCI2024","Non-stricture","Plasma::Transitional B","Epithelial",6,0,0,20
"JCI2024","Non-stricture","Plasma::Transitional B","Mast",6,0,0,20
"JCI2024","Non-stricture","Plasma::Transitional B","Mesenchymal_stromal",6,0,0,20
"JCI2024","Non-stricture","Plasma::Transitional B","Myeloid",6,0,0,20
"JCI2024","Non-stricture","Plasma::Transitional B","T_NK",6,0,0,20
"JCI2024","Non-stricture","Endothelial","B_cell::ActB3",6,0,0,20
"JCI2024","Non-stricture","Endothelial","B_cell::CSM",6,5,5,20
"JCI2024","Non-stricture","Endothelial","B_cell::Centroblast B",6,0,0,20
"JCI2024","Non-stricture","Endothelial","B_cell::Centrocyte B",6,0,0,20
"JCI2024","Non-stricture","Endothelial","B_cell::DN2",6,3,3,20
"JCI2024","Non-stricture","Endothelial","B_cell::IgM-only",6,0,0,20
"JCI2024","Non-stricture","Endothelial","B_cell::MZ",6,0,0,20
"JCI2024","Non-stricture","Endothelial","B_cell::Naïve B",6,1,1,20
"JCI2024","Non-stricture","Endothelial","Plasma::Activated plasma",6,6,6,20
"JCI2024","Non-stricture","Endothelial","Plasma::IgA plasma",6,6,6,20
"JCI2024","Non-stricture","Endothelial","Plasma::IgG plasma",6,0,0,20
"JCI2024","Non-stricture","Endothelial","Plasma::Transitional B",6,0,0,20
"JCI2024","Non-stricture","Epithelial","B_cell::ActB3",6,0,0,20
"JCI2024","Non-stricture","Epithelial","B_cell::CSM",6,4,4,20
"JCI2024","Non-stricture","Epithelial","B_cell::Centroblast B",6,0,0,20
"JCI2024","Non-stricture","Epithelial","B_cell::Centrocyte B",6,0,0,20
"JCI2024","Non-stricture","Epithelial","B_cell::DN2",6,3,3,20
"JCI2024","Non-stricture","Epithelial","B_cell::IgM-only",6,0,0,20
"JCI2024","Non-stricture","Epithelial","B_cell::MZ",6,0,0,20
"JCI2024","Non-stricture","Epithelial","B_cell::Naïve B",6,1,1,20
"JCI2024","Non-stricture","Epithelial","Plasma::Activated plasma",6,5,5,20
"JCI2024","Non-stricture","Epithelial","Plasma::IgA plasma",6,5,5,20
"JCI2024","Non-stricture","Epithelial","Plasma::IgG plasma",6,0,0,20
"JCI2024","Non-stricture","Epithelial","Plasma::Transitional B",6,0,0,20
"JCI2024","Non-stricture","Mast","B_cell::ActB3",6,0,0,20
"JCI2024","Non-stricture","Mast","B_cell::CSM",6,5,5,20
"JCI2024","Non-stricture","Mast","B_cell::Centroblast B",6,0,0,20
"JCI2024","Non-stricture","Mast","B_cell::Centrocyte B",6,0,0,20
"JCI2024","Non-stricture","Mast","B_cell::DN2",6,3,3,20
"JCI2024","Non-stricture","Mast","B_cell::IgM-only",6,0,0,20
"JCI2024","Non-stricture","Mast","B_cell::MZ",6,0,0,20
"JCI2024","Non-stricture","Mast","B_cell::Naïve B",6,1,1,20
"JCI2024","Non-stricture","Mast","Plasma::Activated plasma",6,6,6,20
"JCI2024","Non-stricture","Mast","Plasma::IgA plasma",6,6,6,20
"JCI2024","Non-stricture","Mast","Plasma::IgG plasma",6,0,0,20
"JCI2024","Non-stricture","Mast","Plasma::Transitional B",6,0,0,20
"JCI2024","Non-stricture","Mesenchymal_stromal","B_cell::ActB3",6,0,0,20
"JCI2024","Non-stricture","Mesenchymal_stromal","B_cell::CSM",6,5,5,20
"JCI2024","Non-stricture","Mesenchymal_stromal","B_cell::Centroblast B",6,0,0,20
"JCI2024","Non-stricture","Mesenchymal_stromal","B_cell::Centrocyte B",6,0,0,20
"JCI2024","Non-stricture","Mesenchymal_stromal","B_cell::DN2",6,3,3,20
"JCI2024","Non-stricture","Mesenchymal_stromal","B_cell::IgM-only",6,0,0,20
"JCI2024","Non-stricture","Mesenchymal_stromal","B_cell::MZ",6,0,0,20
"JCI2024","Non-stricture","Mesenchymal_stromal","B_cell::Naïve B",6,1,1,20
"JCI2024","Non-stricture","Mesenchymal_stromal","Plasma::Activated plasma",6,6,6,20
"JCI2024","Non-stricture","Mesenchymal_stromal","Plasma::IgA plasma",6,6,6,20
"JCI2024","Non-stricture","Mesenchymal_stromal","Plasma::IgG plasma",6,0,0,20
"JCI2024","Non-stricture","Mesenchymal_stromal","Plasma::Transitional B",6,0,0,20
"JCI2024","Non-stricture","Myeloid","B_cell::ActB3",6,0,0,20
"JCI2024","Non-stricture","Myeloid","B_cell::CSM",6,5,5,20
"JCI2024","Non-stricture","Myeloid","B_cell::Centroblast B",6,0,0,20
"JCI2024","Non-stricture","Myeloid","B_cell::Centrocyte B",6,0,0,20
"JCI2024","Non-stricture","Myeloid","B_cell::DN2",6,3,3,20
"JCI2024","Non-stricture","Myeloid","B_cell::IgM-only",6,0,0,20
"JCI2024","Non-stricture","Myeloid","B_cell::MZ",6,0,0,20
"JCI2024","Non-stricture","Myeloid","B_cell::Naïve B",6,1,1,20
"JCI2024","Non-stricture","Myeloid","Plasma::Activated plasma",6,6,6,20
"JCI2024","Non-stricture","Myeloid","Plasma::IgA plasma",6,6,6,20
"JCI2024","Non-stricture","Myeloid","Plasma::IgG plasma",6,0,0,20
"JCI2024","Non-stricture","Myeloid","Plasma::Transitional B",6,0,0,20
"JCI2024","Non-stricture","T_NK","B_cell::ActB3",6,0,0,20
"JCI2024","Non-stricture","T_NK","B_cell::CSM",6,5,5,20
"JCI2024","Non-stricture","T_NK","B_cell::Centroblast B",6,0,0,20
"JCI2024","Non-stricture","T_NK","B_cell::Centrocyte B",6,0,0,20
"JCI2024","Non-stricture","T_NK","B_cell::DN2",6,3,3,20
"JCI2024","Non-stricture","T_NK","B_cell::IgM-only",6,0,0,20
"JCI2024","Non-stricture","T_NK","B_cell::MZ",6,0,0,20
"JCI2024","Non-stricture","T_NK","B_cell::Naïve B",6,1,1,20
"JCI2024","Non-stricture","T_NK","Plasma::Activated plasma",6,6,6,20
"JCI2024","Non-stricture","T_NK","Plasma::IgA plasma",6,6,6,20
"JCI2024","Non-stricture","T_NK","Plasma::IgG plasma",6,0,0,20
"JCI2024","Non-stricture","T_NK","Plasma::Transitional B",6,0,0,20
"SCP1884","Inflamed","B_cell::ActB3","Endothelial",12,0,0,20
"SCP1884","Inflamed","B_cell::ActB3","Epithelial",12,0,0,20
"SCP1884","Inflamed","B_cell::ActB3","Mast",12,0,0,20
"SCP1884","Inflamed","B_cell::ActB3","Mesenchymal_stromal",12,0,0,20
"SCP1884","Inflamed","B_cell::ActB3","Myeloid",12,0,0,20
"SCP1884","Inflamed","B_cell::ActB3","T_NK",12,0,0,20
"SCP1884","Inflamed","B_cell::CSM","Endothelial",12,5,5,20
"SCP1884","Inflamed","B_cell::CSM","Epithelial",12,5,5,20
"SCP1884","Inflamed","B_cell::CSM","Mast",12,3,3,20
"SCP1884","Inflamed","B_cell::CSM","Mesenchymal_stromal",12,5,5,20
"SCP1884","Inflamed","B_cell::CSM","Myeloid",12,5,5,20
"SCP1884","Inflamed","B_cell::CSM","T_NK",12,5,5,20
"SCP1884","Inflamed","B_cell::Centroblast B","Endothelial",12,2,2,20
"SCP1884","Inflamed","B_cell::Centroblast B","Epithelial",12,2,2,20
"SCP1884","Inflamed","B_cell::Centroblast B","Mast",12,2,2,20
"SCP1884","Inflamed","B_cell::Centroblast B","Mesenchymal_stromal",12,2,2,20
"SCP1884","Inflamed","B_cell::Centroblast B","Myeloid",12,2,2,20
"SCP1884","Inflamed","B_cell::Centroblast B","T_NK",12,2,2,20
"SCP1884","Inflamed","B_cell::Centrocyte B","Endothelial",12,1,1,20
"SCP1884","Inflamed","B_cell::Centrocyte B","Epithelial",12,1,1,20
"SCP1884","Inflamed","B_cell::Centrocyte B","Mast",12,1,1,20
"SCP1884","Inflamed","B_cell::Centrocyte B","Mesenchymal_stromal",12,1,1,20
"SCP1884","Inflamed","B_cell::Centrocyte B","Myeloid",12,1,1,20
"SCP1884","Inflamed","B_cell::Centrocyte B","T_NK",12,1,1,20
"SCP1884","Inflamed","B_cell::DN2","Endothelial",12,2,2,20
"SCP1884","Inflamed","B_cell::DN2","Epithelial",12,2,2,20
"SCP1884","Inflamed","B_cell::DN2","Mast",12,2,2,20
"SCP1884","Inflamed","B_cell::DN2","Mesenchymal_stromal",12,2,2,20
"SCP1884","Inflamed","B_cell::DN2","Myeloid",12,2,2,20
"SCP1884","Inflamed","B_cell::DN2","T_NK",12,2,2,20
"SCP1884","Inflamed","B_cell::IgM-only","Endothelial",12,2,2,20
"SCP1884","Inflamed","B_cell::IgM-only","Epithelial",12,2,2,20
"SCP1884","Inflamed","B_cell::IgM-only","Mast",12,2,2,20
"SCP1884","Inflamed","B_cell::IgM-only","Mesenchymal_stromal",12,2,2,20
"SCP1884","Inflamed","B_cell::IgM-only","Myeloid",12,2,2,20
"SCP1884","Inflamed","B_cell::IgM-only","T_NK",12,2,2,20
"SCP1884","Inflamed","B_cell::MZ","Endothelial",12,1,1,20
"SCP1884","Inflamed","B_cell::MZ","Epithelial",12,1,1,20
"SCP1884","Inflamed","B_cell::MZ","Mast",12,1,1,20
"SCP1884","Inflamed","B_cell::MZ","Mesenchymal_stromal",12,1,1,20
"SCP1884","Inflamed","B_cell::MZ","Myeloid",12,1,1,20
"SCP1884","Inflamed","B_cell::MZ","T_NK",12,1,1,20
"SCP1884","Inflamed","B_cell::Naïve B","Endothelial",12,3,3,20
"SCP1884","Inflamed","B_cell::Naïve B","Epithelial",12,3,3,20
"SCP1884","Inflamed","B_cell::Naïve B","Mast",12,3,3,20
"SCP1884","Inflamed","B_cell::Naïve B","Mesenchymal_stromal",12,3,3,20
"SCP1884","Inflamed","B_cell::Naïve B","Myeloid",12,3,3,20
"SCP1884","Inflamed","B_cell::Naïve B","T_NK",12,3,3,20
"SCP1884","Inflamed","Plasma::Activated plasma","Endothelial",12,7,7,20
"SCP1884","Inflamed","Plasma::Activated plasma","Epithelial",12,7,7,20
"SCP1884","Inflamed","Plasma::Activated plasma","Mast",12,8,8,20
"SCP1884","Inflamed","Plasma::Activated plasma","Mesenchymal_stromal",12,8,8,20
"SCP1884","Inflamed","Plasma::Activated plasma","Myeloid",12,8,8,20
"SCP1884","Inflamed","Plasma::Activated plasma","T_NK",12,8,8,20
"SCP1884","Inflamed","Plasma::IgA plasma","Endothelial",12,8,8,20
"SCP1884","Inflamed","Plasma::IgA plasma","Epithelial",12,9,9,20
"SCP1884","Inflamed","Plasma::IgA plasma","Mast",12,7,7,20
"SCP1884","Inflamed","Plasma::IgA plasma","Mesenchymal_stromal",12,10,10,20
"SCP1884","Inflamed","Plasma::IgA plasma","Myeloid",12,10,10,20
"SCP1884","Inflamed","Plasma::IgA plasma","T_NK",12,10,10,20
"SCP1884","Inflamed","Plasma::IgG plasma","Endothelial",12,2,2,20
"SCP1884","Inflamed","Plasma::IgG plasma","Epithelial",12,2,2,20
"SCP1884","Inflamed","Plasma::IgG plasma","Mast",12,2,2,20
"SCP1884","Inflamed","Plasma::IgG plasma","Mesenchymal_stromal",12,2,2,20
"SCP1884","Inflamed","Plasma::IgG plasma","Myeloid",12,2,2,20
"SCP1884","Inflamed","Plasma::IgG plasma","T_NK",12,2,2,20
"SCP1884","Inflamed","Plasma::Transitional B","Endothelial",12,0,0,20
"SCP1884","Inflamed","Plasma::Transitional B","Epithelial",12,0,0,20
"SCP1884","Inflamed","Plasma::Transitional B","Mast",12,0,0,20
"SCP1884","Inflamed","Plasma::Transitional B","Mesenchymal_stromal",12,0,0,20
"SCP1884","Inflamed","Plasma::Transitional B","Myeloid",12,0,0,20
"SCP1884","Inflamed","Plasma::Transitional B","T_NK",12,0,0,20
"SCP1884","Inflamed","Endothelial","B_cell::ActB3",12,0,0,20
"SCP1884","Inflamed","Endothelial","B_cell::CSM",12,5,5,20
"SCP1884","Inflamed","Endothelial","B_cell::Centroblast B",12,2,2,20
"SCP1884","Inflamed","Endothelial","B_cell::Centrocyte B",12,1,1,20
"SCP1884","Inflamed","Endothelial","B_cell::DN2",12,2,2,20
"SCP1884","Inflamed","Endothelial","B_cell::IgM-only",12,2,2,20
"SCP1884","Inflamed","Endothelial","B_cell::MZ",12,1,1,20
"SCP1884","Inflamed","Endothelial","B_cell::Naïve B",12,3,3,20
"SCP1884","Inflamed","Endothelial","Plasma::Activated plasma",12,7,7,20
"SCP1884","Inflamed","Endothelial","Plasma::IgA plasma",12,8,8,20
"SCP1884","Inflamed","Endothelial","Plasma::IgG plasma",12,2,2,20
"SCP1884","Inflamed","Endothelial","Plasma::Transitional B",12,0,0,20
"SCP1884","Inflamed","Epithelial","B_cell::ActB3",12,0,0,20
"SCP1884","Inflamed","Epithelial","B_cell::CSM",12,5,5,20
"SCP1884","Inflamed","Epithelial","B_cell::Centroblast B",12,2,2,20
"SCP1884","Inflamed","Epithelial","B_cell::Centrocyte B",12,1,1,20
"SCP1884","Inflamed","Epithelial","B_cell::DN2",12,2,2,20
"SCP1884","Inflamed","Epithelial","B_cell::IgM-only",12,2,2,20
"SCP1884","Inflamed","Epithelial","B_cell::MZ",12,1,1,20
"SCP1884","Inflamed","Epithelial","B_cell::Naïve B",12,3,3,20
"SCP1884","Inflamed","Epithelial","Plasma::Activated plasma",12,7,7,20
"SCP1884","Inflamed","Epithelial","Plasma::IgA plasma",12,9,9,20
"SCP1884","Inflamed","Epithelial","Plasma::IgG plasma",12,2,2,20
"SCP1884","Inflamed","Epithelial","Plasma::Transitional B",12,0,0,20
"SCP1884","Inflamed","Mast","B_cell::ActB3",12,0,0,20
"SCP1884","Inflamed","Mast","B_cell::CSM",12,3,3,20
"SCP1884","Inflamed","Mast","B_cell::Centroblast B",12,2,2,20
"SCP1884","Inflamed","Mast","B_cell::Centrocyte B",12,1,1,20
"SCP1884","Inflamed","Mast","B_cell::DN2",12,2,2,20
"SCP1884","Inflamed","Mast","B_cell::IgM-only",12,2,2,20
"SCP1884","Inflamed","Mast","B_cell::MZ",12,1,1,20
"SCP1884","Inflamed","Mast","B_cell::Naïve B",12,3,3,20
"SCP1884","Inflamed","Mast","Plasma::Activated plasma",12,8,8,20
"SCP1884","Inflamed","Mast","Plasma::IgA plasma",12,7,7,20
"SCP1884","Inflamed","Mast","Plasma::IgG plasma",12,2,2,20
"SCP1884","Inflamed","Mast","Plasma::Transitional B",12,0,0,20
"SCP1884","Inflamed","Mesenchymal_stromal","B_cell::ActB3",12,0,0,20
"SCP1884","Inflamed","Mesenchymal_stromal","B_cell::CSM",12,5,5,20
"SCP1884","Inflamed","Mesenchymal_stromal","B_cell::Centroblast B",12,2,2,20
"SCP1884","Inflamed","Mesenchymal_stromal","B_cell::Centrocyte B",12,1,1,20
"SCP1884","Inflamed","Mesenchymal_stromal","B_cell::DN2",12,2,2,20
"SCP1884","Inflamed","Mesenchymal_stromal","B_cell::IgM-only",12,2,2,20
"SCP1884","Inflamed","Mesenchymal_stromal","B_cell::MZ",12,1,1,20
"SCP1884","Inflamed","Mesenchymal_stromal","B_cell::Naïve B",12,3,3,20
"SCP1884","Inflamed","Mesenchymal_stromal","Plasma::Activated plasma",12,8,8,20
"SCP1884","Inflamed","Mesenchymal_stromal","Plasma::IgA plasma",12,10,10,20
"SCP1884","Inflamed","Mesenchymal_stromal","Plasma::IgG plasma",12,2,2,20
"SCP1884","Inflamed","Mesenchymal_stromal","Plasma::Transitional B",12,0,0,20
"SCP1884","Inflamed","Myeloid","B_cell::ActB3",12,0,0,20
"SCP1884","Inflamed","Myeloid","B_cell::CSM",12,5,5,20
"SCP1884","Inflamed","Myeloid","B_cell::Centroblast B",12,2,2,20
"SCP1884","Inflamed","Myeloid","B_cell::Centrocyte B",12,1,1,20
"SCP1884","Inflamed","Myeloid","B_cell::DN2",12,2,2,20
"SCP1884","Inflamed","Myeloid","B_cell::IgM-only",12,2,2,20
"SCP1884","Inflamed","Myeloid","B_cell::MZ",12,1,1,20
"SCP1884","Inflamed","Myeloid","B_cell::Naïve B",12,3,3,20
"SCP1884","Inflamed","Myeloid","Plasma::Activated plasma",12,8,8,20
"SCP1884","Inflamed","Myeloid","Plasma::IgA plasma",12,10,10,20
"SCP1884","Inflamed","Myeloid","Plasma::IgG plasma",12,2,2,20
"SCP1884","Inflamed","Myeloid","Plasma::Transitional B",12,0,0,20
"SCP1884","Inflamed","T_NK","B_cell::ActB3",12,0,0,20
"SCP1884","Inflamed","T_NK","B_cell::CSM",12,5,5,20
"SCP1884","Inflamed","T_NK","B_cell::Centroblast B",12,2,2,20
"SCP1884","Inflamed","T_NK","B_cell::Centrocyte B",12,1,1,20
"SCP1884","Inflamed","T_NK","B_cell::DN2",12,2,2,20
"SCP1884","Inflamed","T_NK","B_cell::IgM-only",12,2,2,20
"SCP1884","Inflamed","T_NK","B_cell::MZ",12,1,1,20
"SCP1884","Inflamed","T_NK","B_cell::Naïve B",12,3,3,20
"SCP1884","Inflamed","T_NK","Plasma::Activated plasma",12,8,8,20
"SCP1884","Inflamed","T_NK","Plasma::IgA plasma",12,10,10,20
"SCP1884","Inflamed","T_NK","Plasma::IgG plasma",12,2,2,20
"SCP1884","Inflamed","T_NK","Plasma::Transitional B",12,0,0,20
"SCP1884","Non-inflamed","B_cell::ActB3","Endothelial",26,4,4,20
"SCP1884","Non-inflamed","B_cell::ActB3","Epithelial",26,4,4,20
"SCP1884","Non-inflamed","B_cell::ActB3","Mast",26,3,3,20
"SCP1884","Non-inflamed","B_cell::ActB3","Mesenchymal_stromal",26,4,4,20
"SCP1884","Non-inflamed","B_cell::ActB3","Myeloid",26,4,4,20
"SCP1884","Non-inflamed","B_cell::ActB3","T_NK",26,4,4,20
"SCP1884","Non-inflamed","B_cell::CSM","Endothelial",26,20,20,20
"SCP1884","Non-inflamed","B_cell::CSM","Epithelial",26,20,20,20
"SCP1884","Non-inflamed","B_cell::CSM","Mast",26,18,18,20
"SCP1884","Non-inflamed","B_cell::CSM","Mesenchymal_stromal",26,20,20,20
"SCP1884","Non-inflamed","B_cell::CSM","Myeloid",26,20,20,20
"SCP1884","Non-inflamed","B_cell::CSM","T_NK",26,20,20,20
"SCP1884","Non-inflamed","B_cell::Centroblast B","Endothelial",26,5,5,20
"SCP1884","Non-inflamed","B_cell::Centroblast B","Epithelial",26,5,5,20
"SCP1884","Non-inflamed","B_cell::Centroblast B","Mast",26,5,5,20
"SCP1884","Non-inflamed","B_cell::Centroblast B","Mesenchymal_stromal",26,5,5,20
"SCP1884","Non-inflamed","B_cell::Centroblast B","Myeloid",26,5,5,20
"SCP1884","Non-inflamed","B_cell::Centroblast B","T_NK",26,5,5,20
"SCP1884","Non-inflamed","B_cell::Centrocyte B","Endothelial",26,4,4,20
"SCP1884","Non-inflamed","B_cell::Centrocyte B","Epithelial",26,4,4,20
"SCP1884","Non-inflamed","B_cell::Centrocyte B","Mast",26,4,4,20
"SCP1884","Non-inflamed","B_cell::Centrocyte B","Mesenchymal_stromal",26,4,4,20
"SCP1884","Non-inflamed","B_cell::Centrocyte B","Myeloid",26,4,4,20
"SCP1884","Non-inflamed","B_cell::Centrocyte B","T_NK",26,4,4,20
"SCP1884","Non-inflamed","B_cell::DN2","Endothelial",26,8,8,20
"SCP1884","Non-inflamed","B_cell::DN2","Epithelial",26,8,8,20
"SCP1884","Non-inflamed","B_cell::DN2","Mast",26,8,8,20
"SCP1884","Non-inflamed","B_cell::DN2","Mesenchymal_stromal",26,8,8,20
"SCP1884","Non-inflamed","B_cell::DN2","Myeloid",26,8,8,20
"SCP1884","Non-inflamed","B_cell::DN2","T_NK",26,8,8,20
"SCP1884","Non-inflamed","B_cell::IgM-only","Endothelial",26,2,2,20
"SCP1884","Non-inflamed","B_cell::IgM-only","Epithelial",26,2,2,20
"SCP1884","Non-inflamed","B_cell::IgM-only","Mast",26,2,2,20
"SCP1884","Non-inflamed","B_cell::IgM-only","Mesenchymal_stromal",26,2,2,20
"SCP1884","Non-inflamed","B_cell::IgM-only","Myeloid",26,2,2,20
"SCP1884","Non-inflamed","B_cell::IgM-only","T_NK",26,2,2,20
"SCP1884","Non-inflamed","B_cell::MZ","Endothelial",26,4,4,20
"SCP1884","Non-inflamed","B_cell::MZ","Epithelial",26,4,4,20
"SCP1884","Non-inflamed","B_cell::MZ","Mast",26,4,4,20
"SCP1884","Non-inflamed","B_cell::MZ","Mesenchymal_stromal",26,4,4,20
"SCP1884","Non-inflamed","B_cell::MZ","Myeloid",26,4,4,20
"SCP1884","Non-inflamed","B_cell::MZ","T_NK",26,4,4,20
"SCP1884","Non-inflamed","B_cell::Naïve B","Endothelial",26,10,10,20
"SCP1884","Non-inflamed","B_cell::Naïve B","Epithelial",26,10,10,20
"SCP1884","Non-inflamed","B_cell::Naïve B","Mast",26,9,9,20
"SCP1884","Non-inflamed","B_cell::Naïve B","Mesenchymal_stromal",26,10,10,20
"SCP1884","Non-inflamed","B_cell::Naïve B","Myeloid",26,10,10,20
"SCP1884","Non-inflamed","B_cell::Naïve B","T_NK",26,10,10,20
"SCP1884","Non-inflamed","Plasma::Activated plasma","Endothelial",26,23,23,20
"SCP1884","Non-inflamed","Plasma::Activated plasma","Epithelial",26,23,23,20
"SCP1884","Non-inflamed","Plasma::Activated plasma","Mast",26,21,21,20
"SCP1884","Non-inflamed","Plasma::Activated plasma","Mesenchymal_stromal",26,23,23,20
"SCP1884","Non-inflamed","Plasma::Activated plasma","Myeloid",26,23,23,20
"SCP1884","Non-inflamed","Plasma::Activated plasma","T_NK",26,23,23,20
"SCP1884","Non-inflamed","Plasma::IgA plasma","Endothelial",26,22,22,20
"SCP1884","Non-inflamed","Plasma::IgA plasma","Epithelial",26,22,22,20
"SCP1884","Non-inflamed","Plasma::IgA plasma","Mast",26,18,18,20
"SCP1884","Non-inflamed","Plasma::IgA plasma","Mesenchymal_stromal",26,22,22,20
"SCP1884","Non-inflamed","Plasma::IgA plasma","Myeloid",26,22,22,20
"SCP1884","Non-inflamed","Plasma::IgA plasma","T_NK",26,22,22,20
"SCP1884","Non-inflamed","Plasma::IgG plasma","Endothelial",26,3,3,20
"SCP1884","Non-inflamed","Plasma::IgG plasma","Epithelial",26,3,3,20
"SCP1884","Non-inflamed","Plasma::IgG plasma","Mast",26,3,3,20
"SCP1884","Non-inflamed","Plasma::IgG plasma","Mesenchymal_stromal",26,3,3,20
"SCP1884","Non-inflamed","Plasma::IgG plasma","Myeloid",26,3,3,20
"SCP1884","Non-inflamed","Plasma::IgG plasma","T_NK",26,3,3,20
"SCP1884","Non-inflamed","Plasma::Transitional B","Endothelial",26,2,2,20
"SCP1884","Non-inflamed","Plasma::Transitional B","Epithelial",26,2,2,20
"SCP1884","Non-inflamed","Plasma::Transitional B","Mast",26,2,2,20
"SCP1884","Non-inflamed","Plasma::Transitional B","Mesenchymal_stromal",26,2,2,20
"SCP1884","Non-inflamed","Plasma::Transitional B","Myeloid",26,2,2,20
"SCP1884","Non-inflamed","Plasma::Transitional B","T_NK",26,2,2,20
"SCP1884","Non-inflamed","Endothelial","B_cell::ActB3",26,4,4,20
"SCP1884","Non-inflamed","Endothelial","B_cell::CSM",26,20,20,20
"SCP1884","Non-inflamed","Endothelial","B_cell::Centroblast B",26,5,5,20
"SCP1884","Non-inflamed","Endothelial","B_cell::Centrocyte B",26,4,4,20
"SCP1884","Non-inflamed","Endothelial","B_cell::DN2",26,8,8,20
"SCP1884","Non-inflamed","Endothelial","B_cell::IgM-only",26,2,2,20
"SCP1884","Non-inflamed","Endothelial","B_cell::MZ",26,4,4,20
"SCP1884","Non-inflamed","Endothelial","B_cell::Naïve B",26,10,10,20
"SCP1884","Non-inflamed","Endothelial","Plasma::Activated plasma",26,23,23,20
"SCP1884","Non-inflamed","Endothelial","Plasma::IgA plasma",26,22,22,20
"SCP1884","Non-inflamed","Endothelial","Plasma::IgG plasma",26,3,3,20
"SCP1884","Non-inflamed","Endothelial","Plasma::Transitional B",26,2,2,20
"SCP1884","Non-inflamed","Epithelial","B_cell::ActB3",26,4,4,20
"SCP1884","Non-inflamed","Epithelial","B_cell::CSM",26,20,20,20
"SCP1884","Non-inflamed","Epithelial","B_cell::Centroblast B",26,5,5,20
"SCP1884","Non-inflamed","Epithelial","B_cell::Centrocyte B",26,4,4,20
"SCP1884","Non-inflamed","Epithelial","B_cell::DN2",26,8,8,20
"SCP1884","Non-inflamed","Epithelial","B_cell::IgM-only",26,2,2,20
"SCP1884","Non-inflamed","Epithelial","B_cell::MZ",26,4,4,20
"SCP1884","Non-inflamed","Epithelial","B_cell::Naïve B",26,10,10,20
"SCP1884","Non-inflamed","Epithelial","Plasma::Activated plasma",26,23,23,20
"SCP1884","Non-inflamed","Epithelial","Plasma::IgA plasma",26,22,22,20
"SCP1884","Non-inflamed","Epithelial","Plasma::IgG plasma",26,3,3,20
"SCP1884","Non-inflamed","Epithelial","Plasma::Transitional B",26,2,2,20
"SCP1884","Non-inflamed","Mast","B_cell::ActB3",26,3,3,20
"SCP1884","Non-inflamed","Mast","B_cell::CSM",26,18,18,20
"SCP1884","Non-inflamed","Mast","B_cell::Centroblast B",26,5,5,20
"SCP1884","Non-inflamed","Mast","B_cell::Centrocyte B",26,4,4,20
"SCP1884","Non-inflamed","Mast","B_cell::DN2",26,8,8,20
"SCP1884","Non-inflamed","Mast","B_cell::IgM-only",26,2,2,20
"SCP1884","Non-inflamed","Mast","B_cell::MZ",26,4,4,20
"SCP1884","Non-inflamed","Mast","B_cell::Naïve B",26,9,9,20
"SCP1884","Non-inflamed","Mast","Plasma::Activated plasma",26,21,21,20
"SCP1884","Non-inflamed","Mast","Plasma::IgA plasma",26,18,18,20
"SCP1884","Non-inflamed","Mast","Plasma::IgG plasma",26,3,3,20
"SCP1884","Non-inflamed","Mast","Plasma::Transitional B",26,2,2,20
"SCP1884","Non-inflamed","Mesenchymal_stromal","B_cell::ActB3",26,4,4,20
"SCP1884","Non-inflamed","Mesenchymal_stromal","B_cell::CSM",26,20,20,20
"SCP1884","Non-inflamed","Mesenchymal_stromal","B_cell::Centroblast B",26,5,5,20
"SCP1884","Non-inflamed","Mesenchymal_stromal","B_cell::Centrocyte B",26,4,4,20
"SCP1884","Non-inflamed","Mesenchymal_stromal","B_cell::DN2",26,8,8,20
"SCP1884","Non-inflamed","Mesenchymal_stromal","B_cell::IgM-only",26,2,2,20
"SCP1884","Non-inflamed","Mesenchymal_stromal","B_cell::MZ",26,4,4,20
"SCP1884","Non-inflamed","Mesenchymal_stromal","B_cell::Naïve B",26,10,10,20
"SCP1884","Non-inflamed","Mesenchymal_stromal","Plasma::Activated plasma",26,23,23,20
"SCP1884","Non-inflamed","Mesenchymal_stromal","Plasma::IgA plasma",26,22,22,20
"SCP1884","Non-inflamed","Mesenchymal_stromal","Plasma::IgG plasma",26,3,3,20
"SCP1884","Non-inflamed","Mesenchymal_stromal","Plasma::Transitional B",26,2,2,20
"SCP1884","Non-inflamed","Myeloid","B_cell::ActB3",26,4,4,20
"SCP1884","Non-inflamed","Myeloid","B_cell::CSM",26,20,20,20
"SCP1884","Non-inflamed","Myeloid","B_cell::Centroblast B",26,5,5,20
"SCP1884","Non-inflamed","Myeloid","B_cell::Centrocyte B",26,4,4,20
"SCP1884","Non-inflamed","Myeloid","B_cell::DN2",26,8,8,20
"SCP1884","Non-inflamed","Myeloid","B_cell::IgM-only",26,2,2,20
"SCP1884","Non-inflamed","Myeloid","B_cell::MZ",26,4,4,20
"SCP1884","Non-inflamed","Myeloid","B_cell::Naïve B",26,10,10,20
"SCP1884","Non-inflamed","Myeloid","Plasma::Activated plasma",26,23,23,20
"SCP1884","Non-inflamed","Myeloid","Plasma::IgA plasma",26,22,22,20
"SCP1884","Non-inflamed","Myeloid","Plasma::IgG plasma",26,3,3,20
"SCP1884","Non-inflamed","Myeloid","Plasma::Transitional B",26,2,2,20
"SCP1884","Non-inflamed","T_NK","B_cell::ActB3",26,4,4,20
"SCP1884","Non-inflamed","T_NK","B_cell::CSM",26,20,20,20
"SCP1884","Non-inflamed","T_NK","B_cell::Centroblast B",26,5,5,20
"SCP1884","Non-inflamed","T_NK","B_cell::Centrocyte B",26,4,4,20
"SCP1884","Non-inflamed","T_NK","B_cell::DN2",26,8,8,20
"SCP1884","Non-inflamed","T_NK","B_cell::IgM-only",26,2,2,20
"SCP1884","Non-inflamed","T_NK","B_cell::MZ",26,4,4,20
"SCP1884","Non-inflamed","T_NK","B_cell::Naïve B",26,10,10,20
"SCP1884","Non-inflamed","T_NK","Plasma::Activated plasma",26,23,23,20
"SCP1884","Non-inflamed","T_NK","Plasma::IgA plasma",26,22,22,20
"SCP1884","Non-inflamed","T_NK","Plasma::IgG plasma",26,3,3,20
"SCP1884","Non-inflamed","T_NK","Plasma::Transitional B",26,2,2,20
"SCP1884","Control","B_cell::ActB3","Endothelial",10,0,0,20
"SCP1884","Control","B_cell::ActB3","Epithelial",10,0,0,20
"SCP1884","Control","B_cell::ActB3","Mast",10,0,0,20
"SCP1884","Control","B_cell::ActB3","Mesenchymal_stromal",10,0,0,20
"SCP1884","Control","B_cell::ActB3","Myeloid",10,0,0,20
"SCP1884","Control","B_cell::ActB3","T_NK",10,0,0,20
"SCP1884","Control","B_cell::CSM","Endothelial",10,5,5,20
"SCP1884","Control","B_cell::CSM","Epithelial",10,6,6,20
"SCP1884","Control","B_cell::CSM","Mast",10,3,3,20
"SCP1884","Control","B_cell::CSM","Mesenchymal_stromal",10,5,5,20
"SCP1884","Control","B_cell::CSM","Myeloid",10,6,6,20
"SCP1884","Control","B_cell::CSM","T_NK",10,6,6,20
"SCP1884","Control","B_cell::Centroblast B","Endothelial",10,3,3,20
"SCP1884","Control","B_cell::Centroblast B","Epithelial",10,3,3,20
"SCP1884","Control","B_cell::Centroblast B","Mast",10,2,2,20
"SCP1884","Control","B_cell::Centroblast B","Mesenchymal_stromal",10,3,3,20
"SCP1884","Control","B_cell::Centroblast B","Myeloid",10,3,3,20
"SCP1884","Control","B_cell::Centroblast B","T_NK",10,3,3,20
"SCP1884","Control","B_cell::Centrocyte B","Endothelial",10,1,1,20
"SCP1884","Control","B_cell::Centrocyte B","Epithelial",10,1,1,20
"SCP1884","Control","B_cell::Centrocyte B","Mast",10,1,1,20
"SCP1884","Control","B_cell::Centrocyte B","Mesenchymal_stromal",10,1,1,20
"SCP1884","Control","B_cell::Centrocyte B","Myeloid",10,1,1,20
"SCP1884","Control","B_cell::Centrocyte B","T_NK",10,1,1,20
"SCP1884","Control","B_cell::DN2","Endothelial",10,2,2,20
"SCP1884","Control","B_cell::DN2","Epithelial",10,2,2,20
"SCP1884","Control","B_cell::DN2","Mast",10,1,1,20
"SCP1884","Control","B_cell::DN2","Mesenchymal_stromal",10,2,2,20
"SCP1884","Control","B_cell::DN2","Myeloid",10,2,2,20
"SCP1884","Control","B_cell::DN2","T_NK",10,2,2,20
"SCP1884","Control","B_cell::IgM-only","Endothelial",10,1,1,20
"SCP1884","Control","B_cell::IgM-only","Epithelial",10,1,1,20
"SCP1884","Control","B_cell::IgM-only","Mast",10,1,1,20
"SCP1884","Control","B_cell::IgM-only","Mesenchymal_stromal",10,1,1,20
"SCP1884","Control","B_cell::IgM-only","Myeloid",10,1,1,20
"SCP1884","Control","B_cell::IgM-only","T_NK",10,1,1,20
"SCP1884","Control","B_cell::MZ","Endothelial",10,1,1,20
"SCP1884","Control","B_cell::MZ","Epithelial",10,1,1,20
"SCP1884","Control","B_cell::MZ","Mast",10,1,1,20
"SCP1884","Control","B_cell::MZ","Mesenchymal_stromal",10,1,1,20
"SCP1884","Control","B_cell::MZ","Myeloid",10,1,1,20
"SCP1884","Control","B_cell::MZ","T_NK",10,1,1,20
"SCP1884","Control","B_cell::Naïve B","Endothelial",10,4,4,20
"SCP1884","Control","B_cell::Naïve B","Epithelial",10,5,5,20
"SCP1884","Control","B_cell::Naïve B","Mast",10,3,3,20
"SCP1884","Control","B_cell::Naïve B","Mesenchymal_stromal",10,4,4,20
"SCP1884","Control","B_cell::Naïve B","Myeloid",10,5,5,20
"SCP1884","Control","B_cell::Naïve B","T_NK",10,5,5,20
"SCP1884","Control","Plasma::Activated plasma","Endothelial",10,4,4,20
"SCP1884","Control","Plasma::Activated plasma","Epithelial",10,6,6,20
"SCP1884","Control","Plasma::Activated plasma","Mast",10,4,4,20
"SCP1884","Control","Plasma::Activated plasma","Mesenchymal_stromal",10,5,5,20
"SCP1884","Control","Plasma::Activated plasma","Myeloid",10,6,6,20
"SCP1884","Control","Plasma::Activated plasma","T_NK",10,6,6,20
"SCP1884","Control","Plasma::IgA plasma","Endothelial",10,4,4,20
"SCP1884","Control","Plasma::IgA plasma","Epithelial",10,5,5,20
"SCP1884","Control","Plasma::IgA plasma","Mast",10,3,3,20
"SCP1884","Control","Plasma::IgA plasma","Mesenchymal_stromal",10,5,5,20
"SCP1884","Control","Plasma::IgA plasma","Myeloid",10,5,5,20
"SCP1884","Control","Plasma::IgA plasma","T_NK",10,5,5,20
"SCP1884","Control","Plasma::IgG plasma","Endothelial",10,0,0,20
"SCP1884","Control","Plasma::IgG plasma","Epithelial",10,0,0,20
"SCP1884","Control","Plasma::IgG plasma","Mast",10,0,0,20
"SCP1884","Control","Plasma::IgG plasma","Mesenchymal_stromal",10,0,0,20
"SCP1884","Control","Plasma::IgG plasma","Myeloid",10,0,0,20
"SCP1884","Control","Plasma::IgG plasma","T_NK",10,0,0,20
"SCP1884","Control","Plasma::Transitional B","Endothelial",10,0,0,20
"SCP1884","Control","Plasma::Transitional B","Epithelial",10,0,0,20
"SCP1884","Control","Plasma::Transitional B","Mast",10,0,0,20
"SCP1884","Control","Plasma::Transitional B","Mesenchymal_stromal",10,0,0,20
"SCP1884","Control","Plasma::Transitional B","Myeloid",10,0,0,20
"SCP1884","Control","Plasma::Transitional B","T_NK",10,0,0,20
"SCP1884","Control","Endothelial","B_cell::ActB3",10,0,0,20
"SCP1884","Control","Endothelial","B_cell::CSM",10,5,5,20
"SCP1884","Control","Endothelial","B_cell::Centroblast B",10,3,3,20
"SCP1884","Control","Endothelial","B_cell::Centrocyte B",10,1,1,20
"SCP1884","Control","Endothelial","B_cell::DN2",10,2,2,20
"SCP1884","Control","Endothelial","B_cell::IgM-only",10,1,1,20
"SCP1884","Control","Endothelial","B_cell::MZ",10,1,1,20
"SCP1884","Control","Endothelial","B_cell::Naïve B",10,4,4,20
"SCP1884","Control","Endothelial","Plasma::Activated plasma",10,4,4,20
"SCP1884","Control","Endothelial","Plasma::IgA plasma",10,4,4,20
"SCP1884","Control","Endothelial","Plasma::IgG plasma",10,0,0,20
"SCP1884","Control","Endothelial","Plasma::Transitional B",10,0,0,20
"SCP1884","Control","Epithelial","B_cell::ActB3",10,0,0,20
"SCP1884","Control","Epithelial","B_cell::CSM",10,6,6,20
"SCP1884","Control","Epithelial","B_cell::Centroblast B",10,3,3,20
"SCP1884","Control","Epithelial","B_cell::Centrocyte B",10,1,1,20
"SCP1884","Control","Epithelial","B_cell::DN2",10,2,2,20
"SCP1884","Control","Epithelial","B_cell::IgM-only",10,1,1,20
"SCP1884","Control","Epithelial","B_cell::MZ",10,1,1,20
"SCP1884","Control","Epithelial","B_cell::Naïve B",10,5,5,20
"SCP1884","Control","Epithelial","Plasma::Activated plasma",10,6,6,20
"SCP1884","Control","Epithelial","Plasma::IgA plasma",10,5,5,20
"SCP1884","Control","Epithelial","Plasma::IgG plasma",10,0,0,20
"SCP1884","Control","Epithelial","Plasma::Transitional B",10,0,0,20
"SCP1884","Control","Mast","B_cell::ActB3",10,0,0,20
"SCP1884","Control","Mast","B_cell::CSM",10,3,3,20
"SCP1884","Control","Mast","B_cell::Centroblast B",10,2,2,20
"SCP1884","Control","Mast","B_cell::Centrocyte B",10,1,1,20
"SCP1884","Control","Mast","B_cell::DN2",10,1,1,20
"SCP1884","Control","Mast","B_cell::IgM-only",10,1,1,20
"SCP1884","Control","Mast","B_cell::MZ",10,1,1,20
"SCP1884","Control","Mast","B_cell::Naïve B",10,3,3,20
"SCP1884","Control","Mast","Plasma::Activated plasma",10,4,4,20
"SCP1884","Control","Mast","Plasma::IgA plasma",10,3,3,20
"SCP1884","Control","Mast","Plasma::IgG plasma",10,0,0,20
"SCP1884","Control","Mast","Plasma::Transitional B",10,0,0,20
"SCP1884","Control","Mesenchymal_stromal","B_cell::ActB3",10,0,0,20
"SCP1884","Control","Mesenchymal_stromal","B_cell::CSM",10,5,5,20
"SCP1884","Control","Mesenchymal_stromal","B_cell::Centroblast B",10,3,3,20
"SCP1884","Control","Mesenchymal_stromal","B_cell::Centrocyte B",10,1,1,20
"SCP1884","Control","Mesenchymal_stromal","B_cell::DN2",10,2,2,20
"SCP1884","Control","Mesenchymal_stromal","B_cell::IgM-only",10,1,1,20
"SCP1884","Control","Mesenchymal_stromal","B_cell::MZ",10,1,1,20
"SCP1884","Control","Mesenchymal_stromal","B_cell::Naïve B",10,4,4,20
"SCP1884","Control","Mesenchymal_stromal","Plasma::Activated plasma",10,5,5,20
"SCP1884","Control","Mesenchymal_stromal","Plasma::IgA plasma",10,5,5,20
"SCP1884","Control","Mesenchymal_stromal","Plasma::IgG plasma",10,0,0,20
"SCP1884","Control","Mesenchymal_stromal","Plasma::Transitional B",10,0,0,20
"SCP1884","Control","Myeloid","B_cell::ActB3",10,0,0,20
"SCP1884","Control","Myeloid","B_cell::CSM",10,6,6,20
"SCP1884","Control","Myeloid","B_cell::Centroblast B",10,3,3,20
"SCP1884","Control","Myeloid","B_cell::Centrocyte B",10,1,1,20
"SCP1884","Control","Myeloid","B_cell::DN2",10,2,2,20
"SCP1884","Control","Myeloid","B_cell::IgM-only",10,1,1,20
"SCP1884","Control","Myeloid","B_cell::MZ",10,1,1,20
"SCP1884","Control","Myeloid","B_cell::Naïve B",10,5,5,20
"SCP1884","Control","Myeloid","Plasma::Activated plasma",10,6,6,20
"SCP1884","Control","Myeloid","Plasma::IgA plasma",10,5,5,20
"SCP1884","Control","Myeloid","Plasma::IgG plasma",10,0,0,20
"SCP1884","Control","Myeloid","Plasma::Transitional B",10,0,0,20
"SCP1884","Control","T_NK","B_cell::ActB3",10,0,0,20
"SCP1884","Control","T_NK","B_cell::CSM",10,6,6,20
"SCP1884","Control","T_NK","B_cell::Centroblast B",10,3,3,20
"SCP1884","Control","T_NK","B_cell::Centrocyte B",10,1,1,20
"SCP1884","Control","T_NK","B_cell::DN2",10,2,2,20
"SCP1884","Control","T_NK","B_cell::IgM-only",10,1,1,20
"SCP1884","Control","T_NK","B_cell::MZ",10,1,1,20
"SCP1884","Control","T_NK","B_cell::Naïve B",10,5,5,20
"SCP1884","Control","T_NK","Plasma::Activated plasma",10,6,6,20
"SCP1884","Control","T_NK","Plasma::IgA plasma",10,5,5,20
"SCP1884","Control","T_NK","Plasma::IgG plasma",10,0,0,20
"SCP1884","Control","T_NK","Plasma::Transitional B",10,0,0,20
"SCP2959","Stricture","B_cell::ActB3","Endothelial",18,6,6,20
"SCP2959","Stricture","B_cell::ActB3","Epithelial",18,8,8,20
"SCP2959","Stricture","B_cell::ActB3","Mast",18,5,5,20
"SCP2959","Stricture","B_cell::ActB3","Mesenchymal_stromal",18,6,6,20
"SCP2959","Stricture","B_cell::ActB3","Myeloid",18,8,8,20
"SCP2959","Stricture","B_cell::ActB3","T_NK",18,8,8,20
"SCP2959","Stricture","B_cell::CSM","Endothelial",18,9,9,20
"SCP2959","Stricture","B_cell::CSM","Epithelial",18,12,12,20
"SCP2959","Stricture","B_cell::CSM","Mast",18,8,8,20
"SCP2959","Stricture","B_cell::CSM","Mesenchymal_stromal",18,10,10,20
"SCP2959","Stricture","B_cell::CSM","Myeloid",18,12,12,20
"SCP2959","Stricture","B_cell::CSM","T_NK",18,12,12,20
"SCP2959","Stricture","B_cell::Centroblast B","Endothelial",18,2,2,20
"SCP2959","Stricture","B_cell::Centroblast B","Epithelial",18,3,3,20
"SCP2959","Stricture","B_cell::Centroblast B","Mast",18,2,2,20
"SCP2959","Stricture","B_cell::Centroblast B","Mesenchymal_stromal",18,2,2,20
"SCP2959","Stricture","B_cell::Centroblast B","Myeloid",18,3,3,20
"SCP2959","Stricture","B_cell::Centroblast B","T_NK",18,3,3,20
"SCP2959","Stricture","B_cell::Centrocyte B","Endothelial",18,2,2,20
"SCP2959","Stricture","B_cell::Centrocyte B","Epithelial",18,3,3,20
"SCP2959","Stricture","B_cell::Centrocyte B","Mast",18,2,2,20
"SCP2959","Stricture","B_cell::Centrocyte B","Mesenchymal_stromal",18,2,2,20
"SCP2959","Stricture","B_cell::Centrocyte B","Myeloid",18,3,3,20
"SCP2959","Stricture","B_cell::Centrocyte B","T_NK",18,3,3,20
"SCP2959","Stricture","B_cell::DN2","Endothelial",18,5,5,20
"SCP2959","Stricture","B_cell::DN2","Epithelial",18,6,6,20
"SCP2959","Stricture","B_cell::DN2","Mast",18,4,4,20
"SCP2959","Stricture","B_cell::DN2","Mesenchymal_stromal",18,5,5,20
"SCP2959","Stricture","B_cell::DN2","Myeloid",18,6,6,20
"SCP2959","Stricture","B_cell::DN2","T_NK",18,6,6,20
"SCP2959","Stricture","B_cell::IgM-only","Endothelial",18,2,2,20
"SCP2959","Stricture","B_cell::IgM-only","Epithelial",18,2,2,20
"SCP2959","Stricture","B_cell::IgM-only","Mast",18,2,2,20
"SCP2959","Stricture","B_cell::IgM-only","Mesenchymal_stromal",18,2,2,20
"SCP2959","Stricture","B_cell::IgM-only","Myeloid",18,2,2,20
"SCP2959","Stricture","B_cell::IgM-only","T_NK",18,2,2,20
"SCP2959","Stricture","B_cell::MZ","Endothelial",18,2,2,20
"SCP2959","Stricture","B_cell::MZ","Epithelial",18,3,3,20
"SCP2959","Stricture","B_cell::MZ","Mast",18,2,2,20
"SCP2959","Stricture","B_cell::MZ","Mesenchymal_stromal",18,2,2,20
"SCP2959","Stricture","B_cell::MZ","Myeloid",18,3,3,20
"SCP2959","Stricture","B_cell::MZ","T_NK",18,3,3,20
"SCP2959","Stricture","B_cell::Naïve B","Endothelial",18,6,6,20
"SCP2959","Stricture","B_cell::Naïve B","Epithelial",18,8,8,20
"SCP2959","Stricture","B_cell::Naïve B","Mast",18,6,6,20
"SCP2959","Stricture","B_cell::Naïve B","Mesenchymal_stromal",18,6,6,20
"SCP2959","Stricture","B_cell::Naïve B","Myeloid",18,8,8,20
"SCP2959","Stricture","B_cell::Naïve B","T_NK",18,8,8,20
"SCP2959","Stricture","Plasma::Activated plasma","Endothelial",18,9,9,20
"SCP2959","Stricture","Plasma::Activated plasma","Epithelial",18,11,11,20
"SCP2959","Stricture","Plasma::Activated plasma","Mast",18,11,11,20
"SCP2959","Stricture","Plasma::Activated plasma","Mesenchymal_stromal",18,12,12,20
"SCP2959","Stricture","Plasma::Activated plasma","Myeloid",18,12,12,20
"SCP2959","Stricture","Plasma::Activated plasma","T_NK",18,12,12,20
"SCP2959","Stricture","Plasma::IgA plasma","Endothelial",18,10,10,20
"SCP2959","Stricture","Plasma::IgA plasma","Epithelial",18,14,14,20
"SCP2959","Stricture","Plasma::IgA plasma","Mast",18,11,11,20
"SCP2959","Stricture","Plasma::IgA plasma","Mesenchymal_stromal",18,12,12,20
"SCP2959","Stricture","Plasma::IgA plasma","Myeloid",18,15,15,20
"SCP2959","Stricture","Plasma::IgA plasma","T_NK",18,14,14,20
"SCP2959","Stricture","Plasma::IgG plasma","Endothelial",18,8,8,20
"SCP2959","Stricture","Plasma::IgG plasma","Epithelial",18,10,10,20
"SCP2959","Stricture","Plasma::IgG plasma","Mast",18,8,8,20
"SCP2959","Stricture","Plasma::IgG plasma","Mesenchymal_stromal",18,9,9,20
"SCP2959","Stricture","Plasma::IgG plasma","Myeloid",18,10,10,20
"SCP2959","Stricture","Plasma::IgG plasma","T_NK",18,10,10,20
"SCP2959","Stricture","Plasma::Transitional B","Endothelial",18,1,1,20
"SCP2959","Stricture","Plasma::Transitional B","Epithelial",18,1,1,20
"SCP2959","Stricture","Plasma::Transitional B","Mast",18,1,1,20
"SCP2959","Stricture","Plasma::Transitional B","Mesenchymal_stromal",18,1,1,20
"SCP2959","Stricture","Plasma::Transitional B","Myeloid",18,1,1,20
"SCP2959","Stricture","Plasma::Transitional B","T_NK",18,1,1,20
"SCP2959","Stricture","Endothelial","B_cell::ActB3",18,6,6,20
"SCP2959","Stricture","Endothelial","B_cell::CSM",18,9,9,20
"SCP2959","Stricture","Endothelial","B_cell::Centroblast B",18,2,2,20
"SCP2959","Stricture","Endothelial","B_cell::Centrocyte B",18,2,2,20
"SCP2959","Stricture","Endothelial","B_cell::DN2",18,5,5,20
"SCP2959","Stricture","Endothelial","B_cell::IgM-only",18,2,2,20
"SCP2959","Stricture","Endothelial","B_cell::MZ",18,2,2,20
"SCP2959","Stricture","Endothelial","B_cell::Naïve B",18,6,6,20
"SCP2959","Stricture","Endothelial","Plasma::Activated plasma",18,9,9,20
"SCP2959","Stricture","Endothelial","Plasma::IgA plasma",18,10,10,20
"SCP2959","Stricture","Endothelial","Plasma::IgG plasma",18,8,8,20
"SCP2959","Stricture","Endothelial","Plasma::Transitional B",18,1,1,20
"SCP2959","Stricture","Epithelial","B_cell::ActB3",18,8,8,20
"SCP2959","Stricture","Epithelial","B_cell::CSM",18,12,12,20
"SCP2959","Stricture","Epithelial","B_cell::Centroblast B",18,3,3,20
"SCP2959","Stricture","Epithelial","B_cell::Centrocyte B",18,3,3,20
"SCP2959","Stricture","Epithelial","B_cell::DN2",18,6,6,20
"SCP2959","Stricture","Epithelial","B_cell::IgM-only",18,2,2,20
"SCP2959","Stricture","Epithelial","B_cell::MZ",18,3,3,20
"SCP2959","Stricture","Epithelial","B_cell::Naïve B",18,8,8,20
"SCP2959","Stricture","Epithelial","Plasma::Activated plasma",18,11,11,20
"SCP2959","Stricture","Epithelial","Plasma::IgA plasma",18,14,14,20
"SCP2959","Stricture","Epithelial","Plasma::IgG plasma",18,10,10,20
"SCP2959","Stricture","Epithelial","Plasma::Transitional B",18,1,1,20
"SCP2959","Stricture","Mast","B_cell::ActB3",18,5,5,20
"SCP2959","Stricture","Mast","B_cell::CSM",18,8,8,20
"SCP2959","Stricture","Mast","B_cell::Centroblast B",18,2,2,20
"SCP2959","Stricture","Mast","B_cell::Centrocyte B",18,2,2,20
"SCP2959","Stricture","Mast","B_cell::DN2",18,4,4,20
"SCP2959","Stricture","Mast","B_cell::IgM-only",18,2,2,20
"SCP2959","Stricture","Mast","B_cell::MZ",18,2,2,20
"SCP2959","Stricture","Mast","B_cell::Naïve B",18,6,6,20
"SCP2959","Stricture","Mast","Plasma::Activated plasma",18,11,11,20
"SCP2959","Stricture","Mast","Plasma::IgA plasma",18,11,11,20
"SCP2959","Stricture","Mast","Plasma::IgG plasma",18,8,8,20
"SCP2959","Stricture","Mast","Plasma::Transitional B",18,1,1,20
"SCP2959","Stricture","Mesenchymal_stromal","B_cell::ActB3",18,6,6,20
"SCP2959","Stricture","Mesenchymal_stromal","B_cell::CSM",18,10,10,20
"SCP2959","Stricture","Mesenchymal_stromal","B_cell::Centroblast B",18,2,2,20
"SCP2959","Stricture","Mesenchymal_stromal","B_cell::Centrocyte B",18,2,2,20
"SCP2959","Stricture","Mesenchymal_stromal","B_cell::DN2",18,5,5,20
"SCP2959","Stricture","Mesenchymal_stromal","B_cell::IgM-only",18,2,2,20
"SCP2959","Stricture","Mesenchymal_stromal","B_cell::MZ",18,2,2,20
"SCP2959","Stricture","Mesenchymal_stromal","B_cell::Naïve B",18,6,6,20
"SCP2959","Stricture","Mesenchymal_stromal","Plasma::Activated plasma",18,12,12,20
"SCP2959","Stricture","Mesenchymal_stromal","Plasma::IgA plasma",18,12,12,20
"SCP2959","Stricture","Mesenchymal_stromal","Plasma::IgG plasma",18,9,9,20
"SCP2959","Stricture","Mesenchymal_stromal","Plasma::Transitional B",18,1,1,20
"SCP2959","Stricture","Myeloid","B_cell::ActB3",18,8,8,20
"SCP2959","Stricture","Myeloid","B_cell::CSM",18,12,12,20
"SCP2959","Stricture","Myeloid","B_cell::Centroblast B",18,3,3,20
"SCP2959","Stricture","Myeloid","B_cell::Centrocyte B",18,3,3,20
"SCP2959","Stricture","Myeloid","B_cell::DN2",18,6,6,20
"SCP2959","Stricture","Myeloid","B_cell::IgM-only",18,2,2,20
"SCP2959","Stricture","Myeloid","B_cell::MZ",18,3,3,20
"SCP2959","Stricture","Myeloid","B_cell::Naïve B",18,8,8,20
"SCP2959","Stricture","Myeloid","Plasma::Activated plasma",18,12,12,20
"SCP2959","Stricture","Myeloid","Plasma::IgA plasma",18,15,15,20
"SCP2959","Stricture","Myeloid","Plasma::IgG plasma",18,10,10,20
"SCP2959","Stricture","Myeloid","Plasma::Transitional B",18,1,1,20
"SCP2959","Stricture","T_NK","B_cell::ActB3",18,8,8,20
"SCP2959","Stricture","T_NK","B_cell::CSM",18,12,12,20
"SCP2959","Stricture","T_NK","B_cell::Centroblast B",18,3,3,20
"SCP2959","Stricture","T_NK","B_cell::Centrocyte B",18,3,3,20
"SCP2959","Stricture","T_NK","B_cell::DN2",18,6,6,20
"SCP2959","Stricture","T_NK","B_cell::IgM-only",18,2,2,20
"SCP2959","Stricture","T_NK","B_cell::MZ",18,3,3,20
"SCP2959","Stricture","T_NK","B_cell::Naïve B",18,8,8,20
"SCP2959","Stricture","T_NK","Plasma::Activated plasma",18,12,12,20
"SCP2959","Stricture","T_NK","Plasma::IgA plasma",18,14,14,20
"SCP2959","Stricture","T_NK","Plasma::IgG plasma",18,10,10,20
"SCP2959","Stricture","T_NK","Plasma::Transitional B",18,1,1,20
"SCP2959","Non-stricture","B_cell::ActB3","Endothelial",14,3,3,20
"SCP2959","Non-stricture","B_cell::ActB3","Epithelial",14,3,3,20
"SCP2959","Non-stricture","B_cell::ActB3","Mast",14,2,2,20
"SCP2959","Non-stricture","B_cell::ActB3","Mesenchymal_stromal",14,2,2,20
"SCP2959","Non-stricture","B_cell::ActB3","Myeloid",14,3,3,20
"SCP2959","Non-stricture","B_cell::ActB3","T_NK",14,3,3,20
"SCP2959","Non-stricture","B_cell::CSM","Endothelial",14,10,10,20
"SCP2959","Non-stricture","B_cell::CSM","Epithelial",14,11,11,20
"SCP2959","Non-stricture","B_cell::CSM","Mast",14,9,9,20
"SCP2959","Non-stricture","B_cell::CSM","Mesenchymal_stromal",14,9,9,20
"SCP2959","Non-stricture","B_cell::CSM","Myeloid",14,11,11,20
"SCP2959","Non-stricture","B_cell::CSM","T_NK",14,11,11,20
"SCP2959","Non-stricture","B_cell::Centroblast B","Endothelial",14,4,4,20
"SCP2959","Non-stricture","B_cell::Centroblast B","Epithelial",14,4,4,20
"SCP2959","Non-stricture","B_cell::Centroblast B","Mast",14,3,3,20
"SCP2959","Non-stricture","B_cell::Centroblast B","Mesenchymal_stromal",14,3,3,20
"SCP2959","Non-stricture","B_cell::Centroblast B","Myeloid",14,4,4,20
"SCP2959","Non-stricture","B_cell::Centroblast B","T_NK",14,4,4,20
"SCP2959","Non-stricture","B_cell::Centrocyte B","Endothelial",14,2,2,20
"SCP2959","Non-stricture","B_cell::Centrocyte B","Epithelial",14,2,2,20
"SCP2959","Non-stricture","B_cell::Centrocyte B","Mast",14,1,1,20
"SCP2959","Non-stricture","B_cell::Centrocyte B","Mesenchymal_stromal",14,1,1,20
"SCP2959","Non-stricture","B_cell::Centrocyte B","Myeloid",14,2,2,20
"SCP2959","Non-stricture","B_cell::Centrocyte B","T_NK",14,2,2,20
"SCP2959","Non-stricture","B_cell::DN2","Endothelial",14,5,5,20
"SCP2959","Non-stricture","B_cell::DN2","Epithelial",14,5,5,20
"SCP2959","Non-stricture","B_cell::DN2","Mast",14,4,4,20
"SCP2959","Non-stricture","B_cell::DN2","Mesenchymal_stromal",14,4,4,20
"SCP2959","Non-stricture","B_cell::DN2","Myeloid",14,5,5,20
"SCP2959","Non-stricture","B_cell::DN2","T_NK",14,5,5,20
"SCP2959","Non-stricture","B_cell::IgM-only","Endothelial",14,0,0,20
"SCP2959","Non-stricture","B_cell::IgM-only","Epithelial",14,0,0,20
"SCP2959","Non-stricture","B_cell::IgM-only","Mast",14,0,0,20
"SCP2959","Non-stricture","B_cell::IgM-only","Mesenchymal_stromal",14,0,0,20
"SCP2959","Non-stricture","B_cell::IgM-only","Myeloid",14,0,0,20
"SCP2959","Non-stricture","B_cell::IgM-only","T_NK",14,0,0,20
"SCP2959","Non-stricture","B_cell::MZ","Endothelial",14,1,1,20
"SCP2959","Non-stricture","B_cell::MZ","Epithelial",14,1,1,20
"SCP2959","Non-stricture","B_cell::MZ","Mast",14,0,0,20
"SCP2959","Non-stricture","B_cell::MZ","Mesenchymal_stromal",14,0,0,20
"SCP2959","Non-stricture","B_cell::MZ","Myeloid",14,1,1,20
"SCP2959","Non-stricture","B_cell::MZ","T_NK",14,1,1,20
"SCP2959","Non-stricture","B_cell::Naïve B","Endothelial",14,4,4,20
"SCP2959","Non-stricture","B_cell::Naïve B","Epithelial",14,4,4,20
"SCP2959","Non-stricture","B_cell::Naïve B","Mast",14,3,3,20
"SCP2959","Non-stricture","B_cell::Naïve B","Mesenchymal_stromal",14,3,3,20
"SCP2959","Non-stricture","B_cell::Naïve B","Myeloid",14,4,4,20
"SCP2959","Non-stricture","B_cell::Naïve B","T_NK",14,4,4,20
"SCP2959","Non-stricture","Plasma::Activated plasma","Endothelial",14,10,10,20
"SCP2959","Non-stricture","Plasma::Activated plasma","Epithelial",14,10,10,20
"SCP2959","Non-stricture","Plasma::Activated plasma","Mast",14,9,9,20
"SCP2959","Non-stricture","Plasma::Activated plasma","Mesenchymal_stromal",14,9,9,20
"SCP2959","Non-stricture","Plasma::Activated plasma","Myeloid",14,10,10,20
"SCP2959","Non-stricture","Plasma::Activated plasma","T_NK",14,10,10,20
"SCP2959","Non-stricture","Plasma::IgA plasma","Endothelial",14,10,10,20
"SCP2959","Non-stricture","Plasma::IgA plasma","Epithelial",14,10,10,20
"SCP2959","Non-stricture","Plasma::IgA plasma","Mast",14,9,9,20
"SCP2959","Non-stricture","Plasma::IgA plasma","Mesenchymal_stromal",14,9,9,20
"SCP2959","Non-stricture","Plasma::IgA plasma","Myeloid",14,10,10,20
"SCP2959","Non-stricture","Plasma::IgA plasma","T_NK",14,10,10,20
"SCP2959","Non-stricture","Plasma::IgG plasma","Endothelial",14,4,4,20
"SCP2959","Non-stricture","Plasma::IgG plasma","Epithelial",14,4,4,20
"SCP2959","Non-stricture","Plasma::IgG plasma","Mast",14,3,3,20
"SCP2959","Non-stricture","Plasma::IgG plasma","Mesenchymal_stromal",14,3,3,20
"SCP2959","Non-stricture","Plasma::IgG plasma","Myeloid",14,4,4,20
"SCP2959","Non-stricture","Plasma::IgG plasma","T_NK",14,4,4,20
"SCP2959","Non-stricture","Plasma::Transitional B","Endothelial",14,1,1,20
"SCP2959","Non-stricture","Plasma::Transitional B","Epithelial",14,1,1,20
"SCP2959","Non-stricture","Plasma::Transitional B","Mast",14,0,0,20
"SCP2959","Non-stricture","Plasma::Transitional B","Mesenchymal_stromal",14,0,0,20
"SCP2959","Non-stricture","Plasma::Transitional B","Myeloid",14,1,1,20
"SCP2959","Non-stricture","Plasma::Transitional B","T_NK",14,1,1,20
"SCP2959","Non-stricture","Endothelial","B_cell::ActB3",14,3,3,20
"SCP2959","Non-stricture","Endothelial","B_cell::CSM",14,10,10,20
"SCP2959","Non-stricture","Endothelial","B_cell::Centroblast B",14,4,4,20
"SCP2959","Non-stricture","Endothelial","B_cell::Centrocyte B",14,2,2,20
"SCP2959","Non-stricture","Endothelial","B_cell::DN2",14,5,5,20
"SCP2959","Non-stricture","Endothelial","B_cell::IgM-only",14,0,0,20
"SCP2959","Non-stricture","Endothelial","B_cell::MZ",14,1,1,20
"SCP2959","Non-stricture","Endothelial","B_cell::Naïve B",14,4,4,20
"SCP2959","Non-stricture","Endothelial","Plasma::Activated plasma",14,10,10,20
"SCP2959","Non-stricture","Endothelial","Plasma::IgA plasma",14,10,10,20
"SCP2959","Non-stricture","Endothelial","Plasma::IgG plasma",14,4,4,20
"SCP2959","Non-stricture","Endothelial","Plasma::Transitional B",14,1,1,20
"SCP2959","Non-stricture","Epithelial","B_cell::ActB3",14,3,3,20
"SCP2959","Non-stricture","Epithelial","B_cell::CSM",14,11,11,20
"SCP2959","Non-stricture","Epithelial","B_cell::Centroblast B",14,4,4,20
"SCP2959","Non-stricture","Epithelial","B_cell::Centrocyte B",14,2,2,20
"SCP2959","Non-stricture","Epithelial","B_cell::DN2",14,5,5,20
"SCP2959","Non-stricture","Epithelial","B_cell::IgM-only",14,0,0,20
"SCP2959","Non-stricture","Epithelial","B_cell::MZ",14,1,1,20
"SCP2959","Non-stricture","Epithelial","B_cell::Naïve B",14,4,4,20
"SCP2959","Non-stricture","Epithelial","Plasma::Activated plasma",14,10,10,20
"SCP2959","Non-stricture","Epithelial","Plasma::IgA plasma",14,10,10,20
"SCP2959","Non-stricture","Epithelial","Plasma::IgG plasma",14,4,4,20
"SCP2959","Non-stricture","Epithelial","Plasma::Transitional B",14,1,1,20
"SCP2959","Non-stricture","Mast","B_cell::ActB3",14,2,2,20
"SCP2959","Non-stricture","Mast","B_cell::CSM",14,9,9,20
"SCP2959","Non-stricture","Mast","B_cell::Centroblast B",14,3,3,20
"SCP2959","Non-stricture","Mast","B_cell::Centrocyte B",14,1,1,20
"SCP2959","Non-stricture","Mast","B_cell::DN2",14,4,4,20
"SCP2959","Non-stricture","Mast","B_cell::IgM-only",14,0,0,20
"SCP2959","Non-stricture","Mast","B_cell::MZ",14,0,0,20
"SCP2959","Non-stricture","Mast","B_cell::Naïve B",14,3,3,20
"SCP2959","Non-stricture","Mast","Plasma::Activated plasma",14,9,9,20
"SCP2959","Non-stricture","Mast","Plasma::IgA plasma",14,9,9,20
"SCP2959","Non-stricture","Mast","Plasma::IgG plasma",14,3,3,20
"SCP2959","Non-stricture","Mast","Plasma::Transitional B",14,0,0,20
"SCP2959","Non-stricture","Mesenchymal_stromal","B_cell::ActB3",14,2,2,20
"SCP2959","Non-stricture","Mesenchymal_stromal","B_cell::CSM",14,9,9,20
"SCP2959","Non-stricture","Mesenchymal_stromal","B_cell::Centroblast B",14,3,3,20
"SCP2959","Non-stricture","Mesenchymal_stromal","B_cell::Centrocyte B",14,1,1,20
"SCP2959","Non-stricture","Mesenchymal_stromal","B_cell::DN2",14,4,4,20
"SCP2959","Non-stricture","Mesenchymal_stromal","B_cell::IgM-only",14,0,0,20
"SCP2959","Non-stricture","Mesenchymal_stromal","B_cell::MZ",14,0,0,20
"SCP2959","Non-stricture","Mesenchymal_stromal","B_cell::Naïve B",14,3,3,20
"SCP2959","Non-stricture","Mesenchymal_stromal","Plasma::Activated plasma",14,9,9,20
"SCP2959","Non-stricture","Mesenchymal_stromal","Plasma::IgA plasma",14,9,9,20
"SCP2959","Non-stricture","Mesenchymal_stromal","Plasma::IgG plasma",14,3,3,20
"SCP2959","Non-stricture","Mesenchymal_stromal","Plasma::Transitional B",14,0,0,20
"SCP2959","Non-stricture","Myeloid","B_cell::ActB3",14,3,3,20
"SCP2959","Non-stricture","Myeloid","B_cell::CSM",14,11,11,20
"SCP2959","Non-stricture","Myeloid","B_cell::Centroblast B",14,4,4,20
"SCP2959","Non-stricture","Myeloid","B_cell::Centrocyte B",14,2,2,20
"SCP2959","Non-stricture","Myeloid","B_cell::DN2",14,5,5,20
"SCP2959","Non-stricture","Myeloid","B_cell::IgM-only",14,0,0,20
"SCP2959","Non-stricture","Myeloid","B_cell::MZ",14,1,1,20
"SCP2959","Non-stricture","Myeloid","B_cell::Naïve B",14,4,4,20
"SCP2959","Non-stricture","Myeloid","Plasma::Activated plasma",14,10,10,20
"SCP2959","Non-stricture","Myeloid","Plasma::IgA plasma",14,10,10,20
"SCP2959","Non-stricture","Myeloid","Plasma::IgG plasma",14,4,4,20
"SCP2959","Non-stricture","Myeloid","Plasma::Transitional B",14,1,1,20
"SCP2959","Non-stricture","T_NK","B_cell::ActB3",14,3,3,20
"SCP2959","Non-stricture","T_NK","B_cell::CSM",14,11,11,20
"SCP2959","Non-stricture","T_NK","B_cell::Centroblast B",14,4,4,20
"SCP2959","Non-stricture","T_NK","B_cell::Centrocyte B",14,2,2,20
"SCP2959","Non-stricture","T_NK","B_cell::DN2",14,5,5,20
"SCP2959","Non-stricture","T_NK","B_cell::IgM-only",14,0,0,20
"SCP2959","Non-stricture","T_NK","B_cell::MZ",14,1,1,20
"SCP2959","Non-stricture","T_NK","B_cell::Naïve B",14,4,4,20
"SCP2959","Non-stricture","T_NK","Plasma::Activated plasma",14,10,10,20
"SCP2959","Non-stricture","T_NK","Plasma::IgA plasma",14,10,10,20
"SCP2959","Non-stricture","T_NK","Plasma::IgG plasma",14,4,4,20
"SCP2959","Non-stricture","T_NK","Plasma::Transitional B",14,1,1,20
"SCP2959","Inflamed","B_cell::ActB3","Endothelial",1,0,0,20
"SCP2959","Inflamed","B_cell::ActB3","Epithelial",1,0,0,20
"SCP2959","Inflamed","B_cell::ActB3","Mast",1,0,0,20
"SCP2959","Inflamed","B_cell::ActB3","Mesenchymal_stromal",1,0,0,20
"SCP2959","Inflamed","B_cell::ActB3","Myeloid",1,0,0,20
"SCP2959","Inflamed","B_cell::ActB3","T_NK",1,0,0,20
"SCP2959","Inflamed","B_cell::CSM","Endothelial",1,0,0,20
"SCP2959","Inflamed","B_cell::CSM","Epithelial",1,0,0,20
"SCP2959","Inflamed","B_cell::CSM","Mast",1,0,0,20
"SCP2959","Inflamed","B_cell::CSM","Mesenchymal_stromal",1,0,0,20
"SCP2959","Inflamed","B_cell::CSM","Myeloid",1,0,0,20
"SCP2959","Inflamed","B_cell::CSM","T_NK",1,0,0,20
"SCP2959","Inflamed","B_cell::Centroblast B","Endothelial",1,0,0,20
"SCP2959","Inflamed","B_cell::Centroblast B","Epithelial",1,0,0,20
"SCP2959","Inflamed","B_cell::Centroblast B","Mast",1,0,0,20
"SCP2959","Inflamed","B_cell::Centroblast B","Mesenchymal_stromal",1,0,0,20
"SCP2959","Inflamed","B_cell::Centroblast B","Myeloid",1,0,0,20
"SCP2959","Inflamed","B_cell::Centroblast B","T_NK",1,0,0,20
"SCP2959","Inflamed","B_cell::Centrocyte B","Endothelial",1,0,0,20
"SCP2959","Inflamed","B_cell::Centrocyte B","Epithelial",1,0,0,20
"SCP2959","Inflamed","B_cell::Centrocyte B","Mast",1,0,0,20
"SCP2959","Inflamed","B_cell::Centrocyte B","Mesenchymal_stromal",1,0,0,20
"SCP2959","Inflamed","B_cell::Centrocyte B","Myeloid",1,0,0,20
"SCP2959","Inflamed","B_cell::Centrocyte B","T_NK",1,0,0,20
"SCP2959","Inflamed","B_cell::DN2","Endothelial",1,1,1,20
"SCP2959","Inflamed","B_cell::DN2","Epithelial",1,1,1,20
"SCP2959","Inflamed","B_cell::DN2","Mast",1,0,0,20
"SCP2959","Inflamed","B_cell::DN2","Mesenchymal_stromal",1,1,1,20
"SCP2959","Inflamed","B_cell::DN2","Myeloid",1,1,1,20
"SCP2959","Inflamed","B_cell::DN2","T_NK",1,1,1,20
"SCP2959","Inflamed","B_cell::IgM-only","Endothelial",1,0,0,20
"SCP2959","Inflamed","B_cell::IgM-only","Epithelial",1,0,0,20
"SCP2959","Inflamed","B_cell::IgM-only","Mast",1,0,0,20
"SCP2959","Inflamed","B_cell::IgM-only","Mesenchymal_stromal",1,0,0,20
"SCP2959","Inflamed","B_cell::IgM-only","Myeloid",1,0,0,20
"SCP2959","Inflamed","B_cell::IgM-only","T_NK",1,0,0,20
"SCP2959","Inflamed","B_cell::MZ","Endothelial",1,0,0,20
"SCP2959","Inflamed","B_cell::MZ","Epithelial",1,0,0,20
"SCP2959","Inflamed","B_cell::MZ","Mast",1,0,0,20
"SCP2959","Inflamed","B_cell::MZ","Mesenchymal_stromal",1,0,0,20
"SCP2959","Inflamed","B_cell::MZ","Myeloid",1,0,0,20
"SCP2959","Inflamed","B_cell::MZ","T_NK",1,0,0,20
"SCP2959","Inflamed","B_cell::Naïve B","Endothelial",1,0,0,20
"SCP2959","Inflamed","B_cell::Naïve B","Epithelial",1,0,0,20
"SCP2959","Inflamed","B_cell::Naïve B","Mast",1,0,0,20
"SCP2959","Inflamed","B_cell::Naïve B","Mesenchymal_stromal",1,0,0,20
"SCP2959","Inflamed","B_cell::Naïve B","Myeloid",1,0,0,20
"SCP2959","Inflamed","B_cell::Naïve B","T_NK",1,0,0,20
"SCP2959","Inflamed","Plasma::Activated plasma","Endothelial",1,0,0,20
"SCP2959","Inflamed","Plasma::Activated plasma","Epithelial",1,0,0,20
"SCP2959","Inflamed","Plasma::Activated plasma","Mast",1,0,0,20
"SCP2959","Inflamed","Plasma::Activated plasma","Mesenchymal_stromal",1,0,0,20
"SCP2959","Inflamed","Plasma::Activated plasma","Myeloid",1,0,0,20
"SCP2959","Inflamed","Plasma::Activated plasma","T_NK",1,0,0,20
"SCP2959","Inflamed","Plasma::IgA plasma","Endothelial",1,1,1,20
"SCP2959","Inflamed","Plasma::IgA plasma","Epithelial",1,1,1,20
"SCP2959","Inflamed","Plasma::IgA plasma","Mast",1,0,0,20
"SCP2959","Inflamed","Plasma::IgA plasma","Mesenchymal_stromal",1,1,1,20
"SCP2959","Inflamed","Plasma::IgA plasma","Myeloid",1,1,1,20
"SCP2959","Inflamed","Plasma::IgA plasma","T_NK",1,1,1,20
"SCP2959","Inflamed","Plasma::IgG plasma","Endothelial",1,1,1,20
"SCP2959","Inflamed","Plasma::IgG plasma","Epithelial",1,1,1,20
"SCP2959","Inflamed","Plasma::IgG plasma","Mast",1,0,0,20
"SCP2959","Inflamed","Plasma::IgG plasma","Mesenchymal_stromal",1,1,1,20
"SCP2959","Inflamed","Plasma::IgG plasma","Myeloid",1,1,1,20
"SCP2959","Inflamed","Plasma::IgG plasma","T_NK",1,1,1,20
"SCP2959","Inflamed","Plasma::Transitional B","Endothelial",1,0,0,20
"SCP2959","Inflamed","Plasma::Transitional B","Epithelial",1,0,0,20
"SCP2959","Inflamed","Plasma::Transitional B","Mast",1,0,0,20
"SCP2959","Inflamed","Plasma::Transitional B","Mesenchymal_stromal",1,0,0,20
"SCP2959","Inflamed","Plasma::Transitional B","Myeloid",1,0,0,20
"SCP2959","Inflamed","Plasma::Transitional B","T_NK",1,0,0,20
"SCP2959","Inflamed","Endothelial","B_cell::ActB3",1,0,0,20
"SCP2959","Inflamed","Endothelial","B_cell::CSM",1,0,0,20
"SCP2959","Inflamed","Endothelial","B_cell::Centroblast B",1,0,0,20
"SCP2959","Inflamed","Endothelial","B_cell::Centrocyte B",1,0,0,20
"SCP2959","Inflamed","Endothelial","B_cell::DN2",1,1,1,20
"SCP2959","Inflamed","Endothelial","B_cell::IgM-only",1,0,0,20
"SCP2959","Inflamed","Endothelial","B_cell::MZ",1,0,0,20
"SCP2959","Inflamed","Endothelial","B_cell::Naïve B",1,0,0,20
"SCP2959","Inflamed","Endothelial","Plasma::Activated plasma",1,0,0,20
"SCP2959","Inflamed","Endothelial","Plasma::IgA plasma",1,1,1,20
"SCP2959","Inflamed","Endothelial","Plasma::IgG plasma",1,1,1,20
"SCP2959","Inflamed","Endothelial","Plasma::Transitional B",1,0,0,20
"SCP2959","Inflamed","Epithelial","B_cell::ActB3",1,0,0,20
"SCP2959","Inflamed","Epithelial","B_cell::CSM",1,0,0,20
"SCP2959","Inflamed","Epithelial","B_cell::Centroblast B",1,0,0,20
"SCP2959","Inflamed","Epithelial","B_cell::Centrocyte B",1,0,0,20
"SCP2959","Inflamed","Epithelial","B_cell::DN2",1,1,1,20
"SCP2959","Inflamed","Epithelial","B_cell::IgM-only",1,0,0,20
"SCP2959","Inflamed","Epithelial","B_cell::MZ",1,0,0,20
"SCP2959","Inflamed","Epithelial","B_cell::Naïve B",1,0,0,20
"SCP2959","Inflamed","Epithelial","Plasma::Activated plasma",1,0,0,20
"SCP2959","Inflamed","Epithelial","Plasma::IgA plasma",1,1,1,20
"SCP2959","Inflamed","Epithelial","Plasma::IgG plasma",1,1,1,20
"SCP2959","Inflamed","Epithelial","Plasma::Transitional B",1,0,0,20
"SCP2959","Inflamed","Mast","B_cell::ActB3",1,0,0,20
"SCP2959","Inflamed","Mast","B_cell::CSM",1,0,0,20
"SCP2959","Inflamed","Mast","B_cell::Centroblast B",1,0,0,20
"SCP2959","Inflamed","Mast","B_cell::Centrocyte B",1,0,0,20
"SCP2959","Inflamed","Mast","B_cell::DN2",1,0,0,20
"SCP2959","Inflamed","Mast","B_cell::IgM-only",1,0,0,20
"SCP2959","Inflamed","Mast","B_cell::MZ",1,0,0,20
"SCP2959","Inflamed","Mast","B_cell::Naïve B",1,0,0,20
"SCP2959","Inflamed","Mast","Plasma::Activated plasma",1,0,0,20
"SCP2959","Inflamed","Mast","Plasma::IgA plasma",1,0,0,20
"SCP2959","Inflamed","Mast","Plasma::IgG plasma",1,0,0,20
"SCP2959","Inflamed","Mast","Plasma::Transitional B",1,0,0,20
"SCP2959","Inflamed","Mesenchymal_stromal","B_cell::ActB3",1,0,0,20
"SCP2959","Inflamed","Mesenchymal_stromal","B_cell::CSM",1,0,0,20
"SCP2959","Inflamed","Mesenchymal_stromal","B_cell::Centroblast B",1,0,0,20
"SCP2959","Inflamed","Mesenchymal_stromal","B_cell::Centrocyte B",1,0,0,20
"SCP2959","Inflamed","Mesenchymal_stromal","B_cell::DN2",1,1,1,20
"SCP2959","Inflamed","Mesenchymal_stromal","B_cell::IgM-only",1,0,0,20
"SCP2959","Inflamed","Mesenchymal_stromal","B_cell::MZ",1,0,0,20
"SCP2959","Inflamed","Mesenchymal_stromal","B_cell::Naïve B",1,0,0,20
"SCP2959","Inflamed","Mesenchymal_stromal","Plasma::Activated plasma",1,0,0,20
"SCP2959","Inflamed","Mesenchymal_stromal","Plasma::IgA plasma",1,1,1,20
"SCP2959","Inflamed","Mesenchymal_stromal","Plasma::IgG plasma",1,1,1,20
"SCP2959","Inflamed","Mesenchymal_stromal","Plasma::Transitional B",1,0,0,20
"SCP2959","Inflamed","Myeloid","B_cell::ActB3",1,0,0,20
"SCP2959","Inflamed","Myeloid","B_cell::CSM",1,0,0,20
"SCP2959","Inflamed","Myeloid","B_cell::Centroblast B",1,0,0,20
"SCP2959","Inflamed","Myeloid","B_cell::Centrocyte B",1,0,0,20
"SCP2959","Inflamed","Myeloid","B_cell::DN2",1,1,1,20
"SCP2959","Inflamed","Myeloid","B_cell::IgM-only",1,0,0,20
"SCP2959","Inflamed","Myeloid","B_cell::MZ",1,0,0,20
"SCP2959","Inflamed","Myeloid","B_cell::Naïve B",1,0,0,20
"SCP2959","Inflamed","Myeloid","Plasma::Activated plasma",1,0,0,20
"SCP2959","Inflamed","Myeloid","Plasma::IgA plasma",1,1,1,20
"SCP2959","Inflamed","Myeloid","Plasma::IgG plasma",1,1,1,20
"SCP2959","Inflamed","Myeloid","Plasma::Transitional B",1,0,0,20
"SCP2959","Inflamed","T_NK","B_cell::ActB3",1,0,0,20
"SCP2959","Inflamed","T_NK","B_cell::CSM",1,0,0,20
"SCP2959","Inflamed","T_NK","B_cell::Centroblast B",1,0,0,20
"SCP2959","Inflamed","T_NK","B_cell::Centrocyte B",1,0,0,20
"SCP2959","Inflamed","T_NK","B_cell::DN2",1,1,1,20
"SCP2959","Inflamed","T_NK","B_cell::IgM-only",1,0,0,20
"SCP2959","Inflamed","T_NK","B_cell::MZ",1,0,0,20
"SCP2959","Inflamed","T_NK","B_cell::Naïve B",1,0,0,20
"SCP2959","Inflamed","T_NK","Plasma::Activated plasma",1,0,0,20
"SCP2959","Inflamed","T_NK","Plasma::IgA plasma",1,1,1,20
"SCP2959","Inflamed","T_NK","Plasma::IgG plasma",1,1,1,20
"SCP2959","Inflamed","T_NK","Plasma::Transitional B",1,0,0,20
"SCP2959","Control","B_cell::ActB3","Endothelial",9,3,3,20
"SCP2959","Control","B_cell::ActB3","Epithelial",9,3,3,20
"SCP2959","Control","B_cell::ActB3","Mast",9,3,3,20
"SCP2959","Control","B_cell::ActB3","Mesenchymal_stromal",9,3,3,20
"SCP2959","Control","B_cell::ActB3","Myeloid",9,3,3,20
"SCP2959","Control","B_cell::ActB3","T_NK",9,3,3,20
"SCP2959","Control","B_cell::CSM","Endothelial",9,4,4,20
"SCP2959","Control","B_cell::CSM","Epithelial",9,4,4,20
"SCP2959","Control","B_cell::CSM","Mast",9,4,4,20
"SCP2959","Control","B_cell::CSM","Mesenchymal_stromal",9,4,4,20
"SCP2959","Control","B_cell::CSM","Myeloid",9,4,4,20
"SCP2959","Control","B_cell::CSM","T_NK",9,4,4,20
"SCP2959","Control","B_cell::Centroblast B","Endothelial",9,2,2,20
"SCP2959","Control","B_cell::Centroblast B","Epithelial",9,2,2,20
"SCP2959","Control","B_cell::Centroblast B","Mast",9,2,2,20
"SCP2959","Control","B_cell::Centroblast B","Mesenchymal_stromal",9,2,2,20
"SCP2959","Control","B_cell::Centroblast B","Myeloid",9,2,2,20
"SCP2959","Control","B_cell::Centroblast B","T_NK",9,2,2,20
"SCP2959","Control","B_cell::Centrocyte B","Endothelial",9,2,2,20
"SCP2959","Control","B_cell::Centrocyte B","Epithelial",9,2,2,20
"SCP2959","Control","B_cell::Centrocyte B","Mast",9,2,2,20
"SCP2959","Control","B_cell::Centrocyte B","Mesenchymal_stromal",9,2,2,20
"SCP2959","Control","B_cell::Centrocyte B","Myeloid",9,2,2,20
"SCP2959","Control","B_cell::Centrocyte B","T_NK",9,2,2,20
"SCP2959","Control","B_cell::DN2","Endothelial",9,1,1,20
"SCP2959","Control","B_cell::DN2","Epithelial",9,1,1,20
"SCP2959","Control","B_cell::DN2","Mast",9,1,1,20
"SCP2959","Control","B_cell::DN2","Mesenchymal_stromal",9,1,1,20
"SCP2959","Control","B_cell::DN2","Myeloid",9,1,1,20
"SCP2959","Control","B_cell::DN2","T_NK",9,1,1,20
"SCP2959","Control","B_cell::IgM-only","Endothelial",9,1,1,20
"SCP2959","Control","B_cell::IgM-only","Epithelial",9,1,1,20
"SCP2959","Control","B_cell::IgM-only","Mast",9,1,1,20
"SCP2959","Control","B_cell::IgM-only","Mesenchymal_stromal",9,1,1,20
"SCP2959","Control","B_cell::IgM-only","Myeloid",9,1,1,20
"SCP2959","Control","B_cell::IgM-only","T_NK",9,1,1,20
"SCP2959","Control","B_cell::MZ","Endothelial",9,1,1,20
"SCP2959","Control","B_cell::MZ","Epithelial",9,1,1,20
"SCP2959","Control","B_cell::MZ","Mast",9,1,1,20
"SCP2959","Control","B_cell::MZ","Mesenchymal_stromal",9,1,1,20
"SCP2959","Control","B_cell::MZ","Myeloid",9,1,1,20
"SCP2959","Control","B_cell::MZ","T_NK",9,1,1,20
"SCP2959","Control","B_cell::Naïve B","Endothelial",9,4,4,20
"SCP2959","Control","B_cell::Naïve B","Epithelial",9,4,4,20
"SCP2959","Control","B_cell::Naïve B","Mast",9,4,4,20
"SCP2959","Control","B_cell::Naïve B","Mesenchymal_stromal",9,4,4,20
"SCP2959","Control","B_cell::Naïve B","Myeloid",9,4,4,20
"SCP2959","Control","B_cell::Naïve B","T_NK",9,4,4,20
"SCP2959","Control","Plasma::Activated plasma","Endothelial",9,4,4,20
"SCP2959","Control","Plasma::Activated plasma","Epithelial",9,5,5,20
"SCP2959","Control","Plasma::Activated plasma","Mast",9,5,5,20
"SCP2959","Control","Plasma::Activated plasma","Mesenchymal_stromal",9,5,5,20
"SCP2959","Control","Plasma::Activated plasma","Myeloid",9,5,5,20
"SCP2959","Control","Plasma::Activated plasma","T_NK",9,5,5,20
"SCP2959","Control","Plasma::IgA plasma","Endothelial",9,3,3,20
"SCP2959","Control","Plasma::IgA plasma","Epithelial",9,4,4,20
"SCP2959","Control","Plasma::IgA plasma","Mast",9,4,4,20
"SCP2959","Control","Plasma::IgA plasma","Mesenchymal_stromal",9,4,4,20
"SCP2959","Control","Plasma::IgA plasma","Myeloid",9,4,4,20
"SCP2959","Control","Plasma::IgA plasma","T_NK",9,4,4,20
"SCP2959","Control","Plasma::IgG plasma","Endothelial",9,2,2,20
"SCP2959","Control","Plasma::IgG plasma","Epithelial",9,2,2,20
"SCP2959","Control","Plasma::IgG plasma","Mast",9,2,2,20
"SCP2959","Control","Plasma::IgG plasma","Mesenchymal_stromal",9,2,2,20
"SCP2959","Control","Plasma::IgG plasma","Myeloid",9,2,2,20
"SCP2959","Control","Plasma::IgG plasma","T_NK",9,2,2,20
"SCP2959","Control","Plasma::Transitional B","Endothelial",9,0,0,20
"SCP2959","Control","Plasma::Transitional B","Epithelial",9,0,0,20
"SCP2959","Control","Plasma::Transitional B","Mast",9,0,0,20
"SCP2959","Control","Plasma::Transitional B","Mesenchymal_stromal",9,0,0,20
"SCP2959","Control","Plasma::Transitional B","Myeloid",9,0,0,20
"SCP2959","Control","Plasma::Transitional B","T_NK",9,0,0,20
"SCP2959","Control","Endothelial","B_cell::ActB3",9,3,3,20
"SCP2959","Control","Endothelial","B_cell::CSM",9,4,4,20
"SCP2959","Control","Endothelial","B_cell::Centroblast B",9,2,2,20
"SCP2959","Control","Endothelial","B_cell::Centrocyte B",9,2,2,20
"SCP2959","Control","Endothelial","B_cell::DN2",9,1,1,20
"SCP2959","Control","Endothelial","B_cell::IgM-only",9,1,1,20
"SCP2959","Control","Endothelial","B_cell::MZ",9,1,1,20
"SCP2959","Control","Endothelial","B_cell::Naïve B",9,4,4,20
"SCP2959","Control","Endothelial","Plasma::Activated plasma",9,4,4,20
"SCP2959","Control","Endothelial","Plasma::IgA plasma",9,3,3,20
"SCP2959","Control","Endothelial","Plasma::IgG plasma",9,2,2,20
"SCP2959","Control","Endothelial","Plasma::Transitional B",9,0,0,20
"SCP2959","Control","Epithelial","B_cell::ActB3",9,3,3,20
"SCP2959","Control","Epithelial","B_cell::CSM",9,4,4,20
"SCP2959","Control","Epithelial","B_cell::Centroblast B",9,2,2,20
"SCP2959","Control","Epithelial","B_cell::Centrocyte B",9,2,2,20
"SCP2959","Control","Epithelial","B_cell::DN2",9,1,1,20
"SCP2959","Control","Epithelial","B_cell::IgM-only",9,1,1,20
"SCP2959","Control","Epithelial","B_cell::MZ",9,1,1,20
"SCP2959","Control","Epithelial","B_cell::Naïve B",9,4,4,20
"SCP2959","Control","Epithelial","Plasma::Activated plasma",9,5,5,20
"SCP2959","Control","Epithelial","Plasma::IgA plasma",9,4,4,20
"SCP2959","Control","Epithelial","Plasma::IgG plasma",9,2,2,20
"SCP2959","Control","Epithelial","Plasma::Transitional B",9,0,0,20
"SCP2959","Control","Mast","B_cell::ActB3",9,3,3,20
"SCP2959","Control","Mast","B_cell::CSM",9,4,4,20
"SCP2959","Control","Mast","B_cell::Centroblast B",9,2,2,20
"SCP2959","Control","Mast","B_cell::Centrocyte B",9,2,2,20
"SCP2959","Control","Mast","B_cell::DN2",9,1,1,20
"SCP2959","Control","Mast","B_cell::IgM-only",9,1,1,20
"SCP2959","Control","Mast","B_cell::MZ",9,1,1,20
"SCP2959","Control","Mast","B_cell::Naïve B",9,4,4,20
"SCP2959","Control","Mast","Plasma::Activated plasma",9,5,5,20
"SCP2959","Control","Mast","Plasma::IgA plasma",9,4,4,20
"SCP2959","Control","Mast","Plasma::IgG plasma",9,2,2,20
"SCP2959","Control","Mast","Plasma::Transitional B",9,0,0,20
"SCP2959","Control","Mesenchymal_stromal","B_cell::ActB3",9,3,3,20
"SCP2959","Control","Mesenchymal_stromal","B_cell::CSM",9,4,4,20
"SCP2959","Control","Mesenchymal_stromal","B_cell::Centroblast B",9,2,2,20
"SCP2959","Control","Mesenchymal_stromal","B_cell::Centrocyte B",9,2,2,20
"SCP2959","Control","Mesenchymal_stromal","B_cell::DN2",9,1,1,20
"SCP2959","Control","Mesenchymal_stromal","B_cell::IgM-only",9,1,1,20
"SCP2959","Control","Mesenchymal_stromal","B_cell::MZ",9,1,1,20
"SCP2959","Control","Mesenchymal_stromal","B_cell::Naïve B",9,4,4,20
"SCP2959","Control","Mesenchymal_stromal","Plasma::Activated plasma",9,5,5,20
"SCP2959","Control","Mesenchymal_stromal","Plasma::IgA plasma",9,4,4,20
"SCP2959","Control","Mesenchymal_stromal","Plasma::IgG plasma",9,2,2,20
"SCP2959","Control","Mesenchymal_stromal","Plasma::Transitional B",9,0,0,20
"SCP2959","Control","Myeloid","B_cell::ActB3",9,3,3,20
"SCP2959","Control","Myeloid","B_cell::CSM",9,4,4,20
"SCP2959","Control","Myeloid","B_cell::Centroblast B",9,2,2,20
"SCP2959","Control","Myeloid","B_cell::Centrocyte B",9,2,2,20
"SCP2959","Control","Myeloid","B_cell::DN2",9,1,1,20
"SCP2959","Control","Myeloid","B_cell::IgM-only",9,1,1,20
"SCP2959","Control","Myeloid","B_cell::MZ",9,1,1,20
"SCP2959","Control","Myeloid","B_cell::Naïve B",9,4,4,20
"SCP2959","Control","Myeloid","Plasma::Activated plasma",9,5,5,20
"SCP2959","Control","Myeloid","Plasma::IgA plasma",9,4,4,20
"SCP2959","Control","Myeloid","Plasma::IgG plasma",9,2,2,20
"SCP2959","Control","Myeloid","Plasma::Transitional B",9,0,0,20
"SCP2959","Control","T_NK","B_cell::ActB3",9,3,3,20
"SCP2959","Control","T_NK","B_cell::CSM",9,4,4,20
"SCP2959","Control","T_NK","B_cell::Centroblast B",9,2,2,20
"SCP2959","Control","T_NK","B_cell::Centrocyte B",9,2,2,20
"SCP2959","Control","T_NK","B_cell::DN2",9,1,1,20
"SCP2959","Control","T_NK","B_cell::IgM-only",9,1,1,20
"SCP2959","Control","T_NK","B_cell::MZ",9,1,1,20
"SCP2959","Control","T_NK","B_cell::Naïve B",9,4,4,20
"SCP2959","Control","T_NK","Plasma::Activated plasma",9,5,5,20
"SCP2959","Control","T_NK","Plasma::IgA plasma",9,4,4,20
"SCP2959","Control","T_NK","Plasma::IgG plasma",9,2,2,20
"SCP2959","Control","T_NK","Plasma::Transitional B",9,0,0,20
"GSE134809","Inflamed","B_cell::ActB3","Endothelial",11,2,2,30
"GSE134809","Inflamed","B_cell::ActB3","Epithelial",11,2,2,30
"GSE134809","Inflamed","B_cell::ActB3","Mast",11,0,0,30
"GSE134809","Inflamed","B_cell::ActB3","Mesenchymal_stromal",11,2,2,30
"GSE134809","Inflamed","B_cell::ActB3","Myeloid",11,2,2,30
"GSE134809","Inflamed","B_cell::ActB3","T_NK",11,2,2,30
"GSE134809","Inflamed","B_cell::CSM","Endothelial",11,9,9,30
"GSE134809","Inflamed","B_cell::CSM","Epithelial",11,8,8,30
"GSE134809","Inflamed","B_cell::CSM","Mast",11,3,3,30
"GSE134809","Inflamed","B_cell::CSM","Mesenchymal_stromal",11,9,9,30
"GSE134809","Inflamed","B_cell::CSM","Myeloid",11,10,10,30
"GSE134809","Inflamed","B_cell::CSM","T_NK",11,10,10,30
"GSE134809","Inflamed","B_cell::Centroblast B","Endothelial",11,0,0,30
"GSE134809","Inflamed","B_cell::Centroblast B","Epithelial",11,0,0,30
"GSE134809","Inflamed","B_cell::Centroblast B","Mast",11,0,0,30
"GSE134809","Inflamed","B_cell::Centroblast B","Mesenchymal_stromal",11,0,0,30
"GSE134809","Inflamed","B_cell::Centroblast B","Myeloid",11,0,0,30
"GSE134809","Inflamed","B_cell::Centroblast B","T_NK",11,0,0,30
"GSE134809","Inflamed","B_cell::Centrocyte B","Endothelial",11,0,0,30
"GSE134809","Inflamed","B_cell::Centrocyte B","Epithelial",11,0,0,30
"GSE134809","Inflamed","B_cell::Centrocyte B","Mast",11,0,0,30
"GSE134809","Inflamed","B_cell::Centrocyte B","Mesenchymal_stromal",11,0,0,30
"GSE134809","Inflamed","B_cell::Centrocyte B","Myeloid",11,0,0,30
"GSE134809","Inflamed","B_cell::Centrocyte B","T_NK",11,0,0,30
"GSE134809","Inflamed","B_cell::DN2","Endothelial",11,1,1,30
"GSE134809","Inflamed","B_cell::DN2","Epithelial",11,0,0,30
"GSE134809","Inflamed","B_cell::DN2","Mast",11,0,0,30
"GSE134809","Inflamed","B_cell::DN2","Mesenchymal_stromal",11,1,1,30
"GSE134809","Inflamed","B_cell::DN2","Myeloid",11,1,1,30
"GSE134809","Inflamed","B_cell::DN2","T_NK",11,1,1,30
"GSE134809","Inflamed","B_cell::IgM-only","Endothelial",11,3,3,30
"GSE134809","Inflamed","B_cell::IgM-only","Epithelial",11,3,3,30
"GSE134809","Inflamed","B_cell::IgM-only","Mast",11,1,1,30
"GSE134809","Inflamed","B_cell::IgM-only","Mesenchymal_stromal",11,3,3,30
"GSE134809","Inflamed","B_cell::IgM-only","Myeloid",11,3,3,30
"GSE134809","Inflamed","B_cell::IgM-only","T_NK",11,3,3,30
"GSE134809","Inflamed","B_cell::MZ","Endothelial",11,0,0,30
"GSE134809","Inflamed","B_cell::MZ","Epithelial",11,0,0,30
"GSE134809","Inflamed","B_cell::MZ","Mast",11,0,0,30
"GSE134809","Inflamed","B_cell::MZ","Mesenchymal_stromal",11,0,0,30
"GSE134809","Inflamed","B_cell::MZ","Myeloid",11,0,0,30
"GSE134809","Inflamed","B_cell::MZ","T_NK",11,0,0,30
"GSE134809","Inflamed","B_cell::Naïve B","Endothelial",11,7,7,30
"GSE134809","Inflamed","B_cell::Naïve B","Epithelial",11,5,5,30
"GSE134809","Inflamed","B_cell::Naïve B","Mast",11,2,2,30
"GSE134809","Inflamed","B_cell::Naïve B","Mesenchymal_stromal",11,7,7,30
"GSE134809","Inflamed","B_cell::Naïve B","Myeloid",11,7,7,30
"GSE134809","Inflamed","B_cell::Naïve B","T_NK",11,7,7,30
"GSE134809","Inflamed","Plasma::Activated plasma","Endothelial",11,6,6,30
"GSE134809","Inflamed","Plasma::Activated plasma","Epithelial",11,8,8,30
"GSE134809","Inflamed","Plasma::Activated plasma","Mast",11,4,4,30
"GSE134809","Inflamed","Plasma::Activated plasma","Mesenchymal_stromal",11,6,6,30
"GSE134809","Inflamed","Plasma::Activated plasma","Myeloid",11,8,8,30
"GSE134809","Inflamed","Plasma::Activated plasma","T_NK",11,8,8,30
"GSE134809","Inflamed","Plasma::IgA plasma","Endothelial",11,9,9,30
"GSE134809","Inflamed","Plasma::IgA plasma","Epithelial",11,9,9,30
"GSE134809","Inflamed","Plasma::IgA plasma","Mast",11,4,4,30
"GSE134809","Inflamed","Plasma::IgA plasma","Mesenchymal_stromal",11,9,9,30
"GSE134809","Inflamed","Plasma::IgA plasma","Myeloid",11,11,11,30
"GSE134809","Inflamed","Plasma::IgA plasma","T_NK",11,11,11,30
"GSE134809","Inflamed","Plasma::IgG plasma","Endothelial",11,8,8,30
"GSE134809","Inflamed","Plasma::IgG plasma","Epithelial",11,6,6,30
"GSE134809","Inflamed","Plasma::IgG plasma","Mast",11,3,3,30
"GSE134809","Inflamed","Plasma::IgG plasma","Mesenchymal_stromal",11,8,8,30
"GSE134809","Inflamed","Plasma::IgG plasma","Myeloid",11,8,8,30
"GSE134809","Inflamed","Plasma::IgG plasma","T_NK",11,8,8,30
"GSE134809","Inflamed","Plasma::Transitional B","Endothelial",11,1,1,30
"GSE134809","Inflamed","Plasma::Transitional B","Epithelial",11,1,1,30
"GSE134809","Inflamed","Plasma::Transitional B","Mast",11,1,1,30
"GSE134809","Inflamed","Plasma::Transitional B","Mesenchymal_stromal",11,1,1,30
"GSE134809","Inflamed","Plasma::Transitional B","Myeloid",11,1,1,30
"GSE134809","Inflamed","Plasma::Transitional B","T_NK",11,1,1,30
"GSE134809","Inflamed","Endothelial","B_cell::ActB3",11,2,2,30
"GSE134809","Inflamed","Endothelial","B_cell::CSM",11,9,9,30
"GSE134809","Inflamed","Endothelial","B_cell::Centroblast B",11,0,0,30
"GSE134809","Inflamed","Endothelial","B_cell::Centrocyte B",11,0,0,30
"GSE134809","Inflamed","Endothelial","B_cell::DN2",11,1,1,30
"GSE134809","Inflamed","Endothelial","B_cell::IgM-only",11,3,3,30
"GSE134809","Inflamed","Endothelial","B_cell::MZ",11,0,0,30
"GSE134809","Inflamed","Endothelial","B_cell::Naïve B",11,7,7,30
"GSE134809","Inflamed","Endothelial","Plasma::Activated plasma",11,6,6,30
"GSE134809","Inflamed","Endothelial","Plasma::IgA plasma",11,9,9,30
"GSE134809","Inflamed","Endothelial","Plasma::IgG plasma",11,8,8,30
"GSE134809","Inflamed","Endothelial","Plasma::Transitional B",11,1,1,30
"GSE134809","Inflamed","Epithelial","B_cell::ActB3",11,2,2,30
"GSE134809","Inflamed","Epithelial","B_cell::CSM",11,8,8,30
"GSE134809","Inflamed","Epithelial","B_cell::Centroblast B",11,0,0,30
"GSE134809","Inflamed","Epithelial","B_cell::Centrocyte B",11,0,0,30
"GSE134809","Inflamed","Epithelial","B_cell::DN2",11,0,0,30
"GSE134809","Inflamed","Epithelial","B_cell::IgM-only",11,3,3,30
"GSE134809","Inflamed","Epithelial","B_cell::MZ",11,0,0,30
"GSE134809","Inflamed","Epithelial","B_cell::Naïve B",11,5,5,30
"GSE134809","Inflamed","Epithelial","Plasma::Activated plasma",11,8,8,30
"GSE134809","Inflamed","Epithelial","Plasma::IgA plasma",11,9,9,30
"GSE134809","Inflamed","Epithelial","Plasma::IgG plasma",11,6,6,30
"GSE134809","Inflamed","Epithelial","Plasma::Transitional B",11,1,1,30
"GSE134809","Inflamed","Mast","B_cell::ActB3",11,0,0,30
"GSE134809","Inflamed","Mast","B_cell::CSM",11,3,3,30
"GSE134809","Inflamed","Mast","B_cell::Centroblast B",11,0,0,30
"GSE134809","Inflamed","Mast","B_cell::Centrocyte B",11,0,0,30
"GSE134809","Inflamed","Mast","B_cell::DN2",11,0,0,30
"GSE134809","Inflamed","Mast","B_cell::IgM-only",11,1,1,30
"GSE134809","Inflamed","Mast","B_cell::MZ",11,0,0,30
"GSE134809","Inflamed","Mast","B_cell::Naïve B",11,2,2,30
"GSE134809","Inflamed","Mast","Plasma::Activated plasma",11,4,4,30
"GSE134809","Inflamed","Mast","Plasma::IgA plasma",11,4,4,30
"GSE134809","Inflamed","Mast","Plasma::IgG plasma",11,3,3,30
"GSE134809","Inflamed","Mast","Plasma::Transitional B",11,1,1,30
"GSE134809","Inflamed","Mesenchymal_stromal","B_cell::ActB3",11,2,2,30
"GSE134809","Inflamed","Mesenchymal_stromal","B_cell::CSM",11,9,9,30
"GSE134809","Inflamed","Mesenchymal_stromal","B_cell::Centroblast B",11,0,0,30
"GSE134809","Inflamed","Mesenchymal_stromal","B_cell::Centrocyte B",11,0,0,30
"GSE134809","Inflamed","Mesenchymal_stromal","B_cell::DN2",11,1,1,30
"GSE134809","Inflamed","Mesenchymal_stromal","B_cell::IgM-only",11,3,3,30
"GSE134809","Inflamed","Mesenchymal_stromal","B_cell::MZ",11,0,0,30
"GSE134809","Inflamed","Mesenchymal_stromal","B_cell::Naïve B",11,7,7,30
"GSE134809","Inflamed","Mesenchymal_stromal","Plasma::Activated plasma",11,6,6,30
"GSE134809","Inflamed","Mesenchymal_stromal","Plasma::IgA plasma",11,9,9,30
"GSE134809","Inflamed","Mesenchymal_stromal","Plasma::IgG plasma",11,8,8,30
"GSE134809","Inflamed","Mesenchymal_stromal","Plasma::Transitional B",11,1,1,30
"GSE134809","Inflamed","Myeloid","B_cell::ActB3",11,2,2,30
"GSE134809","Inflamed","Myeloid","B_cell::CSM",11,10,10,30
"GSE134809","Inflamed","Myeloid","B_cell::Centroblast B",11,0,0,30
"GSE134809","Inflamed","Myeloid","B_cell::Centrocyte B",11,0,0,30
"GSE134809","Inflamed","Myeloid","B_cell::DN2",11,1,1,30
"GSE134809","Inflamed","Myeloid","B_cell::IgM-only",11,3,3,30
"GSE134809","Inflamed","Myeloid","B_cell::MZ",11,0,0,30
"GSE134809","Inflamed","Myeloid","B_cell::Naïve B",11,7,7,30
"GSE134809","Inflamed","Myeloid","Plasma::Activated plasma",11,8,8,30
"GSE134809","Inflamed","Myeloid","Plasma::IgA plasma",11,11,11,30
"GSE134809","Inflamed","Myeloid","Plasma::IgG plasma",11,8,8,30
"GSE134809","Inflamed","Myeloid","Plasma::Transitional B",11,1,1,30
"GSE134809","Inflamed","T_NK","B_cell::ActB3",11,2,2,30
"GSE134809","Inflamed","T_NK","B_cell::CSM",11,10,10,30
"GSE134809","Inflamed","T_NK","B_cell::Centroblast B",11,0,0,30
"GSE134809","Inflamed","T_NK","B_cell::Centrocyte B",11,0,0,30
"GSE134809","Inflamed","T_NK","B_cell::DN2",11,1,1,30
"GSE134809","Inflamed","T_NK","B_cell::IgM-only",11,3,3,30
"GSE134809","Inflamed","T_NK","B_cell::MZ",11,0,0,30
"GSE134809","Inflamed","T_NK","B_cell::Naïve B",11,7,7,30
"GSE134809","Inflamed","T_NK","Plasma::Activated plasma",11,8,8,30
"GSE134809","Inflamed","T_NK","Plasma::IgA plasma",11,11,11,30
"GSE134809","Inflamed","T_NK","Plasma::IgG plasma",11,8,8,30
"GSE134809","Inflamed","T_NK","Plasma::Transitional B",11,1,1,30
"GSE134809","Non-inflamed","B_cell::ActB3","Endothelial",11,0,0,30
"GSE134809","Non-inflamed","B_cell::ActB3","Epithelial",11,0,0,30
"GSE134809","Non-inflamed","B_cell::ActB3","Mast",11,0,0,30
"GSE134809","Non-inflamed","B_cell::ActB3","Mesenchymal_stromal",11,0,0,30
"GSE134809","Non-inflamed","B_cell::ActB3","Myeloid",11,0,0,30
"GSE134809","Non-inflamed","B_cell::ActB3","T_NK",11,0,0,30
"GSE134809","Non-inflamed","B_cell::CSM","Endothelial",11,6,6,30
"GSE134809","Non-inflamed","B_cell::CSM","Epithelial",11,10,10,30
"GSE134809","Non-inflamed","B_cell::CSM","Mast",11,4,4,30
"GSE134809","Non-inflamed","B_cell::CSM","Mesenchymal_stromal",11,9,9,30
"GSE134809","Non-inflamed","B_cell::CSM","Myeloid",11,10,10,30
"GSE134809","Non-inflamed","B_cell::CSM","T_NK",11,10,10,30
"GSE134809","Non-inflamed","B_cell::Centroblast B","Endothelial",11,0,0,30
"GSE134809","Non-inflamed","B_cell::Centroblast B","Epithelial",11,0,0,30
"GSE134809","Non-inflamed","B_cell::Centroblast B","Mast",11,0,0,30
"GSE134809","Non-inflamed","B_cell::Centroblast B","Mesenchymal_stromal",11,0,0,30
"GSE134809","Non-inflamed","B_cell::Centroblast B","Myeloid",11,0,0,30
"GSE134809","Non-inflamed","B_cell::Centroblast B","T_NK",11,0,0,30
"GSE134809","Non-inflamed","B_cell::Centrocyte B","Endothelial",11,0,0,30
"GSE134809","Non-inflamed","B_cell::Centrocyte B","Epithelial",11,0,0,30
"GSE134809","Non-inflamed","B_cell::Centrocyte B","Mast",11,0,0,30
"GSE134809","Non-inflamed","B_cell::Centrocyte B","Mesenchymal_stromal",11,0,0,30
"GSE134809","Non-inflamed","B_cell::Centrocyte B","Myeloid",11,0,0,30
"GSE134809","Non-inflamed","B_cell::Centrocyte B","T_NK",11,0,0,30
"GSE134809","Non-inflamed","B_cell::DN2","Endothelial",11,0,0,30
"GSE134809","Non-inflamed","B_cell::DN2","Epithelial",11,0,0,30
"GSE134809","Non-inflamed","B_cell::DN2","Mast",11,0,0,30
"GSE134809","Non-inflamed","B_cell::DN2","Mesenchymal_stromal",11,0,0,30
"GSE134809","Non-inflamed","B_cell::DN2","Myeloid",11,0,0,30
"GSE134809","Non-inflamed","B_cell::DN2","T_NK",11,0,0,30
"GSE134809","Non-inflamed","B_cell::IgM-only","Endothelial",11,0,0,30
"GSE134809","Non-inflamed","B_cell::IgM-only","Epithelial",11,0,0,30
"GSE134809","Non-inflamed","B_cell::IgM-only","Mast",11,0,0,30
"GSE134809","Non-inflamed","B_cell::IgM-only","Mesenchymal_stromal",11,0,0,30
"GSE134809","Non-inflamed","B_cell::IgM-only","Myeloid",11,0,0,30
"GSE134809","Non-inflamed","B_cell::IgM-only","T_NK",11,0,0,30
"GSE134809","Non-inflamed","B_cell::MZ","Endothelial",11,0,0,30
"GSE134809","Non-inflamed","B_cell::MZ","Epithelial",11,0,0,30
"GSE134809","Non-inflamed","B_cell::MZ","Mast",11,0,0,30
"GSE134809","Non-inflamed","B_cell::MZ","Mesenchymal_stromal",11,0,0,30
"GSE134809","Non-inflamed","B_cell::MZ","Myeloid",11,0,0,30
"GSE134809","Non-inflamed","B_cell::MZ","T_NK",11,0,0,30
"GSE134809","Non-inflamed","B_cell::Naïve B","Endothelial",11,3,3,30
"GSE134809","Non-inflamed","B_cell::Naïve B","Epithelial",11,4,4,30
"GSE134809","Non-inflamed","B_cell::Naïve B","Mast",11,2,2,30
"GSE134809","Non-inflamed","B_cell::Naïve B","Mesenchymal_stromal",11,4,4,30
"GSE134809","Non-inflamed","B_cell::Naïve B","Myeloid",11,4,4,30
"GSE134809","Non-inflamed","B_cell::Naïve B","T_NK",11,4,4,30
"GSE134809","Non-inflamed","Plasma::Activated plasma","Endothelial",11,3,3,30
"GSE134809","Non-inflamed","Plasma::Activated plasma","Epithelial",11,6,6,30
"GSE134809","Non-inflamed","Plasma::Activated plasma","Mast",11,4,4,30
"GSE134809","Non-inflamed","Plasma::Activated plasma","Mesenchymal_stromal",11,5,5,30
"GSE134809","Non-inflamed","Plasma::Activated plasma","Myeloid",11,6,6,30
"GSE134809","Non-inflamed","Plasma::Activated plasma","T_NK",11,6,6,30
"GSE134809","Non-inflamed","Plasma::IgA plasma","Endothelial",11,6,6,30
"GSE134809","Non-inflamed","Plasma::IgA plasma","Epithelial",11,11,11,30
"GSE134809","Non-inflamed","Plasma::IgA plasma","Mast",11,4,4,30
"GSE134809","Non-inflamed","Plasma::IgA plasma","Mesenchymal_stromal",11,9,9,30
"GSE134809","Non-inflamed","Plasma::IgA plasma","Myeloid",11,10,10,30
"GSE134809","Non-inflamed","Plasma::IgA plasma","T_NK",11,11,11,30
"GSE134809","Non-inflamed","Plasma::IgG plasma","Endothelial",11,1,1,30
"GSE134809","Non-inflamed","Plasma::IgG plasma","Epithelial",11,2,2,30
"GSE134809","Non-inflamed","Plasma::IgG plasma","Mast",11,2,2,30
"GSE134809","Non-inflamed","Plasma::IgG plasma","Mesenchymal_stromal",11,2,2,30
"GSE134809","Non-inflamed","Plasma::IgG plasma","Myeloid",11,2,2,30
"GSE134809","Non-inflamed","Plasma::IgG plasma","T_NK",11,2,2,30
"GSE134809","Non-inflamed","Plasma::Transitional B","Endothelial",11,0,0,30
"GSE134809","Non-inflamed","Plasma::Transitional B","Epithelial",11,0,0,30
"GSE134809","Non-inflamed","Plasma::Transitional B","Mast",11,0,0,30
"GSE134809","Non-inflamed","Plasma::Transitional B","Mesenchymal_stromal",11,0,0,30
"GSE134809","Non-inflamed","Plasma::Transitional B","Myeloid",11,0,0,30
"GSE134809","Non-inflamed","Plasma::Transitional B","T_NK",11,0,0,30
"GSE134809","Non-inflamed","Endothelial","B_cell::ActB3",11,0,0,30
"GSE134809","Non-inflamed","Endothelial","B_cell::CSM",11,6,6,30
"GSE134809","Non-inflamed","Endothelial","B_cell::Centroblast B",11,0,0,30
"GSE134809","Non-inflamed","Endothelial","B_cell::Centrocyte B",11,0,0,30
"GSE134809","Non-inflamed","Endothelial","B_cell::DN2",11,0,0,30
"GSE134809","Non-inflamed","Endothelial","B_cell::IgM-only",11,0,0,30
"GSE134809","Non-inflamed","Endothelial","B_cell::MZ",11,0,0,30
"GSE134809","Non-inflamed","Endothelial","B_cell::Naïve B",11,3,3,30
"GSE134809","Non-inflamed","Endothelial","Plasma::Activated plasma",11,3,3,30
"GSE134809","Non-inflamed","Endothelial","Plasma::IgA plasma",11,6,6,30
"GSE134809","Non-inflamed","Endothelial","Plasma::IgG plasma",11,1,1,30
"GSE134809","Non-inflamed","Endothelial","Plasma::Transitional B",11,0,0,30
"GSE134809","Non-inflamed","Epithelial","B_cell::ActB3",11,0,0,30
"GSE134809","Non-inflamed","Epithelial","B_cell::CSM",11,10,10,30
"GSE134809","Non-inflamed","Epithelial","B_cell::Centroblast B",11,0,0,30
"GSE134809","Non-inflamed","Epithelial","B_cell::Centrocyte B",11,0,0,30
"GSE134809","Non-inflamed","Epithelial","B_cell::DN2",11,0,0,30
"GSE134809","Non-inflamed","Epithelial","B_cell::IgM-only",11,0,0,30
"GSE134809","Non-inflamed","Epithelial","B_cell::MZ",11,0,0,30
"GSE134809","Non-inflamed","Epithelial","B_cell::Naïve B",11,4,4,30
"GSE134809","Non-inflamed","Epithelial","Plasma::Activated plasma",11,6,6,30
"GSE134809","Non-inflamed","Epithelial","Plasma::IgA plasma",11,11,11,30
"GSE134809","Non-inflamed","Epithelial","Plasma::IgG plasma",11,2,2,30
"GSE134809","Non-inflamed","Epithelial","Plasma::Transitional B",11,0,0,30
"GSE134809","Non-inflamed","Mast","B_cell::ActB3",11,0,0,30
"GSE134809","Non-inflamed","Mast","B_cell::CSM",11,4,4,30
"GSE134809","Non-inflamed","Mast","B_cell::Centroblast B",11,0,0,30
"GSE134809","Non-inflamed","Mast","B_cell::Centrocyte B",11,0,0,30
"GSE134809","Non-inflamed","Mast","B_cell::DN2",11,0,0,30
"GSE134809","Non-inflamed","Mast","B_cell::IgM-only",11,0,0,30
"GSE134809","Non-inflamed","Mast","B_cell::MZ",11,0,0,30
"GSE134809","Non-inflamed","Mast","B_cell::Naïve B",11,2,2,30
"GSE134809","Non-inflamed","Mast","Plasma::Activated plasma",11,4,4,30
"GSE134809","Non-inflamed","Mast","Plasma::IgA plasma",11,4,4,30
"GSE134809","Non-inflamed","Mast","Plasma::IgG plasma",11,2,2,30
"GSE134809","Non-inflamed","Mast","Plasma::Transitional B",11,0,0,30
"GSE134809","Non-inflamed","Mesenchymal_stromal","B_cell::ActB3",11,0,0,30
"GSE134809","Non-inflamed","Mesenchymal_stromal","B_cell::CSM",11,9,9,30
"GSE134809","Non-inflamed","Mesenchymal_stromal","B_cell::Centroblast B",11,0,0,30
"GSE134809","Non-inflamed","Mesenchymal_stromal","B_cell::Centrocyte B",11,0,0,30
"GSE134809","Non-inflamed","Mesenchymal_stromal","B_cell::DN2",11,0,0,30
"GSE134809","Non-inflamed","Mesenchymal_stromal","B_cell::IgM-only",11,0,0,30
"GSE134809","Non-inflamed","Mesenchymal_stromal","B_cell::MZ",11,0,0,30
"GSE134809","Non-inflamed","Mesenchymal_stromal","B_cell::Naïve B",11,4,4,30
"GSE134809","Non-inflamed","Mesenchymal_stromal","Plasma::Activated plasma",11,5,5,30
"GSE134809","Non-inflamed","Mesenchymal_stromal","Plasma::IgA plasma",11,9,9,30
"GSE134809","Non-inflamed","Mesenchymal_stromal","Plasma::IgG plasma",11,2,2,30
"GSE134809","Non-inflamed","Mesenchymal_stromal","Plasma::Transitional B",11,0,0,30
"GSE134809","Non-inflamed","Myeloid","B_cell::ActB3",11,0,0,30
"GSE134809","Non-inflamed","Myeloid","B_cell::CSM",11,10,10,30
"GSE134809","Non-inflamed","Myeloid","B_cell::Centroblast B",11,0,0,30
"GSE134809","Non-inflamed","Myeloid","B_cell::Centrocyte B",11,0,0,30
"GSE134809","Non-inflamed","Myeloid","B_cell::DN2",11,0,0,30
"GSE134809","Non-inflamed","Myeloid","B_cell::IgM-only",11,0,0,30
"GSE134809","Non-inflamed","Myeloid","B_cell::MZ",11,0,0,30
"GSE134809","Non-inflamed","Myeloid","B_cell::Naïve B",11,4,4,30
"GSE134809","Non-inflamed","Myeloid","Plasma::Activated plasma",11,6,6,30
"GSE134809","Non-inflamed","Myeloid","Plasma::IgA plasma",11,10,10,30
"GSE134809","Non-inflamed","Myeloid","Plasma::IgG plasma",11,2,2,30
"GSE134809","Non-inflamed","Myeloid","Plasma::Transitional B",11,0,0,30
"GSE134809","Non-inflamed","T_NK","B_cell::ActB3",11,0,0,30
"GSE134809","Non-inflamed","T_NK","B_cell::CSM",11,10,10,30
"GSE134809","Non-inflamed","T_NK","B_cell::Centroblast B",11,0,0,30
"GSE134809","Non-inflamed","T_NK","B_cell::Centrocyte B",11,0,0,30
"GSE134809","Non-inflamed","T_NK","B_cell::DN2",11,0,0,30
"GSE134809","Non-inflamed","T_NK","B_cell::IgM-only",11,0,0,30
"GSE134809","Non-inflamed","T_NK","B_cell::MZ",11,0,0,30
"GSE134809","Non-inflamed","T_NK","B_cell::Naïve B",11,4,4,30
"GSE134809","Non-inflamed","T_NK","Plasma::Activated plasma",11,6,6,30
"GSE134809","Non-inflamed","T_NK","Plasma::IgA plasma",11,11,11,30
"GSE134809","Non-inflamed","T_NK","Plasma::IgG plasma",11,2,2,30
"GSE134809","Non-inflamed","T_NK","Plasma::Transitional B",11,0,0,30
"JCI2024","Stricture","B_cell::ActB3","Endothelial",6,0,0,30
"JCI2024","Stricture","B_cell::ActB3","Epithelial",6,0,0,30
"JCI2024","Stricture","B_cell::ActB3","Mast",6,0,0,30
"JCI2024","Stricture","B_cell::ActB3","Mesenchymal_stromal",6,0,0,30
"JCI2024","Stricture","B_cell::ActB3","Myeloid",6,0,0,30
"JCI2024","Stricture","B_cell::ActB3","T_NK",6,0,0,30
"JCI2024","Stricture","B_cell::CSM","Endothelial",6,6,6,30
"JCI2024","Stricture","B_cell::CSM","Epithelial",6,5,5,30
"JCI2024","Stricture","B_cell::CSM","Mast",6,6,6,30
"JCI2024","Stricture","B_cell::CSM","Mesenchymal_stromal",6,6,6,30
"JCI2024","Stricture","B_cell::CSM","Myeloid",6,6,6,30
"JCI2024","Stricture","B_cell::CSM","T_NK",6,6,6,30
"JCI2024","Stricture","B_cell::Centroblast B","Endothelial",6,0,0,30
"JCI2024","Stricture","B_cell::Centroblast B","Epithelial",6,0,0,30
"JCI2024","Stricture","B_cell::Centroblast B","Mast",6,0,0,30
"JCI2024","Stricture","B_cell::Centroblast B","Mesenchymal_stromal",6,0,0,30
"JCI2024","Stricture","B_cell::Centroblast B","Myeloid",6,0,0,30
"JCI2024","Stricture","B_cell::Centroblast B","T_NK",6,0,0,30
"JCI2024","Stricture","B_cell::Centrocyte B","Endothelial",6,0,0,30
"JCI2024","Stricture","B_cell::Centrocyte B","Epithelial",6,0,0,30
"JCI2024","Stricture","B_cell::Centrocyte B","Mast",6,0,0,30
"JCI2024","Stricture","B_cell::Centrocyte B","Mesenchymal_stromal",6,0,0,30
"JCI2024","Stricture","B_cell::Centrocyte B","Myeloid",6,0,0,30
"JCI2024","Stricture","B_cell::Centrocyte B","T_NK",6,0,0,30
"JCI2024","Stricture","B_cell::DN2","Endothelial",6,2,2,30
"JCI2024","Stricture","B_cell::DN2","Epithelial",6,2,2,30
"JCI2024","Stricture","B_cell::DN2","Mast",6,2,2,30
"JCI2024","Stricture","B_cell::DN2","Mesenchymal_stromal",6,2,2,30
"JCI2024","Stricture","B_cell::DN2","Myeloid",6,2,2,30
"JCI2024","Stricture","B_cell::DN2","T_NK",6,2,2,30
"JCI2024","Stricture","B_cell::IgM-only","Endothelial",6,1,1,30
"JCI2024","Stricture","B_cell::IgM-only","Epithelial",6,0,0,30
"JCI2024","Stricture","B_cell::IgM-only","Mast",6,1,1,30
"JCI2024","Stricture","B_cell::IgM-only","Mesenchymal_stromal",6,1,1,30
"JCI2024","Stricture","B_cell::IgM-only","Myeloid",6,1,1,30
"JCI2024","Stricture","B_cell::IgM-only","T_NK",6,1,1,30
"JCI2024","Stricture","B_cell::MZ","Endothelial",6,0,0,30
"JCI2024","Stricture","B_cell::MZ","Epithelial",6,0,0,30
"JCI2024","Stricture","B_cell::MZ","Mast",6,0,0,30
"JCI2024","Stricture","B_cell::MZ","Mesenchymal_stromal",6,0,0,30
"JCI2024","Stricture","B_cell::MZ","Myeloid",6,0,0,30
"JCI2024","Stricture","B_cell::MZ","T_NK",6,0,0,30
"JCI2024","Stricture","B_cell::Naïve B","Endothelial",6,3,3,30
"JCI2024","Stricture","B_cell::Naïve B","Epithelial",6,2,2,30
"JCI2024","Stricture","B_cell::Naïve B","Mast",6,3,3,30
"JCI2024","Stricture","B_cell::Naïve B","Mesenchymal_stromal",6,3,3,30
"JCI2024","Stricture","B_cell::Naïve B","Myeloid",6,3,3,30
"JCI2024","Stricture","B_cell::Naïve B","T_NK",6,3,3,30
"JCI2024","Stricture","Plasma::Activated plasma","Endothelial",6,5,5,30
"JCI2024","Stricture","Plasma::Activated plasma","Epithelial",6,5,5,30
"JCI2024","Stricture","Plasma::Activated plasma","Mast",6,5,5,30
"JCI2024","Stricture","Plasma::Activated plasma","Mesenchymal_stromal",6,5,5,30
"JCI2024","Stricture","Plasma::Activated plasma","Myeloid",6,5,5,30
"JCI2024","Stricture","Plasma::Activated plasma","T_NK",6,5,5,30
"JCI2024","Stricture","Plasma::IgA plasma","Endothelial",6,6,6,30
"JCI2024","Stricture","Plasma::IgA plasma","Epithelial",6,5,5,30
"JCI2024","Stricture","Plasma::IgA plasma","Mast",6,6,6,30
"JCI2024","Stricture","Plasma::IgA plasma","Mesenchymal_stromal",6,6,6,30
"JCI2024","Stricture","Plasma::IgA plasma","Myeloid",6,6,6,30
"JCI2024","Stricture","Plasma::IgA plasma","T_NK",6,6,6,30
"JCI2024","Stricture","Plasma::IgG plasma","Endothelial",6,5,5,30
"JCI2024","Stricture","Plasma::IgG plasma","Epithelial",6,5,5,30
"JCI2024","Stricture","Plasma::IgG plasma","Mast",6,5,5,30
"JCI2024","Stricture","Plasma::IgG plasma","Mesenchymal_stromal",6,5,5,30
"JCI2024","Stricture","Plasma::IgG plasma","Myeloid",6,5,5,30
"JCI2024","Stricture","Plasma::IgG plasma","T_NK",6,5,5,30
"JCI2024","Stricture","Plasma::Transitional B","Endothelial",6,0,0,30
"JCI2024","Stricture","Plasma::Transitional B","Epithelial",6,0,0,30
"JCI2024","Stricture","Plasma::Transitional B","Mast",6,0,0,30
"JCI2024","Stricture","Plasma::Transitional B","Mesenchymal_stromal",6,0,0,30
"JCI2024","Stricture","Plasma::Transitional B","Myeloid",6,0,0,30
"JCI2024","Stricture","Plasma::Transitional B","T_NK",6,0,0,30
"JCI2024","Stricture","Endothelial","B_cell::ActB3",6,0,0,30
"JCI2024","Stricture","Endothelial","B_cell::CSM",6,6,6,30
"JCI2024","Stricture","Endothelial","B_cell::Centroblast B",6,0,0,30
"JCI2024","Stricture","Endothelial","B_cell::Centrocyte B",6,0,0,30
"JCI2024","Stricture","Endothelial","B_cell::DN2",6,2,2,30
"JCI2024","Stricture","Endothelial","B_cell::IgM-only",6,1,1,30
"JCI2024","Stricture","Endothelial","B_cell::MZ",6,0,0,30
"JCI2024","Stricture","Endothelial","B_cell::Naïve B",6,3,3,30
"JCI2024","Stricture","Endothelial","Plasma::Activated plasma",6,5,5,30
"JCI2024","Stricture","Endothelial","Plasma::IgA plasma",6,6,6,30
"JCI2024","Stricture","Endothelial","Plasma::IgG plasma",6,5,5,30
"JCI2024","Stricture","Endothelial","Plasma::Transitional B",6,0,0,30
"JCI2024","Stricture","Epithelial","B_cell::ActB3",6,0,0,30
"JCI2024","Stricture","Epithelial","B_cell::CSM",6,5,5,30
"JCI2024","Stricture","Epithelial","B_cell::Centroblast B",6,0,0,30
"JCI2024","Stricture","Epithelial","B_cell::Centrocyte B",6,0,0,30
"JCI2024","Stricture","Epithelial","B_cell::DN2",6,2,2,30
"JCI2024","Stricture","Epithelial","B_cell::IgM-only",6,0,0,30
"JCI2024","Stricture","Epithelial","B_cell::MZ",6,0,0,30
"JCI2024","Stricture","Epithelial","B_cell::Naïve B",6,2,2,30
"JCI2024","Stricture","Epithelial","Plasma::Activated plasma",6,5,5,30
"JCI2024","Stricture","Epithelial","Plasma::IgA plasma",6,5,5,30
"JCI2024","Stricture","Epithelial","Plasma::IgG plasma",6,5,5,30
"JCI2024","Stricture","Epithelial","Plasma::Transitional B",6,0,0,30
"JCI2024","Stricture","Mast","B_cell::ActB3",6,0,0,30
"JCI2024","Stricture","Mast","B_cell::CSM",6,6,6,30
"JCI2024","Stricture","Mast","B_cell::Centroblast B",6,0,0,30
"JCI2024","Stricture","Mast","B_cell::Centrocyte B",6,0,0,30
"JCI2024","Stricture","Mast","B_cell::DN2",6,2,2,30
"JCI2024","Stricture","Mast","B_cell::IgM-only",6,1,1,30
"JCI2024","Stricture","Mast","B_cell::MZ",6,0,0,30
"JCI2024","Stricture","Mast","B_cell::Naïve B",6,3,3,30
"JCI2024","Stricture","Mast","Plasma::Activated plasma",6,5,5,30
"JCI2024","Stricture","Mast","Plasma::IgA plasma",6,6,6,30
"JCI2024","Stricture","Mast","Plasma::IgG plasma",6,5,5,30
"JCI2024","Stricture","Mast","Plasma::Transitional B",6,0,0,30
"JCI2024","Stricture","Mesenchymal_stromal","B_cell::ActB3",6,0,0,30
"JCI2024","Stricture","Mesenchymal_stromal","B_cell::CSM",6,6,6,30
"JCI2024","Stricture","Mesenchymal_stromal","B_cell::Centroblast B",6,0,0,30
"JCI2024","Stricture","Mesenchymal_stromal","B_cell::Centrocyte B",6,0,0,30
"JCI2024","Stricture","Mesenchymal_stromal","B_cell::DN2",6,2,2,30
"JCI2024","Stricture","Mesenchymal_stromal","B_cell::IgM-only",6,1,1,30
"JCI2024","Stricture","Mesenchymal_stromal","B_cell::MZ",6,0,0,30
"JCI2024","Stricture","Mesenchymal_stromal","B_cell::Naïve B",6,3,3,30
"JCI2024","Stricture","Mesenchymal_stromal","Plasma::Activated plasma",6,5,5,30
"JCI2024","Stricture","Mesenchymal_stromal","Plasma::IgA plasma",6,6,6,30
"JCI2024","Stricture","Mesenchymal_stromal","Plasma::IgG plasma",6,5,5,30
"JCI2024","Stricture","Mesenchymal_stromal","Plasma::Transitional B",6,0,0,30
"JCI2024","Stricture","Myeloid","B_cell::ActB3",6,0,0,30
"JCI2024","Stricture","Myeloid","B_cell::CSM",6,6,6,30
"JCI2024","Stricture","Myeloid","B_cell::Centroblast B",6,0,0,30
"JCI2024","Stricture","Myeloid","B_cell::Centrocyte B",6,0,0,30
"JCI2024","Stricture","Myeloid","B_cell::DN2",6,2,2,30
"JCI2024","Stricture","Myeloid","B_cell::IgM-only",6,1,1,30
"JCI2024","Stricture","Myeloid","B_cell::MZ",6,0,0,30
"JCI2024","Stricture","Myeloid","B_cell::Naïve B",6,3,3,30
"JCI2024","Stricture","Myeloid","Plasma::Activated plasma",6,5,5,30
"JCI2024","Stricture","Myeloid","Plasma::IgA plasma",6,6,6,30
"JCI2024","Stricture","Myeloid","Plasma::IgG plasma",6,5,5,30
"JCI2024","Stricture","Myeloid","Plasma::Transitional B",6,0,0,30
"JCI2024","Stricture","T_NK","B_cell::ActB3",6,0,0,30
"JCI2024","Stricture","T_NK","B_cell::CSM",6,6,6,30
"JCI2024","Stricture","T_NK","B_cell::Centroblast B",6,0,0,30
"JCI2024","Stricture","T_NK","B_cell::Centrocyte B",6,0,0,30
"JCI2024","Stricture","T_NK","B_cell::DN2",6,2,2,30
"JCI2024","Stricture","T_NK","B_cell::IgM-only",6,1,1,30
"JCI2024","Stricture","T_NK","B_cell::MZ",6,0,0,30
"JCI2024","Stricture","T_NK","B_cell::Naïve B",6,3,3,30
"JCI2024","Stricture","T_NK","Plasma::Activated plasma",6,5,5,30
"JCI2024","Stricture","T_NK","Plasma::IgA plasma",6,6,6,30
"JCI2024","Stricture","T_NK","Plasma::IgG plasma",6,5,5,30
"JCI2024","Stricture","T_NK","Plasma::Transitional B",6,0,0,30
"JCI2024","Non-stricture","B_cell::ActB3","Endothelial",6,0,0,30
"JCI2024","Non-stricture","B_cell::ActB3","Epithelial",6,0,0,30
"JCI2024","Non-stricture","B_cell::ActB3","Mast",6,0,0,30
"JCI2024","Non-stricture","B_cell::ActB3","Mesenchymal_stromal",6,0,0,30
"JCI2024","Non-stricture","B_cell::ActB3","Myeloid",6,0,0,30
"JCI2024","Non-stricture","B_cell::ActB3","T_NK",6,0,0,30
"JCI2024","Non-stricture","B_cell::CSM","Endothelial",6,5,5,30
"JCI2024","Non-stricture","B_cell::CSM","Epithelial",6,4,4,30
"JCI2024","Non-stricture","B_cell::CSM","Mast",6,5,5,30
"JCI2024","Non-stricture","B_cell::CSM","Mesenchymal_stromal",6,5,5,30
"JCI2024","Non-stricture","B_cell::CSM","Myeloid",6,5,5,30
"JCI2024","Non-stricture","B_cell::CSM","T_NK",6,5,5,30
"JCI2024","Non-stricture","B_cell::Centroblast B","Endothelial",6,0,0,30
"JCI2024","Non-stricture","B_cell::Centroblast B","Epithelial",6,0,0,30
"JCI2024","Non-stricture","B_cell::Centroblast B","Mast",6,0,0,30
"JCI2024","Non-stricture","B_cell::Centroblast B","Mesenchymal_stromal",6,0,0,30
"JCI2024","Non-stricture","B_cell::Centroblast B","Myeloid",6,0,0,30
"JCI2024","Non-stricture","B_cell::Centroblast B","T_NK",6,0,0,30
"JCI2024","Non-stricture","B_cell::Centrocyte B","Endothelial",6,0,0,30
"JCI2024","Non-stricture","B_cell::Centrocyte B","Epithelial",6,0,0,30
"JCI2024","Non-stricture","B_cell::Centrocyte B","Mast",6,0,0,30
"JCI2024","Non-stricture","B_cell::Centrocyte B","Mesenchymal_stromal",6,0,0,30
"JCI2024","Non-stricture","B_cell::Centrocyte B","Myeloid",6,0,0,30
"JCI2024","Non-stricture","B_cell::Centrocyte B","T_NK",6,0,0,30
"JCI2024","Non-stricture","B_cell::DN2","Endothelial",6,1,1,30
"JCI2024","Non-stricture","B_cell::DN2","Epithelial",6,1,1,30
"JCI2024","Non-stricture","B_cell::DN2","Mast",6,1,1,30
"JCI2024","Non-stricture","B_cell::DN2","Mesenchymal_stromal",6,1,1,30
"JCI2024","Non-stricture","B_cell::DN2","Myeloid",6,1,1,30
"JCI2024","Non-stricture","B_cell::DN2","T_NK",6,1,1,30
"JCI2024","Non-stricture","B_cell::IgM-only","Endothelial",6,0,0,30
"JCI2024","Non-stricture","B_cell::IgM-only","Epithelial",6,0,0,30
"JCI2024","Non-stricture","B_cell::IgM-only","Mast",6,0,0,30
"JCI2024","Non-stricture","B_cell::IgM-only","Mesenchymal_stromal",6,0,0,30
"JCI2024","Non-stricture","B_cell::IgM-only","Myeloid",6,0,0,30
"JCI2024","Non-stricture","B_cell::IgM-only","T_NK",6,0,0,30
"JCI2024","Non-stricture","B_cell::MZ","Endothelial",6,0,0,30
"JCI2024","Non-stricture","B_cell::MZ","Epithelial",6,0,0,30
"JCI2024","Non-stricture","B_cell::MZ","Mast",6,0,0,30
"JCI2024","Non-stricture","B_cell::MZ","Mesenchymal_stromal",6,0,0,30
"JCI2024","Non-stricture","B_cell::MZ","Myeloid",6,0,0,30
"JCI2024","Non-stricture","B_cell::MZ","T_NK",6,0,0,30
"JCI2024","Non-stricture","B_cell::Naïve B","Endothelial",6,1,1,30
"JCI2024","Non-stricture","B_cell::Naïve B","Epithelial",6,1,1,30
"JCI2024","Non-stricture","B_cell::Naïve B","Mast",6,1,1,30
"JCI2024","Non-stricture","B_cell::Naïve B","Mesenchymal_stromal",6,1,1,30
"JCI2024","Non-stricture","B_cell::Naïve B","Myeloid",6,1,1,30
"JCI2024","Non-stricture","B_cell::Naïve B","T_NK",6,1,1,30
"JCI2024","Non-stricture","Plasma::Activated plasma","Endothelial",6,4,4,30
"JCI2024","Non-stricture","Plasma::Activated plasma","Epithelial",6,3,3,30
"JCI2024","Non-stricture","Plasma::Activated plasma","Mast",6,4,4,30
"JCI2024","Non-stricture","Plasma::Activated plasma","Mesenchymal_stromal",6,4,4,30
"JCI2024","Non-stricture","Plasma::Activated plasma","Myeloid",6,4,4,30
"JCI2024","Non-stricture","Plasma::Activated plasma","T_NK",6,4,4,30
"JCI2024","Non-stricture","Plasma::IgA plasma","Endothelial",6,6,6,30
"JCI2024","Non-stricture","Plasma::IgA plasma","Epithelial",6,5,5,30
"JCI2024","Non-stricture","Plasma::IgA plasma","Mast",6,6,6,30
"JCI2024","Non-stricture","Plasma::IgA plasma","Mesenchymal_stromal",6,6,6,30
"JCI2024","Non-stricture","Plasma::IgA plasma","Myeloid",6,6,6,30
"JCI2024","Non-stricture","Plasma::IgA plasma","T_NK",6,6,6,30
"JCI2024","Non-stricture","Plasma::IgG plasma","Endothelial",6,0,0,30
"JCI2024","Non-stricture","Plasma::IgG plasma","Epithelial",6,0,0,30
"JCI2024","Non-stricture","Plasma::IgG plasma","Mast",6,0,0,30
"JCI2024","Non-stricture","Plasma::IgG plasma","Mesenchymal_stromal",6,0,0,30
"JCI2024","Non-stricture","Plasma::IgG plasma","Myeloid",6,0,0,30
"JCI2024","Non-stricture","Plasma::IgG plasma","T_NK",6,0,0,30
"JCI2024","Non-stricture","Plasma::Transitional B","Endothelial",6,0,0,30
"JCI2024","Non-stricture","Plasma::Transitional B","Epithelial",6,0,0,30
"JCI2024","Non-stricture","Plasma::Transitional B","Mast",6,0,0,30
"JCI2024","Non-stricture","Plasma::Transitional B","Mesenchymal_stromal",6,0,0,30
"JCI2024","Non-stricture","Plasma::Transitional B","Myeloid",6,0,0,30
"JCI2024","Non-stricture","Plasma::Transitional B","T_NK",6,0,0,30
"JCI2024","Non-stricture","Endothelial","B_cell::ActB3",6,0,0,30
"JCI2024","Non-stricture","Endothelial","B_cell::CSM",6,5,5,30
"JCI2024","Non-stricture","Endothelial","B_cell::Centroblast B",6,0,0,30
"JCI2024","Non-stricture","Endothelial","B_cell::Centrocyte B",6,0,0,30
"JCI2024","Non-stricture","Endothelial","B_cell::DN2",6,1,1,30
"JCI2024","Non-stricture","Endothelial","B_cell::IgM-only",6,0,0,30
"JCI2024","Non-stricture","Endothelial","B_cell::MZ",6,0,0,30
"JCI2024","Non-stricture","Endothelial","B_cell::Naïve B",6,1,1,30
"JCI2024","Non-stricture","Endothelial","Plasma::Activated plasma",6,4,4,30
"JCI2024","Non-stricture","Endothelial","Plasma::IgA plasma",6,6,6,30
"JCI2024","Non-stricture","Endothelial","Plasma::IgG plasma",6,0,0,30
"JCI2024","Non-stricture","Endothelial","Plasma::Transitional B",6,0,0,30
"JCI2024","Non-stricture","Epithelial","B_cell::ActB3",6,0,0,30
"JCI2024","Non-stricture","Epithelial","B_cell::CSM",6,4,4,30
"JCI2024","Non-stricture","Epithelial","B_cell::Centroblast B",6,0,0,30
"JCI2024","Non-stricture","Epithelial","B_cell::Centrocyte B",6,0,0,30
"JCI2024","Non-stricture","Epithelial","B_cell::DN2",6,1,1,30
"JCI2024","Non-stricture","Epithelial","B_cell::IgM-only",6,0,0,30
"JCI2024","Non-stricture","Epithelial","B_cell::MZ",6,0,0,30
"JCI2024","Non-stricture","Epithelial","B_cell::Naïve B",6,1,1,30
"JCI2024","Non-stricture","Epithelial","Plasma::Activated plasma",6,3,3,30
"JCI2024","Non-stricture","Epithelial","Plasma::IgA plasma",6,5,5,30
"JCI2024","Non-stricture","Epithelial","Plasma::IgG plasma",6,0,0,30
"JCI2024","Non-stricture","Epithelial","Plasma::Transitional B",6,0,0,30
"JCI2024","Non-stricture","Mast","B_cell::ActB3",6,0,0,30
"JCI2024","Non-stricture","Mast","B_cell::CSM",6,5,5,30
"JCI2024","Non-stricture","Mast","B_cell::Centroblast B",6,0,0,30
"JCI2024","Non-stricture","Mast","B_cell::Centrocyte B",6,0,0,30
"JCI2024","Non-stricture","Mast","B_cell::DN2",6,1,1,30
"JCI2024","Non-stricture","Mast","B_cell::IgM-only",6,0,0,30
"JCI2024","Non-stricture","Mast","B_cell::MZ",6,0,0,30
"JCI2024","Non-stricture","Mast","B_cell::Naïve B",6,1,1,30
"JCI2024","Non-stricture","Mast","Plasma::Activated plasma",6,4,4,30
"JCI2024","Non-stricture","Mast","Plasma::IgA plasma",6,6,6,30
"JCI2024","Non-stricture","Mast","Plasma::IgG plasma",6,0,0,30
"JCI2024","Non-stricture","Mast","Plasma::Transitional B",6,0,0,30
"JCI2024","Non-stricture","Mesenchymal_stromal","B_cell::ActB3",6,0,0,30
"JCI2024","Non-stricture","Mesenchymal_stromal","B_cell::CSM",6,5,5,30
"JCI2024","Non-stricture","Mesenchymal_stromal","B_cell::Centroblast B",6,0,0,30
"JCI2024","Non-stricture","Mesenchymal_stromal","B_cell::Centrocyte B",6,0,0,30
"JCI2024","Non-stricture","Mesenchymal_stromal","B_cell::DN2",6,1,1,30
"JCI2024","Non-stricture","Mesenchymal_stromal","B_cell::IgM-only",6,0,0,30
"JCI2024","Non-stricture","Mesenchymal_stromal","B_cell::MZ",6,0,0,30
"JCI2024","Non-stricture","Mesenchymal_stromal","B_cell::Naïve B",6,1,1,30
"JCI2024","Non-stricture","Mesenchymal_stromal","Plasma::Activated plasma",6,4,4,30
"JCI2024","Non-stricture","Mesenchymal_stromal","Plasma::IgA plasma",6,6,6,30
"JCI2024","Non-stricture","Mesenchymal_stromal","Plasma::IgG plasma",6,0,0,30
"JCI2024","Non-stricture","Mesenchymal_stromal","Plasma::Transitional B",6,0,0,30
"JCI2024","Non-stricture","Myeloid","B_cell::ActB3",6,0,0,30
"JCI2024","Non-stricture","Myeloid","B_cell::CSM",6,5,5,30
"JCI2024","Non-stricture","Myeloid","B_cell::Centroblast B",6,0,0,30
"JCI2024","Non-stricture","Myeloid","B_cell::Centrocyte B",6,0,0,30
"JCI2024","Non-stricture","Myeloid","B_cell::DN2",6,1,1,30
"JCI2024","Non-stricture","Myeloid","B_cell::IgM-only",6,0,0,30
"JCI2024","Non-stricture","Myeloid","B_cell::MZ",6,0,0,30
"JCI2024","Non-stricture","Myeloid","B_cell::Naïve B",6,1,1,30
"JCI2024","Non-stricture","Myeloid","Plasma::Activated plasma",6,4,4,30
"JCI2024","Non-stricture","Myeloid","Plasma::IgA plasma",6,6,6,30
"JCI2024","Non-stricture","Myeloid","Plasma::IgG plasma",6,0,0,30
"JCI2024","Non-stricture","Myeloid","Plasma::Transitional B",6,0,0,30
"JCI2024","Non-stricture","T_NK","B_cell::ActB3",6,0,0,30
"JCI2024","Non-stricture","T_NK","B_cell::CSM",6,5,5,30
"JCI2024","Non-stricture","T_NK","B_cell::Centroblast B",6,0,0,30
"JCI2024","Non-stricture","T_NK","B_cell::Centrocyte B",6,0,0,30
"JCI2024","Non-stricture","T_NK","B_cell::DN2",6,1,1,30
"JCI2024","Non-stricture","T_NK","B_cell::IgM-only",6,0,0,30
"JCI2024","Non-stricture","T_NK","B_cell::MZ",6,0,0,30
"JCI2024","Non-stricture","T_NK","B_cell::Naïve B",6,1,1,30
"JCI2024","Non-stricture","T_NK","Plasma::Activated plasma",6,4,4,30
"JCI2024","Non-stricture","T_NK","Plasma::IgA plasma",6,6,6,30
"JCI2024","Non-stricture","T_NK","Plasma::IgG plasma",6,0,0,30
"JCI2024","Non-stricture","T_NK","Plasma::Transitional B",6,0,0,30
"SCP1884","Inflamed","B_cell::ActB3","Endothelial",12,0,0,30
"SCP1884","Inflamed","B_cell::ActB3","Epithelial",12,0,0,30
"SCP1884","Inflamed","B_cell::ActB3","Mast",12,0,0,30
"SCP1884","Inflamed","B_cell::ActB3","Mesenchymal_stromal",12,0,0,30
"SCP1884","Inflamed","B_cell::ActB3","Myeloid",12,0,0,30
"SCP1884","Inflamed","B_cell::ActB3","T_NK",12,0,0,30
"SCP1884","Inflamed","B_cell::CSM","Endothelial",12,2,2,30
"SCP1884","Inflamed","B_cell::CSM","Epithelial",12,3,3,30
"SCP1884","Inflamed","B_cell::CSM","Mast",12,2,2,30
"SCP1884","Inflamed","B_cell::CSM","Mesenchymal_stromal",12,3,3,30
"SCP1884","Inflamed","B_cell::CSM","Myeloid",12,3,3,30
"SCP1884","Inflamed","B_cell::CSM","T_NK",12,3,3,30
"SCP1884","Inflamed","B_cell::Centroblast B","Endothelial",12,1,1,30
"SCP1884","Inflamed","B_cell::Centroblast B","Epithelial",12,1,1,30
"SCP1884","Inflamed","B_cell::Centroblast B","Mast",12,1,1,30
"SCP1884","Inflamed","B_cell::Centroblast B","Mesenchymal_stromal",12,1,1,30
"SCP1884","Inflamed","B_cell::Centroblast B","Myeloid",12,1,1,30
"SCP1884","Inflamed","B_cell::Centroblast B","T_NK",12,1,1,30
"SCP1884","Inflamed","B_cell::Centrocyte B","Endothelial",12,1,1,30
"SCP1884","Inflamed","B_cell::Centrocyte B","Epithelial",12,1,1,30
"SCP1884","Inflamed","B_cell::Centrocyte B","Mast",12,1,1,30
"SCP1884","Inflamed","B_cell::Centrocyte B","Mesenchymal_stromal",12,1,1,30
"SCP1884","Inflamed","B_cell::Centrocyte B","Myeloid",12,1,1,30
"SCP1884","Inflamed","B_cell::Centrocyte B","T_NK",12,1,1,30
"SCP1884","Inflamed","B_cell::DN2","Endothelial",12,1,1,30
"SCP1884","Inflamed","B_cell::DN2","Epithelial",12,2,2,30
"SCP1884","Inflamed","B_cell::DN2","Mast",12,2,2,30
"SCP1884","Inflamed","B_cell::DN2","Mesenchymal_stromal",12,2,2,30
"SCP1884","Inflamed","B_cell::DN2","Myeloid",12,2,2,30
"SCP1884","Inflamed","B_cell::DN2","T_NK",12,2,2,30
"SCP1884","Inflamed","B_cell::IgM-only","Endothelial",12,1,1,30
"SCP1884","Inflamed","B_cell::IgM-only","Epithelial",12,2,2,30
"SCP1884","Inflamed","B_cell::IgM-only","Mast",12,2,2,30
"SCP1884","Inflamed","B_cell::IgM-only","Mesenchymal_stromal",12,2,2,30
"SCP1884","Inflamed","B_cell::IgM-only","Myeloid",12,2,2,30
"SCP1884","Inflamed","B_cell::IgM-only","T_NK",12,2,2,30
"SCP1884","Inflamed","B_cell::MZ","Endothelial",12,0,0,30
"SCP1884","Inflamed","B_cell::MZ","Epithelial",12,1,1,30
"SCP1884","Inflamed","B_cell::MZ","Mast",12,1,1,30
"SCP1884","Inflamed","B_cell::MZ","Mesenchymal_stromal",12,1,1,30
"SCP1884","Inflamed","B_cell::MZ","Myeloid",12,1,1,30
"SCP1884","Inflamed","B_cell::MZ","T_NK",12,1,1,30
"SCP1884","Inflamed","B_cell::Naïve B","Endothelial",12,2,2,30
"SCP1884","Inflamed","B_cell::Naïve B","Epithelial",12,3,3,30
"SCP1884","Inflamed","B_cell::Naïve B","Mast",12,3,3,30
"SCP1884","Inflamed","B_cell::Naïve B","Mesenchymal_stromal",12,3,3,30
"SCP1884","Inflamed","B_cell::Naïve B","Myeloid",12,3,3,30
"SCP1884","Inflamed","B_cell::Naïve B","T_NK",12,3,3,30
"SCP1884","Inflamed","Plasma::Activated plasma","Endothelial",12,3,3,30
"SCP1884","Inflamed","Plasma::Activated plasma","Epithelial",12,6,6,30
"SCP1884","Inflamed","Plasma::Activated plasma","Mast",12,7,7,30
"SCP1884","Inflamed","Plasma::Activated plasma","Mesenchymal_stromal",12,7,7,30
"SCP1884","Inflamed","Plasma::Activated plasma","Myeloid",12,7,7,30
"SCP1884","Inflamed","Plasma::Activated plasma","T_NK",12,7,7,30
"SCP1884","Inflamed","Plasma::IgA plasma","Endothelial",12,6,6,30
"SCP1884","Inflamed","Plasma::IgA plasma","Epithelial",12,8,8,30
"SCP1884","Inflamed","Plasma::IgA plasma","Mast",12,7,7,30
"SCP1884","Inflamed","Plasma::IgA plasma","Mesenchymal_stromal",12,9,9,30
"SCP1884","Inflamed","Plasma::IgA plasma","Myeloid",12,9,9,30
"SCP1884","Inflamed","Plasma::IgA plasma","T_NK",12,9,9,30
"SCP1884","Inflamed","Plasma::IgG plasma","Endothelial",12,0,0,30
"SCP1884","Inflamed","Plasma::IgG plasma","Epithelial",12,1,1,30
"SCP1884","Inflamed","Plasma::IgG plasma","Mast",12,1,1,30
"SCP1884","Inflamed","Plasma::IgG plasma","Mesenchymal_stromal",12,1,1,30
"SCP1884","Inflamed","Plasma::IgG plasma","Myeloid",12,1,1,30
"SCP1884","Inflamed","Plasma::IgG plasma","T_NK",12,1,1,30
"SCP1884","Inflamed","Plasma::Transitional B","Endothelial",12,0,0,30
"SCP1884","Inflamed","Plasma::Transitional B","Epithelial",12,0,0,30
"SCP1884","Inflamed","Plasma::Transitional B","Mast",12,0,0,30
"SCP1884","Inflamed","Plasma::Transitional B","Mesenchymal_stromal",12,0,0,30
"SCP1884","Inflamed","Plasma::Transitional B","Myeloid",12,0,0,30
"SCP1884","Inflamed","Plasma::Transitional B","T_NK",12,0,0,30
"SCP1884","Inflamed","Endothelial","B_cell::ActB3",12,0,0,30
"SCP1884","Inflamed","Endothelial","B_cell::CSM",12,2,2,30
"SCP1884","Inflamed","Endothelial","B_cell::Centroblast B",12,1,1,30
"SCP1884","Inflamed","Endothelial","B_cell::Centrocyte B",12,1,1,30
"SCP1884","Inflamed","Endothelial","B_cell::DN2",12,1,1,30
"SCP1884","Inflamed","Endothelial","B_cell::IgM-only",12,1,1,30
"SCP1884","Inflamed","Endothelial","B_cell::MZ",12,0,0,30
"SCP1884","Inflamed","Endothelial","B_cell::Naïve B",12,2,2,30
"SCP1884","Inflamed","Endothelial","Plasma::Activated plasma",12,3,3,30
"SCP1884","Inflamed","Endothelial","Plasma::IgA plasma",12,6,6,30
"SCP1884","Inflamed","Endothelial","Plasma::IgG plasma",12,0,0,30
"SCP1884","Inflamed","Endothelial","Plasma::Transitional B",12,0,0,30
"SCP1884","Inflamed","Epithelial","B_cell::ActB3",12,0,0,30
"SCP1884","Inflamed","Epithelial","B_cell::CSM",12,3,3,30
"SCP1884","Inflamed","Epithelial","B_cell::Centroblast B",12,1,1,30
"SCP1884","Inflamed","Epithelial","B_cell::Centrocyte B",12,1,1,30
"SCP1884","Inflamed","Epithelial","B_cell::DN2",12,2,2,30
"SCP1884","Inflamed","Epithelial","B_cell::IgM-only",12,2,2,30
"SCP1884","Inflamed","Epithelial","B_cell::MZ",12,1,1,30
"SCP1884","Inflamed","Epithelial","B_cell::Naïve B",12,3,3,30
"SCP1884","Inflamed","Epithelial","Plasma::Activated plasma",12,6,6,30
"SCP1884","Inflamed","Epithelial","Plasma::IgA plasma",12,8,8,30
"SCP1884","Inflamed","Epithelial","Plasma::IgG plasma",12,1,1,30
"SCP1884","Inflamed","Epithelial","Plasma::Transitional B",12,0,0,30
"SCP1884","Inflamed","Mast","B_cell::ActB3",12,0,0,30
"SCP1884","Inflamed","Mast","B_cell::CSM",12,2,2,30
"SCP1884","Inflamed","Mast","B_cell::Centroblast B",12,1,1,30
"SCP1884","Inflamed","Mast","B_cell::Centrocyte B",12,1,1,30
"SCP1884","Inflamed","Mast","B_cell::DN2",12,2,2,30
"SCP1884","Inflamed","Mast","B_cell::IgM-only",12,2,2,30
"SCP1884","Inflamed","Mast","B_cell::MZ",12,1,1,30
"SCP1884","Inflamed","Mast","B_cell::Naïve B",12,3,3,30
"SCP1884","Inflamed","Mast","Plasma::Activated plasma",12,7,7,30
"SCP1884","Inflamed","Mast","Plasma::IgA plasma",12,7,7,30
"SCP1884","Inflamed","Mast","Plasma::IgG plasma",12,1,1,30
"SCP1884","Inflamed","Mast","Plasma::Transitional B",12,0,0,30
"SCP1884","Inflamed","Mesenchymal_stromal","B_cell::ActB3",12,0,0,30
"SCP1884","Inflamed","Mesenchymal_stromal","B_cell::CSM",12,3,3,30
"SCP1884","Inflamed","Mesenchymal_stromal","B_cell::Centroblast B",12,1,1,30
"SCP1884","Inflamed","Mesenchymal_stromal","B_cell::Centrocyte B",12,1,1,30
"SCP1884","Inflamed","Mesenchymal_stromal","B_cell::DN2",12,2,2,30
"SCP1884","Inflamed","Mesenchymal_stromal","B_cell::IgM-only",12,2,2,30
"SCP1884","Inflamed","Mesenchymal_stromal","B_cell::MZ",12,1,1,30
"SCP1884","Inflamed","Mesenchymal_stromal","B_cell::Naïve B",12,3,3,30
"SCP1884","Inflamed","Mesenchymal_stromal","Plasma::Activated plasma",12,7,7,30
"SCP1884","Inflamed","Mesenchymal_stromal","Plasma::IgA plasma",12,9,9,30
"SCP1884","Inflamed","Mesenchymal_stromal","Plasma::IgG plasma",12,1,1,30
"SCP1884","Inflamed","Mesenchymal_stromal","Plasma::Transitional B",12,0,0,30
"SCP1884","Inflamed","Myeloid","B_cell::ActB3",12,0,0,30
"SCP1884","Inflamed","Myeloid","B_cell::CSM",12,3,3,30
"SCP1884","Inflamed","Myeloid","B_cell::Centroblast B",12,1,1,30
"SCP1884","Inflamed","Myeloid","B_cell::Centrocyte B",12,1,1,30
"SCP1884","Inflamed","Myeloid","B_cell::DN2",12,2,2,30
"SCP1884","Inflamed","Myeloid","B_cell::IgM-only",12,2,2,30
"SCP1884","Inflamed","Myeloid","B_cell::MZ",12,1,1,30
"SCP1884","Inflamed","Myeloid","B_cell::Naïve B",12,3,3,30
"SCP1884","Inflamed","Myeloid","Plasma::Activated plasma",12,7,7,30
"SCP1884","Inflamed","Myeloid","Plasma::IgA plasma",12,9,9,30
"SCP1884","Inflamed","Myeloid","Plasma::IgG plasma",12,1,1,30
"SCP1884","Inflamed","Myeloid","Plasma::Transitional B",12,0,0,30
"SCP1884","Inflamed","T_NK","B_cell::ActB3",12,0,0,30
"SCP1884","Inflamed","T_NK","B_cell::CSM",12,3,3,30
"SCP1884","Inflamed","T_NK","B_cell::Centroblast B",12,1,1,30
"SCP1884","Inflamed","T_NK","B_cell::Centrocyte B",12,1,1,30
"SCP1884","Inflamed","T_NK","B_cell::DN2",12,2,2,30
"SCP1884","Inflamed","T_NK","B_cell::IgM-only",12,2,2,30
"SCP1884","Inflamed","T_NK","B_cell::MZ",12,1,1,30
"SCP1884","Inflamed","T_NK","B_cell::Naïve B",12,3,3,30
"SCP1884","Inflamed","T_NK","Plasma::Activated plasma",12,7,7,30
"SCP1884","Inflamed","T_NK","Plasma::IgA plasma",12,9,9,30
"SCP1884","Inflamed","T_NK","Plasma::IgG plasma",12,1,1,30
"SCP1884","Inflamed","T_NK","Plasma::Transitional B",12,0,0,30
"SCP1884","Non-inflamed","B_cell::ActB3","Endothelial",26,2,2,30
"SCP1884","Non-inflamed","B_cell::ActB3","Epithelial",26,2,2,30
"SCP1884","Non-inflamed","B_cell::ActB3","Mast",26,1,1,30
"SCP1884","Non-inflamed","B_cell::ActB3","Mesenchymal_stromal",26,2,2,30
"SCP1884","Non-inflamed","B_cell::ActB3","Myeloid",26,2,2,30
"SCP1884","Non-inflamed","B_cell::ActB3","T_NK",26,2,2,30
"SCP1884","Non-inflamed","B_cell::CSM","Endothelial",26,18,18,30
"SCP1884","Non-inflamed","B_cell::CSM","Epithelial",26,18,18,30
"SCP1884","Non-inflamed","B_cell::CSM","Mast",26,15,15,30
"SCP1884","Non-inflamed","B_cell::CSM","Mesenchymal_stromal",26,18,18,30
"SCP1884","Non-inflamed","B_cell::CSM","Myeloid",26,18,18,30
"SCP1884","Non-inflamed","B_cell::CSM","T_NK",26,18,18,30
"SCP1884","Non-inflamed","B_cell::Centroblast B","Endothelial",26,5,5,30
"SCP1884","Non-inflamed","B_cell::Centroblast B","Epithelial",26,5,5,30
"SCP1884","Non-inflamed","B_cell::Centroblast B","Mast",26,4,4,30
"SCP1884","Non-inflamed","B_cell::Centroblast B","Mesenchymal_stromal",26,5,5,30
"SCP1884","Non-inflamed","B_cell::Centroblast B","Myeloid",26,5,5,30
"SCP1884","Non-inflamed","B_cell::Centroblast B","T_NK",26,5,5,30
"SCP1884","Non-inflamed","B_cell::Centrocyte B","Endothelial",26,4,4,30
"SCP1884","Non-inflamed","B_cell::Centrocyte B","Epithelial",26,4,4,30
"SCP1884","Non-inflamed","B_cell::Centrocyte B","Mast",26,3,3,30
"SCP1884","Non-inflamed","B_cell::Centrocyte B","Mesenchymal_stromal",26,4,4,30
"SCP1884","Non-inflamed","B_cell::Centrocyte B","Myeloid",26,4,4,30
"SCP1884","Non-inflamed","B_cell::Centrocyte B","T_NK",26,4,4,30
"SCP1884","Non-inflamed","B_cell::DN2","Endothelial",26,5,5,30
"SCP1884","Non-inflamed","B_cell::DN2","Epithelial",26,5,5,30
"SCP1884","Non-inflamed","B_cell::DN2","Mast",26,5,5,30
"SCP1884","Non-inflamed","B_cell::DN2","Mesenchymal_stromal",26,5,5,30
"SCP1884","Non-inflamed","B_cell::DN2","Myeloid",26,5,5,30
"SCP1884","Non-inflamed","B_cell::DN2","T_NK",26,5,5,30
"SCP1884","Non-inflamed","B_cell::IgM-only","Endothelial",26,2,2,30
"SCP1884","Non-inflamed","B_cell::IgM-only","Epithelial",26,2,2,30
"SCP1884","Non-inflamed","B_cell::IgM-only","Mast",26,2,2,30
"SCP1884","Non-inflamed","B_cell::IgM-only","Mesenchymal_stromal",26,2,2,30
"SCP1884","Non-inflamed","B_cell::IgM-only","Myeloid",26,2,2,30
"SCP1884","Non-inflamed","B_cell::IgM-only","T_NK",26,2,2,30
"SCP1884","Non-inflamed","B_cell::MZ","Endothelial",26,3,3,30
"SCP1884","Non-inflamed","B_cell::MZ","Epithelial",26,3,3,30
"SCP1884","Non-inflamed","B_cell::MZ","Mast",26,3,3,30
"SCP1884","Non-inflamed","B_cell::MZ","Mesenchymal_stromal",26,3,3,30
"SCP1884","Non-inflamed","B_cell::MZ","Myeloid",26,3,3,30
"SCP1884","Non-inflamed","B_cell::MZ","T_NK",26,3,3,30
"SCP1884","Non-inflamed","B_cell::Naïve B","Endothelial",26,10,10,30
"SCP1884","Non-inflamed","B_cell::Naïve B","Epithelial",26,10,10,30
"SCP1884","Non-inflamed","B_cell::Naïve B","Mast",26,7,7,30
"SCP1884","Non-inflamed","B_cell::Naïve B","Mesenchymal_stromal",26,10,10,30
"SCP1884","Non-inflamed","B_cell::Naïve B","Myeloid",26,10,10,30
"SCP1884","Non-inflamed","B_cell::Naïve B","T_NK",26,10,10,30
"SCP1884","Non-inflamed","Plasma::Activated plasma","Endothelial",26,23,23,30
"SCP1884","Non-inflamed","Plasma::Activated plasma","Epithelial",26,23,23,30
"SCP1884","Non-inflamed","Plasma::Activated plasma","Mast",26,18,18,30
"SCP1884","Non-inflamed","Plasma::Activated plasma","Mesenchymal_stromal",26,23,23,30
"SCP1884","Non-inflamed","Plasma::Activated plasma","Myeloid",26,23,23,30
"SCP1884","Non-inflamed","Plasma::Activated plasma","T_NK",26,23,23,30
"SCP1884","Non-inflamed","Plasma::IgA plasma","Endothelial",26,22,22,30
"SCP1884","Non-inflamed","Plasma::IgA plasma","Epithelial",26,22,22,30
"SCP1884","Non-inflamed","Plasma::IgA plasma","Mast",26,15,15,30
"SCP1884","Non-inflamed","Plasma::IgA plasma","Mesenchymal_stromal",26,22,22,30
"SCP1884","Non-inflamed","Plasma::IgA plasma","Myeloid",26,22,22,30
"SCP1884","Non-inflamed","Plasma::IgA plasma","T_NK",26,22,22,30
"SCP1884","Non-inflamed","Plasma::IgG plasma","Endothelial",26,0,0,30
"SCP1884","Non-inflamed","Plasma::IgG plasma","Epithelial",26,0,0,30
"SCP1884","Non-inflamed","Plasma::IgG plasma","Mast",26,0,0,30
"SCP1884","Non-inflamed","Plasma::IgG plasma","Mesenchymal_stromal",26,0,0,30
"SCP1884","Non-inflamed","Plasma::IgG plasma","Myeloid",26,0,0,30
"SCP1884","Non-inflamed","Plasma::IgG plasma","T_NK",26,0,0,30
"SCP1884","Non-inflamed","Plasma::Transitional B","Endothelial",26,1,1,30
"SCP1884","Non-inflamed","Plasma::Transitional B","Epithelial",26,1,1,30
"SCP1884","Non-inflamed","Plasma::Transitional B","Mast",26,1,1,30
"SCP1884","Non-inflamed","Plasma::Transitional B","Mesenchymal_stromal",26,1,1,30
"SCP1884","Non-inflamed","Plasma::Transitional B","Myeloid",26,1,1,30
"SCP1884","Non-inflamed","Plasma::Transitional B","T_NK",26,1,1,30
"SCP1884","Non-inflamed","Endothelial","B_cell::ActB3",26,2,2,30
"SCP1884","Non-inflamed","Endothelial","B_cell::CSM",26,18,18,30
"SCP1884","Non-inflamed","Endothelial","B_cell::Centroblast B",26,5,5,30
"SCP1884","Non-inflamed","Endothelial","B_cell::Centrocyte B",26,4,4,30
"SCP1884","Non-inflamed","Endothelial","B_cell::DN2",26,5,5,30
"SCP1884","Non-inflamed","Endothelial","B_cell::IgM-only",26,2,2,30
"SCP1884","Non-inflamed","Endothelial","B_cell::MZ",26,3,3,30
"SCP1884","Non-inflamed","Endothelial","B_cell::Naïve B",26,10,10,30
"SCP1884","Non-inflamed","Endothelial","Plasma::Activated plasma",26,23,23,30
"SCP1884","Non-inflamed","Endothelial","Plasma::IgA plasma",26,22,22,30
"SCP1884","Non-inflamed","Endothelial","Plasma::IgG plasma",26,0,0,30
"SCP1884","Non-inflamed","Endothelial","Plasma::Transitional B",26,1,1,30
"SCP1884","Non-inflamed","Epithelial","B_cell::ActB3",26,2,2,30
"SCP1884","Non-inflamed","Epithelial","B_cell::CSM",26,18,18,30
"SCP1884","Non-inflamed","Epithelial","B_cell::Centroblast B",26,5,5,30
"SCP1884","Non-inflamed","Epithelial","B_cell::Centrocyte B",26,4,4,30
"SCP1884","Non-inflamed","Epithelial","B_cell::DN2",26,5,5,30
"SCP1884","Non-inflamed","Epithelial","B_cell::IgM-only",26,2,2,30
"SCP1884","Non-inflamed","Epithelial","B_cell::MZ",26,3,3,30
"SCP1884","Non-inflamed","Epithelial","B_cell::Naïve B",26,10,10,30
"SCP1884","Non-inflamed","Epithelial","Plasma::Activated plasma",26,23,23,30
"SCP1884","Non-inflamed","Epithelial","Plasma::IgA plasma",26,22,22,30
"SCP1884","Non-inflamed","Epithelial","Plasma::IgG plasma",26,0,0,30
"SCP1884","Non-inflamed","Epithelial","Plasma::Transitional B",26,1,1,30
"SCP1884","Non-inflamed","Mast","B_cell::ActB3",26,1,1,30
"SCP1884","Non-inflamed","Mast","B_cell::CSM",26,15,15,30
"SCP1884","Non-inflamed","Mast","B_cell::Centroblast B",26,4,4,30
"SCP1884","Non-inflamed","Mast","B_cell::Centrocyte B",26,3,3,30
"SCP1884","Non-inflamed","Mast","B_cell::DN2",26,5,5,30
"SCP1884","Non-inflamed","Mast","B_cell::IgM-only",26,2,2,30
"SCP1884","Non-inflamed","Mast","B_cell::MZ",26,3,3,30
"SCP1884","Non-inflamed","Mast","B_cell::Naïve B",26,7,7,30
"SCP1884","Non-inflamed","Mast","Plasma::Activated plasma",26,18,18,30
"SCP1884","Non-inflamed","Mast","Plasma::IgA plasma",26,15,15,30
"SCP1884","Non-inflamed","Mast","Plasma::IgG plasma",26,0,0,30
"SCP1884","Non-inflamed","Mast","Plasma::Transitional B",26,1,1,30
"SCP1884","Non-inflamed","Mesenchymal_stromal","B_cell::ActB3",26,2,2,30
"SCP1884","Non-inflamed","Mesenchymal_stromal","B_cell::CSM",26,18,18,30
"SCP1884","Non-inflamed","Mesenchymal_stromal","B_cell::Centroblast B",26,5,5,30
"SCP1884","Non-inflamed","Mesenchymal_stromal","B_cell::Centrocyte B",26,4,4,30
"SCP1884","Non-inflamed","Mesenchymal_stromal","B_cell::DN2",26,5,5,30
"SCP1884","Non-inflamed","Mesenchymal_stromal","B_cell::IgM-only",26,2,2,30
"SCP1884","Non-inflamed","Mesenchymal_stromal","B_cell::MZ",26,3,3,30
"SCP1884","Non-inflamed","Mesenchymal_stromal","B_cell::Naïve B",26,10,10,30
"SCP1884","Non-inflamed","Mesenchymal_stromal","Plasma::Activated plasma",26,23,23,30
"SCP1884","Non-inflamed","Mesenchymal_stromal","Plasma::IgA plasma",26,22,22,30
"SCP1884","Non-inflamed","Mesenchymal_stromal","Plasma::IgG plasma",26,0,0,30
"SCP1884","Non-inflamed","Mesenchymal_stromal","Plasma::Transitional B",26,1,1,30
"SCP1884","Non-inflamed","Myeloid","B_cell::ActB3",26,2,2,30
"SCP1884","Non-inflamed","Myeloid","B_cell::CSM",26,18,18,30
"SCP1884","Non-inflamed","Myeloid","B_cell::Centroblast B",26,5,5,30
"SCP1884","Non-inflamed","Myeloid","B_cell::Centrocyte B",26,4,4,30
"SCP1884","Non-inflamed","Myeloid","B_cell::DN2",26,5,5,30
"SCP1884","Non-inflamed","Myeloid","B_cell::IgM-only",26,2,2,30
"SCP1884","Non-inflamed","Myeloid","B_cell::MZ",26,3,3,30
"SCP1884","Non-inflamed","Myeloid","B_cell::Naïve B",26,10,10,30
"SCP1884","Non-inflamed","Myeloid","Plasma::Activated plasma",26,23,23,30
"SCP1884","Non-inflamed","Myeloid","Plasma::IgA plasma",26,22,22,30
"SCP1884","Non-inflamed","Myeloid","Plasma::IgG plasma",26,0,0,30
"SCP1884","Non-inflamed","Myeloid","Plasma::Transitional B",26,1,1,30
"SCP1884","Non-inflamed","T_NK","B_cell::ActB3",26,2,2,30
"SCP1884","Non-inflamed","T_NK","B_cell::CSM",26,18,18,30
"SCP1884","Non-inflamed","T_NK","B_cell::Centroblast B",26,5,5,30
"SCP1884","Non-inflamed","T_NK","B_cell::Centrocyte B",26,4,4,30
"SCP1884","Non-inflamed","T_NK","B_cell::DN2",26,5,5,30
"SCP1884","Non-inflamed","T_NK","B_cell::IgM-only",26,2,2,30
"SCP1884","Non-inflamed","T_NK","B_cell::MZ",26,3,3,30
"SCP1884","Non-inflamed","T_NK","B_cell::Naïve B",26,10,10,30
"SCP1884","Non-inflamed","T_NK","Plasma::Activated plasma",26,23,23,30
"SCP1884","Non-inflamed","T_NK","Plasma::IgA plasma",26,22,22,30
"SCP1884","Non-inflamed","T_NK","Plasma::IgG plasma",26,0,0,30
"SCP1884","Non-inflamed","T_NK","Plasma::Transitional B",26,1,1,30
"SCP1884","Control","B_cell::ActB3","Endothelial",10,0,0,30
"SCP1884","Control","B_cell::ActB3","Epithelial",10,0,0,30
"SCP1884","Control","B_cell::ActB3","Mast",10,0,0,30
"SCP1884","Control","B_cell::ActB3","Mesenchymal_stromal",10,0,0,30
"SCP1884","Control","B_cell::ActB3","Myeloid",10,0,0,30
"SCP1884","Control","B_cell::ActB3","T_NK",10,0,0,30
"SCP1884","Control","B_cell::CSM","Endothelial",10,4,4,30
"SCP1884","Control","B_cell::CSM","Epithelial",10,6,6,30
"SCP1884","Control","B_cell::CSM","Mast",10,3,3,30
"SCP1884","Control","B_cell::CSM","Mesenchymal_stromal",10,5,5,30
"SCP1884","Control","B_cell::CSM","Myeloid",10,6,6,30
"SCP1884","Control","B_cell::CSM","T_NK",10,6,6,30
"SCP1884","Control","B_cell::Centroblast B","Endothelial",10,2,2,30
"SCP1884","Control","B_cell::Centroblast B","Epithelial",10,2,2,30
"SCP1884","Control","B_cell::Centroblast B","Mast",10,1,1,30
"SCP1884","Control","B_cell::Centroblast B","Mesenchymal_stromal",10,2,2,30
"SCP1884","Control","B_cell::Centroblast B","Myeloid",10,2,2,30
"SCP1884","Control","B_cell::Centroblast B","T_NK",10,2,2,30
"SCP1884","Control","B_cell::Centrocyte B","Endothelial",10,1,1,30
"SCP1884","Control","B_cell::Centrocyte B","Epithelial",10,1,1,30
"SCP1884","Control","B_cell::Centrocyte B","Mast",10,1,1,30
"SCP1884","Control","B_cell::Centrocyte B","Mesenchymal_stromal",10,1,1,30
"SCP1884","Control","B_cell::Centrocyte B","Myeloid",10,1,1,30
"SCP1884","Control","B_cell::Centrocyte B","T_NK",10,1,1,30
"SCP1884","Control","B_cell::DN2","Endothelial",10,1,1,30
"SCP1884","Control","B_cell::DN2","Epithelial",10,1,1,30
"SCP1884","Control","B_cell::DN2","Mast",10,1,1,30
"SCP1884","Control","B_cell::DN2","Mesenchymal_stromal",10,1,1,30
"SCP1884","Control","B_cell::DN2","Myeloid",10,1,1,30
"SCP1884","Control","B_cell::DN2","T_NK",10,1,1,30
"SCP1884","Control","B_cell::IgM-only","Endothelial",10,1,1,30
"SCP1884","Control","B_cell::IgM-only","Epithelial",10,1,1,30
"SCP1884","Control","B_cell::IgM-only","Mast",10,1,1,30
"SCP1884","Control","B_cell::IgM-only","Mesenchymal_stromal",10,1,1,30
"SCP1884","Control","B_cell::IgM-only","Myeloid",10,1,1,30
"SCP1884","Control","B_cell::IgM-only","T_NK",10,1,1,30
"SCP1884","Control","B_cell::MZ","Endothelial",10,0,0,30
"SCP1884","Control","B_cell::MZ","Epithelial",10,0,0,30
"SCP1884","Control","B_cell::MZ","Mast",10,0,0,30
"SCP1884","Control","B_cell::MZ","Mesenchymal_stromal",10,0,0,30
"SCP1884","Control","B_cell::MZ","Myeloid",10,0,0,30
"SCP1884","Control","B_cell::MZ","T_NK",10,0,0,30
"SCP1884","Control","B_cell::Naïve B","Endothelial",10,3,3,30
"SCP1884","Control","B_cell::Naïve B","Epithelial",10,5,5,30
"SCP1884","Control","B_cell::Naïve B","Mast",10,3,3,30
"SCP1884","Control","B_cell::Naïve B","Mesenchymal_stromal",10,4,4,30
"SCP1884","Control","B_cell::Naïve B","Myeloid",10,5,5,30
"SCP1884","Control","B_cell::Naïve B","T_NK",10,5,5,30
"SCP1884","Control","Plasma::Activated plasma","Endothelial",10,3,3,30
"SCP1884","Control","Plasma::Activated plasma","Epithelial",10,6,6,30
"SCP1884","Control","Plasma::Activated plasma","Mast",10,4,4,30
"SCP1884","Control","Plasma::Activated plasma","Mesenchymal_stromal",10,5,5,30
"SCP1884","Control","Plasma::Activated plasma","Myeloid",10,6,6,30
"SCP1884","Control","Plasma::Activated plasma","T_NK",10,6,6,30
"SCP1884","Control","Plasma::IgA plasma","Endothelial",10,3,3,30
"SCP1884","Control","Plasma::IgA plasma","Epithelial",10,5,5,30
"SCP1884","Control","Plasma::IgA plasma","Mast",10,3,3,30
"SCP1884","Control","Plasma::IgA plasma","Mesenchymal_stromal",10,5,5,30
"SCP1884","Control","Plasma::IgA plasma","Myeloid",10,5,5,30
"SCP1884","Control","Plasma::IgA plasma","T_NK",10,5,5,30
"SCP1884","Control","Plasma::IgG plasma","Endothelial",10,0,0,30
"SCP1884","Control","Plasma::IgG plasma","Epithelial",10,0,0,30
"SCP1884","Control","Plasma::IgG plasma","Mast",10,0,0,30
"SCP1884","Control","Plasma::IgG plasma","Mesenchymal_stromal",10,0,0,30
"SCP1884","Control","Plasma::IgG plasma","Myeloid",10,0,0,30
"SCP1884","Control","Plasma::IgG plasma","T_NK",10,0,0,30
"SCP1884","Control","Plasma::Transitional B","Endothelial",10,0,0,30
"SCP1884","Control","Plasma::Transitional B","Epithelial",10,0,0,30
"SCP1884","Control","Plasma::Transitional B","Mast",10,0,0,30
"SCP1884","Control","Plasma::Transitional B","Mesenchymal_stromal",10,0,0,30
"SCP1884","Control","Plasma::Transitional B","Myeloid",10,0,0,30
"SCP1884","Control","Plasma::Transitional B","T_NK",10,0,0,30
"SCP1884","Control","Endothelial","B_cell::ActB3",10,0,0,30
"SCP1884","Control","Endothelial","B_cell::CSM",10,4,4,30
"SCP1884","Control","Endothelial","B_cell::Centroblast B",10,2,2,30
"SCP1884","Control","Endothelial","B_cell::Centrocyte B",10,1,1,30
"SCP1884","Control","Endothelial","B_cell::DN2",10,1,1,30
"SCP1884","Control","Endothelial","B_cell::IgM-only",10,1,1,30
"SCP1884","Control","Endothelial","B_cell::MZ",10,0,0,30
"SCP1884","Control","Endothelial","B_cell::Naïve B",10,3,3,30
"SCP1884","Control","Endothelial","Plasma::Activated plasma",10,3,3,30
"SCP1884","Control","Endothelial","Plasma::IgA plasma",10,3,3,30
"SCP1884","Control","Endothelial","Plasma::IgG plasma",10,0,0,30
"SCP1884","Control","Endothelial","Plasma::Transitional B",10,0,0,30
"SCP1884","Control","Epithelial","B_cell::ActB3",10,0,0,30
"SCP1884","Control","Epithelial","B_cell::CSM",10,6,6,30
"SCP1884","Control","Epithelial","B_cell::Centroblast B",10,2,2,30
"SCP1884","Control","Epithelial","B_cell::Centrocyte B",10,1,1,30
"SCP1884","Control","Epithelial","B_cell::DN2",10,1,1,30
"SCP1884","Control","Epithelial","B_cell::IgM-only",10,1,1,30
"SCP1884","Control","Epithelial","B_cell::MZ",10,0,0,30
"SCP1884","Control","Epithelial","B_cell::Naïve B",10,5,5,30
"SCP1884","Control","Epithelial","Plasma::Activated plasma",10,6,6,30
"SCP1884","Control","Epithelial","Plasma::IgA plasma",10,5,5,30
"SCP1884","Control","Epithelial","Plasma::IgG plasma",10,0,0,30
"SCP1884","Control","Epithelial","Plasma::Transitional B",10,0,0,30
"SCP1884","Control","Mast","B_cell::ActB3",10,0,0,30
"SCP1884","Control","Mast","B_cell::CSM",10,3,3,30
"SCP1884","Control","Mast","B_cell::Centroblast B",10,1,1,30
"SCP1884","Control","Mast","B_cell::Centrocyte B",10,1,1,30
"SCP1884","Control","Mast","B_cell::DN2",10,1,1,30
"SCP1884","Control","Mast","B_cell::IgM-only",10,1,1,30
"SCP1884","Control","Mast","B_cell::MZ",10,0,0,30
"SCP1884","Control","Mast","B_cell::Naïve B",10,3,3,30
"SCP1884","Control","Mast","Plasma::Activated plasma",10,4,4,30
"SCP1884","Control","Mast","Plasma::IgA plasma",10,3,3,30
"SCP1884","Control","Mast","Plasma::IgG plasma",10,0,0,30
"SCP1884","Control","Mast","Plasma::Transitional B",10,0,0,30
"SCP1884","Control","Mesenchymal_stromal","B_cell::ActB3",10,0,0,30
"SCP1884","Control","Mesenchymal_stromal","B_cell::CSM",10,5,5,30
"SCP1884","Control","Mesenchymal_stromal","B_cell::Centroblast B",10,2,2,30
"SCP1884","Control","Mesenchymal_stromal","B_cell::Centrocyte B",10,1,1,30
"SCP1884","Control","Mesenchymal_stromal","B_cell::DN2",10,1,1,30
"SCP1884","Control","Mesenchymal_stromal","B_cell::IgM-only",10,1,1,30
"SCP1884","Control","Mesenchymal_stromal","B_cell::MZ",10,0,0,30
"SCP1884","Control","Mesenchymal_stromal","B_cell::Naïve B",10,4,4,30
"SCP1884","Control","Mesenchymal_stromal","Plasma::Activated plasma",10,5,5,30
"SCP1884","Control","Mesenchymal_stromal","Plasma::IgA plasma",10,5,5,30
"SCP1884","Control","Mesenchymal_stromal","Plasma::IgG plasma",10,0,0,30
"SCP1884","Control","Mesenchymal_stromal","Plasma::Transitional B",10,0,0,30
"SCP1884","Control","Myeloid","B_cell::ActB3",10,0,0,30
"SCP1884","Control","Myeloid","B_cell::CSM",10,6,6,30
"SCP1884","Control","Myeloid","B_cell::Centroblast B",10,2,2,30
"SCP1884","Control","Myeloid","B_cell::Centrocyte B",10,1,1,30
"SCP1884","Control","Myeloid","B_cell::DN2",10,1,1,30
"SCP1884","Control","Myeloid","B_cell::IgM-only",10,1,1,30
"SCP1884","Control","Myeloid","B_cell::MZ",10,0,0,30
"SCP1884","Control","Myeloid","B_cell::Naïve B",10,5,5,30
"SCP1884","Control","Myeloid","Plasma::Activated plasma",10,6,6,30
"SCP1884","Control","Myeloid","Plasma::IgA plasma",10,5,5,30
"SCP1884","Control","Myeloid","Plasma::IgG plasma",10,0,0,30
"SCP1884","Control","Myeloid","Plasma::Transitional B",10,0,0,30
"SCP1884","Control","T_NK","B_cell::ActB3",10,0,0,30
"SCP1884","Control","T_NK","B_cell::CSM",10,6,6,30
"SCP1884","Control","T_NK","B_cell::Centroblast B",10,2,2,30
"SCP1884","Control","T_NK","B_cell::Centrocyte B",10,1,1,30
"SCP1884","Control","T_NK","B_cell::DN2",10,1,1,30
"SCP1884","Control","T_NK","B_cell::IgM-only",10,1,1,30
"SCP1884","Control","T_NK","B_cell::MZ",10,0,0,30
"SCP1884","Control","T_NK","B_cell::Naïve B",10,5,5,30
"SCP1884","Control","T_NK","Plasma::Activated plasma",10,6,6,30
"SCP1884","Control","T_NK","Plasma::IgA plasma",10,5,5,30
"SCP1884","Control","T_NK","Plasma::IgG plasma",10,0,0,30
"SCP1884","Control","T_NK","Plasma::Transitional B",10,0,0,30
"SCP2959","Stricture","B_cell::ActB3","Endothelial",18,3,3,30
"SCP2959","Stricture","B_cell::ActB3","Epithelial",18,5,5,30
"SCP2959","Stricture","B_cell::ActB3","Mast",18,1,1,30
"SCP2959","Stricture","B_cell::ActB3","Mesenchymal_stromal",18,4,4,30
"SCP2959","Stricture","B_cell::ActB3","Myeloid",18,5,5,30
"SCP2959","Stricture","B_cell::ActB3","T_NK",18,5,5,30
"SCP2959","Stricture","B_cell::CSM","Endothelial",18,7,7,30
"SCP2959","Stricture","B_cell::CSM","Epithelial",18,11,11,30
"SCP2959","Stricture","B_cell::CSM","Mast",18,6,6,30
"SCP2959","Stricture","B_cell::CSM","Mesenchymal_stromal",18,7,7,30
"SCP2959","Stricture","B_cell::CSM","Myeloid",18,11,11,30
"SCP2959","Stricture","B_cell::CSM","T_NK",18,11,11,30
"SCP2959","Stricture","B_cell::Centroblast B","Endothelial",18,2,2,30
"SCP2959","Stricture","B_cell::Centroblast B","Epithelial",18,3,3,30
"SCP2959","Stricture","B_cell::Centroblast B","Mast",18,1,1,30
"SCP2959","Stricture","B_cell::Centroblast B","Mesenchymal_stromal",18,2,2,30
"SCP2959","Stricture","B_cell::Centroblast B","Myeloid",18,3,3,30
"SCP2959","Stricture","B_cell::Centroblast B","T_NK",18,3,3,30
"SCP2959","Stricture","B_cell::Centrocyte B","Endothelial",18,2,2,30
"SCP2959","Stricture","B_cell::Centrocyte B","Epithelial",18,3,3,30
"SCP2959","Stricture","B_cell::Centrocyte B","Mast",18,1,1,30
"SCP2959","Stricture","B_cell::Centrocyte B","Mesenchymal_stromal",18,2,2,30
"SCP2959","Stricture","B_cell::Centrocyte B","Myeloid",18,3,3,30
"SCP2959","Stricture","B_cell::Centrocyte B","T_NK",18,3,3,30
"SCP2959","Stricture","B_cell::DN2","Endothelial",18,3,3,30
"SCP2959","Stricture","B_cell::DN2","Epithelial",18,4,4,30
"SCP2959","Stricture","B_cell::DN2","Mast",18,1,1,30
"SCP2959","Stricture","B_cell::DN2","Mesenchymal_stromal",18,2,2,30
"SCP2959","Stricture","B_cell::DN2","Myeloid",18,4,4,30
"SCP2959","Stricture","B_cell::DN2","T_NK",18,4,4,30
"SCP2959","Stricture","B_cell::IgM-only","Endothelial",18,2,2,30
"SCP2959","Stricture","B_cell::IgM-only","Epithelial",18,2,2,30
"SCP2959","Stricture","B_cell::IgM-only","Mast",18,1,1,30
"SCP2959","Stricture","B_cell::IgM-only","Mesenchymal_stromal",18,2,2,30
"SCP2959","Stricture","B_cell::IgM-only","Myeloid",18,2,2,30
"SCP2959","Stricture","B_cell::IgM-only","T_NK",18,2,2,30
"SCP2959","Stricture","B_cell::MZ","Endothelial",18,2,2,30
"SCP2959","Stricture","B_cell::MZ","Epithelial",18,2,2,30
"SCP2959","Stricture","B_cell::MZ","Mast",18,1,1,30
"SCP2959","Stricture","B_cell::MZ","Mesenchymal_stromal",18,2,2,30
"SCP2959","Stricture","B_cell::MZ","Myeloid",18,2,2,30
"SCP2959","Stricture","B_cell::MZ","T_NK",18,2,2,30
"SCP2959","Stricture","B_cell::Naïve B","Endothelial",18,6,6,30
"SCP2959","Stricture","B_cell::Naïve B","Epithelial",18,8,8,30
"SCP2959","Stricture","B_cell::Naïve B","Mast",18,4,4,30
"SCP2959","Stricture","B_cell::Naïve B","Mesenchymal_stromal",18,5,5,30
"SCP2959","Stricture","B_cell::Naïve B","Myeloid",18,8,8,30
"SCP2959","Stricture","B_cell::Naïve B","T_NK",18,8,8,30
"SCP2959","Stricture","Plasma::Activated plasma","Endothelial",18,6,6,30
"SCP2959","Stricture","Plasma::Activated plasma","Epithelial",18,10,10,30
"SCP2959","Stricture","Plasma::Activated plasma","Mast",18,9,9,30
"SCP2959","Stricture","Plasma::Activated plasma","Mesenchymal_stromal",18,10,10,30
"SCP2959","Stricture","Plasma::Activated plasma","Myeloid",18,11,11,30
"SCP2959","Stricture","Plasma::Activated plasma","T_NK",18,11,11,30
"SCP2959","Stricture","Plasma::IgA plasma","Endothelial",18,7,7,30
"SCP2959","Stricture","Plasma::IgA plasma","Epithelial",18,13,13,30
"SCP2959","Stricture","Plasma::IgA plasma","Mast",18,9,9,30
"SCP2959","Stricture","Plasma::IgA plasma","Mesenchymal_stromal",18,11,11,30
"SCP2959","Stricture","Plasma::IgA plasma","Myeloid",18,14,14,30
"SCP2959","Stricture","Plasma::IgA plasma","T_NK",18,14,14,30
"SCP2959","Stricture","Plasma::IgG plasma","Endothelial",18,5,5,30
"SCP2959","Stricture","Plasma::IgG plasma","Epithelial",18,7,7,30
"SCP2959","Stricture","Plasma::IgG plasma","Mast",18,4,4,30
"SCP2959","Stricture","Plasma::IgG plasma","Mesenchymal_stromal",18,5,5,30
"SCP2959","Stricture","Plasma::IgG plasma","Myeloid",18,7,7,30
"SCP2959","Stricture","Plasma::IgG plasma","T_NK",18,7,7,30
"SCP2959","Stricture","Plasma::Transitional B","Endothelial",18,1,1,30
"SCP2959","Stricture","Plasma::Transitional B","Epithelial",18,1,1,30
"SCP2959","Stricture","Plasma::Transitional B","Mast",18,0,0,30
"SCP2959","Stricture","Plasma::Transitional B","Mesenchymal_stromal",18,1,1,30
"SCP2959","Stricture","Plasma::Transitional B","Myeloid",18,1,1,30
"SCP2959","Stricture","Plasma::Transitional B","T_NK",18,1,1,30
"SCP2959","Stricture","Endothelial","B_cell::ActB3",18,3,3,30
"SCP2959","Stricture","Endothelial","B_cell::CSM",18,7,7,30
"SCP2959","Stricture","Endothelial","B_cell::Centroblast B",18,2,2,30
"SCP2959","Stricture","Endothelial","B_cell::Centrocyte B",18,2,2,30
"SCP2959","Stricture","Endothelial","B_cell::DN2",18,3,3,30
"SCP2959","Stricture","Endothelial","B_cell::IgM-only",18,2,2,30
"SCP2959","Stricture","Endothelial","B_cell::MZ",18,2,2,30
"SCP2959","Stricture","Endothelial","B_cell::Naïve B",18,6,6,30
"SCP2959","Stricture","Endothelial","Plasma::Activated plasma",18,6,6,30
"SCP2959","Stricture","Endothelial","Plasma::IgA plasma",18,7,7,30
"SCP2959","Stricture","Endothelial","Plasma::IgG plasma",18,5,5,30
"SCP2959","Stricture","Endothelial","Plasma::Transitional B",18,1,1,30
"SCP2959","Stricture","Epithelial","B_cell::ActB3",18,5,5,30
"SCP2959","Stricture","Epithelial","B_cell::CSM",18,11,11,30
"SCP2959","Stricture","Epithelial","B_cell::Centroblast B",18,3,3,30
"SCP2959","Stricture","Epithelial","B_cell::Centrocyte B",18,3,3,30
"SCP2959","Stricture","Epithelial","B_cell::DN2",18,4,4,30
"SCP2959","Stricture","Epithelial","B_cell::IgM-only",18,2,2,30
"SCP2959","Stricture","Epithelial","B_cell::MZ",18,2,2,30
"SCP2959","Stricture","Epithelial","B_cell::Naïve B",18,8,8,30
"SCP2959","Stricture","Epithelial","Plasma::Activated plasma",18,10,10,30
"SCP2959","Stricture","Epithelial","Plasma::IgA plasma",18,13,13,30
"SCP2959","Stricture","Epithelial","Plasma::IgG plasma",18,7,7,30
"SCP2959","Stricture","Epithelial","Plasma::Transitional B",18,1,1,30
"SCP2959","Stricture","Mast","B_cell::ActB3",18,1,1,30
"SCP2959","Stricture","Mast","B_cell::CSM",18,6,6,30
"SCP2959","Stricture","Mast","B_cell::Centroblast B",18,1,1,30
"SCP2959","Stricture","Mast","B_cell::Centrocyte B",18,1,1,30
"SCP2959","Stricture","Mast","B_cell::DN2",18,1,1,30
"SCP2959","Stricture","Mast","B_cell::IgM-only",18,1,1,30
"SCP2959","Stricture","Mast","B_cell::MZ",18,1,1,30
"SCP2959","Stricture","Mast","B_cell::Naïve B",18,4,4,30
"SCP2959","Stricture","Mast","Plasma::Activated plasma",18,9,9,30
"SCP2959","Stricture","Mast","Plasma::IgA plasma",18,9,9,30
"SCP2959","Stricture","Mast","Plasma::IgG plasma",18,4,4,30
"SCP2959","Stricture","Mast","Plasma::Transitional B",18,0,0,30
"SCP2959","Stricture","Mesenchymal_stromal","B_cell::ActB3",18,4,4,30
"SCP2959","Stricture","Mesenchymal_stromal","B_cell::CSM",18,7,7,30
"SCP2959","Stricture","Mesenchymal_stromal","B_cell::Centroblast B",18,2,2,30
"SCP2959","Stricture","Mesenchymal_stromal","B_cell::Centrocyte B",18,2,2,30
"SCP2959","Stricture","Mesenchymal_stromal","B_cell::DN2",18,2,2,30
"SCP2959","Stricture","Mesenchymal_stromal","B_cell::IgM-only",18,2,2,30
"SCP2959","Stricture","Mesenchymal_stromal","B_cell::MZ",18,2,2,30
"SCP2959","Stricture","Mesenchymal_stromal","B_cell::Naïve B",18,5,5,30
"SCP2959","Stricture","Mesenchymal_stromal","Plasma::Activated plasma",18,10,10,30
"SCP2959","Stricture","Mesenchymal_stromal","Plasma::IgA plasma",18,11,11,30
"SCP2959","Stricture","Mesenchymal_stromal","Plasma::IgG plasma",18,5,5,30
"SCP2959","Stricture","Mesenchymal_stromal","Plasma::Transitional B",18,1,1,30
"SCP2959","Stricture","Myeloid","B_cell::ActB3",18,5,5,30
"SCP2959","Stricture","Myeloid","B_cell::CSM",18,11,11,30
"SCP2959","Stricture","Myeloid","B_cell::Centroblast B",18,3,3,30
"SCP2959","Stricture","Myeloid","B_cell::Centrocyte B",18,3,3,30
"SCP2959","Stricture","Myeloid","B_cell::DN2",18,4,4,30
"SCP2959","Stricture","Myeloid","B_cell::IgM-only",18,2,2,30
"SCP2959","Stricture","Myeloid","B_cell::MZ",18,2,2,30
"SCP2959","Stricture","Myeloid","B_cell::Naïve B",18,8,8,30
"SCP2959","Stricture","Myeloid","Plasma::Activated plasma",18,11,11,30
"SCP2959","Stricture","Myeloid","Plasma::IgA plasma",18,14,14,30
"SCP2959","Stricture","Myeloid","Plasma::IgG plasma",18,7,7,30
"SCP2959","Stricture","Myeloid","Plasma::Transitional B",18,1,1,30
"SCP2959","Stricture","T_NK","B_cell::ActB3",18,5,5,30
"SCP2959","Stricture","T_NK","B_cell::CSM",18,11,11,30
"SCP2959","Stricture","T_NK","B_cell::Centroblast B",18,3,3,30
"SCP2959","Stricture","T_NK","B_cell::Centrocyte B",18,3,3,30
"SCP2959","Stricture","T_NK","B_cell::DN2",18,4,4,30
"SCP2959","Stricture","T_NK","B_cell::IgM-only",18,2,2,30
"SCP2959","Stricture","T_NK","B_cell::MZ",18,2,2,30
"SCP2959","Stricture","T_NK","B_cell::Naïve B",18,8,8,30
"SCP2959","Stricture","T_NK","Plasma::Activated plasma",18,11,11,30
"SCP2959","Stricture","T_NK","Plasma::IgA plasma",18,14,14,30
"SCP2959","Stricture","T_NK","Plasma::IgG plasma",18,7,7,30
"SCP2959","Stricture","T_NK","Plasma::Transitional B",18,1,1,30
"SCP2959","Non-stricture","B_cell::ActB3","Endothelial",14,3,3,30
"SCP2959","Non-stricture","B_cell::ActB3","Epithelial",14,3,3,30
"SCP2959","Non-stricture","B_cell::ActB3","Mast",14,1,1,30
"SCP2959","Non-stricture","B_cell::ActB3","Mesenchymal_stromal",14,2,2,30
"SCP2959","Non-stricture","B_cell::ActB3","Myeloid",14,3,3,30
"SCP2959","Non-stricture","B_cell::ActB3","T_NK",14,3,3,30
"SCP2959","Non-stricture","B_cell::CSM","Endothelial",14,8,8,30
"SCP2959","Non-stricture","B_cell::CSM","Epithelial",14,8,8,30
"SCP2959","Non-stricture","B_cell::CSM","Mast",14,5,5,30
"SCP2959","Non-stricture","B_cell::CSM","Mesenchymal_stromal",14,7,7,30
"SCP2959","Non-stricture","B_cell::CSM","Myeloid",14,8,8,30
"SCP2959","Non-stricture","B_cell::CSM","T_NK",14,8,8,30
"SCP2959","Non-stricture","B_cell::Centroblast B","Endothelial",14,4,4,30
"SCP2959","Non-stricture","B_cell::Centroblast B","Epithelial",14,4,4,30
"SCP2959","Non-stricture","B_cell::Centroblast B","Mast",14,2,2,30
"SCP2959","Non-stricture","B_cell::Centroblast B","Mesenchymal_stromal",14,3,3,30
"SCP2959","Non-stricture","B_cell::Centroblast B","Myeloid",14,4,4,30
"SCP2959","Non-stricture","B_cell::Centroblast B","T_NK",14,4,4,30
"SCP2959","Non-stricture","B_cell::Centrocyte B","Endothelial",14,2,2,30
"SCP2959","Non-stricture","B_cell::Centrocyte B","Epithelial",14,2,2,30
"SCP2959","Non-stricture","B_cell::Centrocyte B","Mast",14,1,1,30
"SCP2959","Non-stricture","B_cell::Centrocyte B","Mesenchymal_stromal",14,1,1,30
"SCP2959","Non-stricture","B_cell::Centrocyte B","Myeloid",14,2,2,30
"SCP2959","Non-stricture","B_cell::Centrocyte B","T_NK",14,2,2,30
"SCP2959","Non-stricture","B_cell::DN2","Endothelial",14,4,4,30
"SCP2959","Non-stricture","B_cell::DN2","Epithelial",14,4,4,30
"SCP2959","Non-stricture","B_cell::DN2","Mast",14,2,2,30
"SCP2959","Non-stricture","B_cell::DN2","Mesenchymal_stromal",14,3,3,30
"SCP2959","Non-stricture","B_cell::DN2","Myeloid",14,4,4,30
"SCP2959","Non-stricture","B_cell::DN2","T_NK",14,4,4,30
"SCP2959","Non-stricture","B_cell::IgM-only","Endothelial",14,0,0,30
"SCP2959","Non-stricture","B_cell::IgM-only","Epithelial",14,0,0,30
"SCP2959","Non-stricture","B_cell::IgM-only","Mast",14,0,0,30
"SCP2959","Non-stricture","B_cell::IgM-only","Mesenchymal_stromal",14,0,0,30
"SCP2959","Non-stricture","B_cell::IgM-only","Myeloid",14,0,0,30
"SCP2959","Non-stricture","B_cell::IgM-only","T_NK",14,0,0,30
"SCP2959","Non-stricture","B_cell::MZ","Endothelial",14,1,1,30
"SCP2959","Non-stricture","B_cell::MZ","Epithelial",14,1,1,30
"SCP2959","Non-stricture","B_cell::MZ","Mast",14,0,0,30
"SCP2959","Non-stricture","B_cell::MZ","Mesenchymal_stromal",14,0,0,30
"SCP2959","Non-stricture","B_cell::MZ","Myeloid",14,1,1,30
"SCP2959","Non-stricture","B_cell::MZ","T_NK",14,1,1,30
"SCP2959","Non-stricture","B_cell::Naïve B","Endothelial",14,4,4,30
"SCP2959","Non-stricture","B_cell::Naïve B","Epithelial",14,4,4,30
"SCP2959","Non-stricture","B_cell::Naïve B","Mast",14,2,2,30
"SCP2959","Non-stricture","B_cell::Naïve B","Mesenchymal_stromal",14,3,3,30
"SCP2959","Non-stricture","B_cell::Naïve B","Myeloid",14,4,4,30
"SCP2959","Non-stricture","B_cell::Naïve B","T_NK",14,4,4,30
"SCP2959","Non-stricture","Plasma::Activated plasma","Endothelial",14,9,9,30
"SCP2959","Non-stricture","Plasma::Activated plasma","Epithelial",14,9,9,30
"SCP2959","Non-stricture","Plasma::Activated plasma","Mast",14,7,7,30
"SCP2959","Non-stricture","Plasma::Activated plasma","Mesenchymal_stromal",14,9,9,30
"SCP2959","Non-stricture","Plasma::Activated plasma","Myeloid",14,9,9,30
"SCP2959","Non-stricture","Plasma::Activated plasma","T_NK",14,9,9,30
"SCP2959","Non-stricture","Plasma::IgA plasma","Endothelial",14,10,10,30
"SCP2959","Non-stricture","Plasma::IgA plasma","Epithelial",14,10,10,30
"SCP2959","Non-stricture","Plasma::IgA plasma","Mast",14,7,7,30
"SCP2959","Non-stricture","Plasma::IgA plasma","Mesenchymal_stromal",14,9,9,30
"SCP2959","Non-stricture","Plasma::IgA plasma","Myeloid",14,10,10,30
"SCP2959","Non-stricture","Plasma::IgA plasma","T_NK",14,10,10,30
"SCP2959","Non-stricture","Plasma::IgG plasma","Endothelial",14,4,4,30
"SCP2959","Non-stricture","Plasma::IgG plasma","Epithelial",14,4,4,30
"SCP2959","Non-stricture","Plasma::IgG plasma","Mast",14,2,2,30
"SCP2959","Non-stricture","Plasma::IgG plasma","Mesenchymal_stromal",14,3,3,30
"SCP2959","Non-stricture","Plasma::IgG plasma","Myeloid",14,4,4,30
"SCP2959","Non-stricture","Plasma::IgG plasma","T_NK",14,4,4,30
"SCP2959","Non-stricture","Plasma::Transitional B","Endothelial",14,1,1,30
"SCP2959","Non-stricture","Plasma::Transitional B","Epithelial",14,1,1,30
"SCP2959","Non-stricture","Plasma::Transitional B","Mast",14,0,0,30
"SCP2959","Non-stricture","Plasma::Transitional B","Mesenchymal_stromal",14,0,0,30
"SCP2959","Non-stricture","Plasma::Transitional B","Myeloid",14,1,1,30
"SCP2959","Non-stricture","Plasma::Transitional B","T_NK",14,1,1,30
"SCP2959","Non-stricture","Endothelial","B_cell::ActB3",14,3,3,30
"SCP2959","Non-stricture","Endothelial","B_cell::CSM",14,8,8,30
"SCP2959","Non-stricture","Endothelial","B_cell::Centroblast B",14,4,4,30
"SCP2959","Non-stricture","Endothelial","B_cell::Centrocyte B",14,2,2,30
"SCP2959","Non-stricture","Endothelial","B_cell::DN2",14,4,4,30
"SCP2959","Non-stricture","Endothelial","B_cell::IgM-only",14,0,0,30
"SCP2959","Non-stricture","Endothelial","B_cell::MZ",14,1,1,30
"SCP2959","Non-stricture","Endothelial","B_cell::Naïve B",14,4,4,30
"SCP2959","Non-stricture","Endothelial","Plasma::Activated plasma",14,9,9,30
"SCP2959","Non-stricture","Endothelial","Plasma::IgA plasma",14,10,10,30
"SCP2959","Non-stricture","Endothelial","Plasma::IgG plasma",14,4,4,30
"SCP2959","Non-stricture","Endothelial","Plasma::Transitional B",14,1,1,30
"SCP2959","Non-stricture","Epithelial","B_cell::ActB3",14,3,3,30
"SCP2959","Non-stricture","Epithelial","B_cell::CSM",14,8,8,30
"SCP2959","Non-stricture","Epithelial","B_cell::Centroblast B",14,4,4,30
"SCP2959","Non-stricture","Epithelial","B_cell::Centrocyte B",14,2,2,30
"SCP2959","Non-stricture","Epithelial","B_cell::DN2",14,4,4,30
"SCP2959","Non-stricture","Epithelial","B_cell::IgM-only",14,0,0,30
"SCP2959","Non-stricture","Epithelial","B_cell::MZ",14,1,1,30
"SCP2959","Non-stricture","Epithelial","B_cell::Naïve B",14,4,4,30
"SCP2959","Non-stricture","Epithelial","Plasma::Activated plasma",14,9,9,30
"SCP2959","Non-stricture","Epithelial","Plasma::IgA plasma",14,10,10,30
"SCP2959","Non-stricture","Epithelial","Plasma::IgG plasma",14,4,4,30
"SCP2959","Non-stricture","Epithelial","Plasma::Transitional B",14,1,1,30
"SCP2959","Non-stricture","Mast","B_cell::ActB3",14,1,1,30
"SCP2959","Non-stricture","Mast","B_cell::CSM",14,5,5,30
"SCP2959","Non-stricture","Mast","B_cell::Centroblast B",14,2,2,30
"SCP2959","Non-stricture","Mast","B_cell::Centrocyte B",14,1,1,30
"SCP2959","Non-stricture","Mast","B_cell::DN2",14,2,2,30
"SCP2959","Non-stricture","Mast","B_cell::IgM-only",14,0,0,30
"SCP2959","Non-stricture","Mast","B_cell::MZ",14,0,0,30
"SCP2959","Non-stricture","Mast","B_cell::Naïve B",14,2,2,30
"SCP2959","Non-stricture","Mast","Plasma::Activated plasma",14,7,7,30
"SCP2959","Non-stricture","Mast","Plasma::IgA plasma",14,7,7,30
"SCP2959","Non-stricture","Mast","Plasma::IgG plasma",14,2,2,30
"SCP2959","Non-stricture","Mast","Plasma::Transitional B",14,0,0,30
"SCP2959","Non-stricture","Mesenchymal_stromal","B_cell::ActB3",14,2,2,30
"SCP2959","Non-stricture","Mesenchymal_stromal","B_cell::CSM",14,7,7,30
"SCP2959","Non-stricture","Mesenchymal_stromal","B_cell::Centroblast B",14,3,3,30
"SCP2959","Non-stricture","Mesenchymal_stromal","B_cell::Centrocyte B",14,1,1,30
"SCP2959","Non-stricture","Mesenchymal_stromal","B_cell::DN2",14,3,3,30
"SCP2959","Non-stricture","Mesenchymal_stromal","B_cell::IgM-only",14,0,0,30
"SCP2959","Non-stricture","Mesenchymal_stromal","B_cell::MZ",14,0,0,30
"SCP2959","Non-stricture","Mesenchymal_stromal","B_cell::Naïve B",14,3,3,30
"SCP2959","Non-stricture","Mesenchymal_stromal","Plasma::Activated plasma",14,9,9,30
"SCP2959","Non-stricture","Mesenchymal_stromal","Plasma::IgA plasma",14,9,9,30
"SCP2959","Non-stricture","Mesenchymal_stromal","Plasma::IgG plasma",14,3,3,30
"SCP2959","Non-stricture","Mesenchymal_stromal","Plasma::Transitional B",14,0,0,30
"SCP2959","Non-stricture","Myeloid","B_cell::ActB3",14,3,3,30
"SCP2959","Non-stricture","Myeloid","B_cell::CSM",14,8,8,30
"SCP2959","Non-stricture","Myeloid","B_cell::Centroblast B",14,4,4,30
"SCP2959","Non-stricture","Myeloid","B_cell::Centrocyte B",14,2,2,30
"SCP2959","Non-stricture","Myeloid","B_cell::DN2",14,4,4,30
"SCP2959","Non-stricture","Myeloid","B_cell::IgM-only",14,0,0,30
"SCP2959","Non-stricture","Myeloid","B_cell::MZ",14,1,1,30
"SCP2959","Non-stricture","Myeloid","B_cell::Naïve B",14,4,4,30
"SCP2959","Non-stricture","Myeloid","Plasma::Activated plasma",14,9,9,30
"SCP2959","Non-stricture","Myeloid","Plasma::IgA plasma",14,10,10,30
"SCP2959","Non-stricture","Myeloid","Plasma::IgG plasma",14,4,4,30
"SCP2959","Non-stricture","Myeloid","Plasma::Transitional B",14,1,1,30
"SCP2959","Non-stricture","T_NK","B_cell::ActB3",14,3,3,30
"SCP2959","Non-stricture","T_NK","B_cell::CSM",14,8,8,30
"SCP2959","Non-stricture","T_NK","B_cell::Centroblast B",14,4,4,30
"SCP2959","Non-stricture","T_NK","B_cell::Centrocyte B",14,2,2,30
"SCP2959","Non-stricture","T_NK","B_cell::DN2",14,4,4,30
"SCP2959","Non-stricture","T_NK","B_cell::IgM-only",14,0,0,30
"SCP2959","Non-stricture","T_NK","B_cell::MZ",14,1,1,30
"SCP2959","Non-stricture","T_NK","B_cell::Naïve B",14,4,4,30
"SCP2959","Non-stricture","T_NK","Plasma::Activated plasma",14,9,9,30
"SCP2959","Non-stricture","T_NK","Plasma::IgA plasma",14,10,10,30
"SCP2959","Non-stricture","T_NK","Plasma::IgG plasma",14,4,4,30
"SCP2959","Non-stricture","T_NK","Plasma::Transitional B",14,1,1,30
"SCP2959","Inflamed","B_cell::ActB3","Endothelial",1,0,0,30
"SCP2959","Inflamed","B_cell::ActB3","Epithelial",1,0,0,30
"SCP2959","Inflamed","B_cell::ActB3","Mast",1,0,0,30
"SCP2959","Inflamed","B_cell::ActB3","Mesenchymal_stromal",1,0,0,30
"SCP2959","Inflamed","B_cell::ActB3","Myeloid",1,0,0,30
"SCP2959","Inflamed","B_cell::ActB3","T_NK",1,0,0,30
"SCP2959","Inflamed","B_cell::CSM","Endothelial",1,0,0,30
"SCP2959","Inflamed","B_cell::CSM","Epithelial",1,0,0,30
"SCP2959","Inflamed","B_cell::CSM","Mast",1,0,0,30
"SCP2959","Inflamed","B_cell::CSM","Mesenchymal_stromal",1,0,0,30
"SCP2959","Inflamed","B_cell::CSM","Myeloid",1,0,0,30
"SCP2959","Inflamed","B_cell::CSM","T_NK",1,0,0,30
"SCP2959","Inflamed","B_cell::Centroblast B","Endothelial",1,0,0,30
"SCP2959","Inflamed","B_cell::Centroblast B","Epithelial",1,0,0,30
"SCP2959","Inflamed","B_cell::Centroblast B","Mast",1,0,0,30
"SCP2959","Inflamed","B_cell::Centroblast B","Mesenchymal_stromal",1,0,0,30
"SCP2959","Inflamed","B_cell::Centroblast B","Myeloid",1,0,0,30
"SCP2959","Inflamed","B_cell::Centroblast B","T_NK",1,0,0,30
"SCP2959","Inflamed","B_cell::Centrocyte B","Endothelial",1,0,0,30
"SCP2959","Inflamed","B_cell::Centrocyte B","Epithelial",1,0,0,30
"SCP2959","Inflamed","B_cell::Centrocyte B","Mast",1,0,0,30
"SCP2959","Inflamed","B_cell::Centrocyte B","Mesenchymal_stromal",1,0,0,30
"SCP2959","Inflamed","B_cell::Centrocyte B","Myeloid",1,0,0,30
"SCP2959","Inflamed","B_cell::Centrocyte B","T_NK",1,0,0,30
"SCP2959","Inflamed","B_cell::DN2","Endothelial",1,1,1,30
"SCP2959","Inflamed","B_cell::DN2","Epithelial",1,1,1,30
"SCP2959","Inflamed","B_cell::DN2","Mast",1,0,0,30
"SCP2959","Inflamed","B_cell::DN2","Mesenchymal_stromal",1,1,1,30
"SCP2959","Inflamed","B_cell::DN2","Myeloid",1,1,1,30
"SCP2959","Inflamed","B_cell::DN2","T_NK",1,1,1,30
"SCP2959","Inflamed","B_cell::IgM-only","Endothelial",1,0,0,30
"SCP2959","Inflamed","B_cell::IgM-only","Epithelial",1,0,0,30
"SCP2959","Inflamed","B_cell::IgM-only","Mast",1,0,0,30
"SCP2959","Inflamed","B_cell::IgM-only","Mesenchymal_stromal",1,0,0,30
"SCP2959","Inflamed","B_cell::IgM-only","Myeloid",1,0,0,30
"SCP2959","Inflamed","B_cell::IgM-only","T_NK",1,0,0,30
"SCP2959","Inflamed","B_cell::MZ","Endothelial",1,0,0,30
"SCP2959","Inflamed","B_cell::MZ","Epithelial",1,0,0,30
"SCP2959","Inflamed","B_cell::MZ","Mast",1,0,0,30
"SCP2959","Inflamed","B_cell::MZ","Mesenchymal_stromal",1,0,0,30
"SCP2959","Inflamed","B_cell::MZ","Myeloid",1,0,0,30
"SCP2959","Inflamed","B_cell::MZ","T_NK",1,0,0,30
"SCP2959","Inflamed","B_cell::Naïve B","Endothelial",1,0,0,30
"SCP2959","Inflamed","B_cell::Naïve B","Epithelial",1,0,0,30
"SCP2959","Inflamed","B_cell::Naïve B","Mast",1,0,0,30
"SCP2959","Inflamed","B_cell::Naïve B","Mesenchymal_stromal",1,0,0,30
"SCP2959","Inflamed","B_cell::Naïve B","Myeloid",1,0,0,30
"SCP2959","Inflamed","B_cell::Naïve B","T_NK",1,0,0,30
"SCP2959","Inflamed","Plasma::Activated plasma","Endothelial",1,0,0,30
"SCP2959","Inflamed","Plasma::Activated plasma","Epithelial",1,0,0,30
"SCP2959","Inflamed","Plasma::Activated plasma","Mast",1,0,0,30
"SCP2959","Inflamed","Plasma::Activated plasma","Mesenchymal_stromal",1,0,0,30
"SCP2959","Inflamed","Plasma::Activated plasma","Myeloid",1,0,0,30
"SCP2959","Inflamed","Plasma::Activated plasma","T_NK",1,0,0,30
"SCP2959","Inflamed","Plasma::IgA plasma","Endothelial",1,0,0,30
"SCP2959","Inflamed","Plasma::IgA plasma","Epithelial",1,0,0,30
"SCP2959","Inflamed","Plasma::IgA plasma","Mast",1,0,0,30
"SCP2959","Inflamed","Plasma::IgA plasma","Mesenchymal_stromal",1,0,0,30
"SCP2959","Inflamed","Plasma::IgA plasma","Myeloid",1,0,0,30
"SCP2959","Inflamed","Plasma::IgA plasma","T_NK",1,0,0,30
"SCP2959","Inflamed","Plasma::IgG plasma","Endothelial",1,1,1,30
"SCP2959","Inflamed","Plasma::IgG plasma","Epithelial",1,1,1,30
"SCP2959","Inflamed","Plasma::IgG plasma","Mast",1,0,0,30
"SCP2959","Inflamed","Plasma::IgG plasma","Mesenchymal_stromal",1,1,1,30
"SCP2959","Inflamed","Plasma::IgG plasma","Myeloid",1,1,1,30
"SCP2959","Inflamed","Plasma::IgG plasma","T_NK",1,1,1,30
"SCP2959","Inflamed","Plasma::Transitional B","Endothelial",1,0,0,30
"SCP2959","Inflamed","Plasma::Transitional B","Epithelial",1,0,0,30
"SCP2959","Inflamed","Plasma::Transitional B","Mast",1,0,0,30
"SCP2959","Inflamed","Plasma::Transitional B","Mesenchymal_stromal",1,0,0,30
"SCP2959","Inflamed","Plasma::Transitional B","Myeloid",1,0,0,30
"SCP2959","Inflamed","Plasma::Transitional B","T_NK",1,0,0,30
"SCP2959","Inflamed","Endothelial","B_cell::ActB3",1,0,0,30
"SCP2959","Inflamed","Endothelial","B_cell::CSM",1,0,0,30
"SCP2959","Inflamed","Endothelial","B_cell::Centroblast B",1,0,0,30
"SCP2959","Inflamed","Endothelial","B_cell::Centrocyte B",1,0,0,30
"SCP2959","Inflamed","Endothelial","B_cell::DN2",1,1,1,30
"SCP2959","Inflamed","Endothelial","B_cell::IgM-only",1,0,0,30
"SCP2959","Inflamed","Endothelial","B_cell::MZ",1,0,0,30
"SCP2959","Inflamed","Endothelial","B_cell::Naïve B",1,0,0,30
"SCP2959","Inflamed","Endothelial","Plasma::Activated plasma",1,0,0,30
"SCP2959","Inflamed","Endothelial","Plasma::IgA plasma",1,0,0,30
"SCP2959","Inflamed","Endothelial","Plasma::IgG plasma",1,1,1,30
"SCP2959","Inflamed","Endothelial","Plasma::Transitional B",1,0,0,30
"SCP2959","Inflamed","Epithelial","B_cell::ActB3",1,0,0,30
"SCP2959","Inflamed","Epithelial","B_cell::CSM",1,0,0,30
"SCP2959","Inflamed","Epithelial","B_cell::Centroblast B",1,0,0,30
"SCP2959","Inflamed","Epithelial","B_cell::Centrocyte B",1,0,0,30
"SCP2959","Inflamed","Epithelial","B_cell::DN2",1,1,1,30
"SCP2959","Inflamed","Epithelial","B_cell::IgM-only",1,0,0,30
"SCP2959","Inflamed","Epithelial","B_cell::MZ",1,0,0,30
"SCP2959","Inflamed","Epithelial","B_cell::Naïve B",1,0,0,30
"SCP2959","Inflamed","Epithelial","Plasma::Activated plasma",1,0,0,30
"SCP2959","Inflamed","Epithelial","Plasma::IgA plasma",1,0,0,30
"SCP2959","Inflamed","Epithelial","Plasma::IgG plasma",1,1,1,30
"SCP2959","Inflamed","Epithelial","Plasma::Transitional B",1,0,0,30
"SCP2959","Inflamed","Mast","B_cell::ActB3",1,0,0,30
"SCP2959","Inflamed","Mast","B_cell::CSM",1,0,0,30
"SCP2959","Inflamed","Mast","B_cell::Centroblast B",1,0,0,30
"SCP2959","Inflamed","Mast","B_cell::Centrocyte B",1,0,0,30
"SCP2959","Inflamed","Mast","B_cell::DN2",1,0,0,30
"SCP2959","Inflamed","Mast","B_cell::IgM-only",1,0,0,30
"SCP2959","Inflamed","Mast","B_cell::MZ",1,0,0,30
"SCP2959","Inflamed","Mast","B_cell::Naïve B",1,0,0,30
"SCP2959","Inflamed","Mast","Plasma::Activated plasma",1,0,0,30
"SCP2959","Inflamed","Mast","Plasma::IgA plasma",1,0,0,30
"SCP2959","Inflamed","Mast","Plasma::IgG plasma",1,0,0,30
"SCP2959","Inflamed","Mast","Plasma::Transitional B",1,0,0,30
"SCP2959","Inflamed","Mesenchymal_stromal","B_cell::ActB3",1,0,0,30
"SCP2959","Inflamed","Mesenchymal_stromal","B_cell::CSM",1,0,0,30
"SCP2959","Inflamed","Mesenchymal_stromal","B_cell::Centroblast B",1,0,0,30
"SCP2959","Inflamed","Mesenchymal_stromal","B_cell::Centrocyte B",1,0,0,30
"SCP2959","Inflamed","Mesenchymal_stromal","B_cell::DN2",1,1,1,30
"SCP2959","Inflamed","Mesenchymal_stromal","B_cell::IgM-only",1,0,0,30
"SCP2959","Inflamed","Mesenchymal_stromal","B_cell::MZ",1,0,0,30
"SCP2959","Inflamed","Mesenchymal_stromal","B_cell::Naïve B",1,0,0,30
"SCP2959","Inflamed","Mesenchymal_stromal","Plasma::Activated plasma",1,0,0,30
"SCP2959","Inflamed","Mesenchymal_stromal","Plasma::IgA plasma",1,0,0,30
"SCP2959","Inflamed","Mesenchymal_stromal","Plasma::IgG plasma",1,1,1,30
"SCP2959","Inflamed","Mesenchymal_stromal","Plasma::Transitional B",1,0,0,30
"SCP2959","Inflamed","Myeloid","B_cell::ActB3",1,0,0,30
"SCP2959","Inflamed","Myeloid","B_cell::CSM",1,0,0,30
"SCP2959","Inflamed","Myeloid","B_cell::Centroblast B",1,0,0,30
"SCP2959","Inflamed","Myeloid","B_cell::Centrocyte B",1,0,0,30
"SCP2959","Inflamed","Myeloid","B_cell::DN2",1,1,1,30
"SCP2959","Inflamed","Myeloid","B_cell::IgM-only",1,0,0,30
"SCP2959","Inflamed","Myeloid","B_cell::MZ",1,0,0,30
"SCP2959","Inflamed","Myeloid","B_cell::Naïve B",1,0,0,30
"SCP2959","Inflamed","Myeloid","Plasma::Activated plasma",1,0,0,30
"SCP2959","Inflamed","Myeloid","Plasma::IgA plasma",1,0,0,30
"SCP2959","Inflamed","Myeloid","Plasma::IgG plasma",1,1,1,30
"SCP2959","Inflamed","Myeloid","Plasma::Transitional B",1,0,0,30
"SCP2959","Inflamed","T_NK","B_cell::ActB3",1,0,0,30
"SCP2959","Inflamed","T_NK","B_cell::CSM",1,0,0,30
"SCP2959","Inflamed","T_NK","B_cell::Centroblast B",1,0,0,30
"SCP2959","Inflamed","T_NK","B_cell::Centrocyte B",1,0,0,30
"SCP2959","Inflamed","T_NK","B_cell::DN2",1,1,1,30
"SCP2959","Inflamed","T_NK","B_cell::IgM-only",1,0,0,30
"SCP2959","Inflamed","T_NK","B_cell::MZ",1,0,0,30
"SCP2959","Inflamed","T_NK","B_cell::Naïve B",1,0,0,30
"SCP2959","Inflamed","T_NK","Plasma::Activated plasma",1,0,0,30
"SCP2959","Inflamed","T_NK","Plasma::IgA plasma",1,0,0,30
"SCP2959","Inflamed","T_NK","Plasma::IgG plasma",1,1,1,30
"SCP2959","Inflamed","T_NK","Plasma::Transitional B",1,0,0,30
"SCP2959","Control","B_cell::ActB3","Endothelial",9,3,3,30
"SCP2959","Control","B_cell::ActB3","Epithelial",9,3,3,30
"SCP2959","Control","B_cell::ActB3","Mast",9,3,3,30
"SCP2959","Control","B_cell::ActB3","Mesenchymal_stromal",9,3,3,30
"SCP2959","Control","B_cell::ActB3","Myeloid",9,3,3,30
"SCP2959","Control","B_cell::ActB3","T_NK",9,3,3,30
"SCP2959","Control","B_cell::CSM","Endothelial",9,4,4,30
"SCP2959","Control","B_cell::CSM","Epithelial",9,4,4,30
"SCP2959","Control","B_cell::CSM","Mast",9,4,4,30
"SCP2959","Control","B_cell::CSM","Mesenchymal_stromal",9,4,4,30
"SCP2959","Control","B_cell::CSM","Myeloid",9,4,4,30
"SCP2959","Control","B_cell::CSM","T_NK",9,4,4,30
"SCP2959","Control","B_cell::Centroblast B","Endothelial",9,2,2,30
"SCP2959","Control","B_cell::Centroblast B","Epithelial",9,2,2,30
"SCP2959","Control","B_cell::Centroblast B","Mast",9,2,2,30
"SCP2959","Control","B_cell::Centroblast B","Mesenchymal_stromal",9,2,2,30
"SCP2959","Control","B_cell::Centroblast B","Myeloid",9,2,2,30
"SCP2959","Control","B_cell::Centroblast B","T_NK",9,2,2,30
"SCP2959","Control","B_cell::Centrocyte B","Endothelial",9,2,2,30
"SCP2959","Control","B_cell::Centrocyte B","Epithelial",9,2,2,30
"SCP2959","Control","B_cell::Centrocyte B","Mast",9,2,2,30
"SCP2959","Control","B_cell::Centrocyte B","Mesenchymal_stromal",9,2,2,30
"SCP2959","Control","B_cell::Centrocyte B","Myeloid",9,2,2,30
"SCP2959","Control","B_cell::Centrocyte B","T_NK",9,2,2,30
"SCP2959","Control","B_cell::DN2","Endothelial",9,1,1,30
"SCP2959","Control","B_cell::DN2","Epithelial",9,1,1,30
"SCP2959","Control","B_cell::DN2","Mast",9,1,1,30
"SCP2959","Control","B_cell::DN2","Mesenchymal_stromal",9,1,1,30
"SCP2959","Control","B_cell::DN2","Myeloid",9,1,1,30
"SCP2959","Control","B_cell::DN2","T_NK",9,1,1,30
"SCP2959","Control","B_cell::IgM-only","Endothelial",9,1,1,30
"SCP2959","Control","B_cell::IgM-only","Epithelial",9,1,1,30
"SCP2959","Control","B_cell::IgM-only","Mast",9,1,1,30
"SCP2959","Control","B_cell::IgM-only","Mesenchymal_stromal",9,1,1,30
"SCP2959","Control","B_cell::IgM-only","Myeloid",9,1,1,30
"SCP2959","Control","B_cell::IgM-only","T_NK",9,1,1,30
"SCP2959","Control","B_cell::MZ","Endothelial",9,0,0,30
"SCP2959","Control","B_cell::MZ","Epithelial",9,0,0,30
"SCP2959","Control","B_cell::MZ","Mast",9,0,0,30
"SCP2959","Control","B_cell::MZ","Mesenchymal_stromal",9,0,0,30
"SCP2959","Control","B_cell::MZ","Myeloid",9,0,0,30
"SCP2959","Control","B_cell::MZ","T_NK",9,0,0,30
"SCP2959","Control","B_cell::Naïve B","Endothelial",9,4,4,30
"SCP2959","Control","B_cell::Naïve B","Epithelial",9,4,4,30
"SCP2959","Control","B_cell::Naïve B","Mast",9,4,4,30
"SCP2959","Control","B_cell::Naïve B","Mesenchymal_stromal",9,4,4,30
"SCP2959","Control","B_cell::Naïve B","Myeloid",9,4,4,30
"SCP2959","Control","B_cell::Naïve B","T_NK",9,4,4,30
"SCP2959","Control","Plasma::Activated plasma","Endothelial",9,3,3,30
"SCP2959","Control","Plasma::Activated plasma","Epithelial",9,4,4,30
"SCP2959","Control","Plasma::Activated plasma","Mast",9,4,4,30
"SCP2959","Control","Plasma::Activated plasma","Mesenchymal_stromal",9,4,4,30
"SCP2959","Control","Plasma::Activated plasma","Myeloid",9,4,4,30
"SCP2959","Control","Plasma::Activated plasma","T_NK",9,4,4,30
"SCP2959","Control","Plasma::IgA plasma","Endothelial",9,3,3,30
"SCP2959","Control","Plasma::IgA plasma","Epithelial",9,3,3,30
"SCP2959","Control","Plasma::IgA plasma","Mast",9,3,3,30
"SCP2959","Control","Plasma::IgA plasma","Mesenchymal_stromal",9,3,3,30
"SCP2959","Control","Plasma::IgA plasma","Myeloid",9,3,3,30
"SCP2959","Control","Plasma::IgA plasma","T_NK",9,3,3,30
"SCP2959","Control","Plasma::IgG plasma","Endothelial",9,1,1,30
"SCP2959","Control","Plasma::IgG plasma","Epithelial",9,1,1,30
"SCP2959","Control","Plasma::IgG plasma","Mast",9,1,1,30
"SCP2959","Control","Plasma::IgG plasma","Mesenchymal_stromal",9,1,1,30
"SCP2959","Control","Plasma::IgG plasma","Myeloid",9,1,1,30
"SCP2959","Control","Plasma::IgG plasma","T_NK",9,1,1,30
"SCP2959","Control","Plasma::Transitional B","Endothelial",9,0,0,30
"SCP2959","Control","Plasma::Transitional B","Epithelial",9,0,0,30
"SCP2959","Control","Plasma::Transitional B","Mast",9,0,0,30
"SCP2959","Control","Plasma::Transitional B","Mesenchymal_stromal",9,0,0,30
"SCP2959","Control","Plasma::Transitional B","Myeloid",9,0,0,30
"SCP2959","Control","Plasma::Transitional B","T_NK",9,0,0,30
"SCP2959","Control","Endothelial","B_cell::ActB3",9,3,3,30
"SCP2959","Control","Endothelial","B_cell::CSM",9,4,4,30
"SCP2959","Control","Endothelial","B_cell::Centroblast B",9,2,2,30
"SCP2959","Control","Endothelial","B_cell::Centrocyte B",9,2,2,30
"SCP2959","Control","Endothelial","B_cell::DN2",9,1,1,30
"SCP2959","Control","Endothelial","B_cell::IgM-only",9,1,1,30
"SCP2959","Control","Endothelial","B_cell::MZ",9,0,0,30
"SCP2959","Control","Endothelial","B_cell::Naïve B",9,4,4,30
"SCP2959","Control","Endothelial","Plasma::Activated plasma",9,3,3,30
"SCP2959","Control","Endothelial","Plasma::IgA plasma",9,3,3,30
"SCP2959","Control","Endothelial","Plasma::IgG plasma",9,1,1,30
"SCP2959","Control","Endothelial","Plasma::Transitional B",9,0,0,30
"SCP2959","Control","Epithelial","B_cell::ActB3",9,3,3,30
"SCP2959","Control","Epithelial","B_cell::CSM",9,4,4,30
"SCP2959","Control","Epithelial","B_cell::Centroblast B",9,2,2,30
"SCP2959","Control","Epithelial","B_cell::Centrocyte B",9,2,2,30
"SCP2959","Control","Epithelial","B_cell::DN2",9,1,1,30
"SCP2959","Control","Epithelial","B_cell::IgM-only",9,1,1,30
"SCP2959","Control","Epithelial","B_cell::MZ",9,0,0,30
"SCP2959","Control","Epithelial","B_cell::Naïve B",9,4,4,30
"SCP2959","Control","Epithelial","Plasma::Activated plasma",9,4,4,30
"SCP2959","Control","Epithelial","Plasma::IgA plasma",9,3,3,30
"SCP2959","Control","Epithelial","Plasma::IgG plasma",9,1,1,30
"SCP2959","Control","Epithelial","Plasma::Transitional B",9,0,0,30
"SCP2959","Control","Mast","B_cell::ActB3",9,3,3,30
"SCP2959","Control","Mast","B_cell::CSM",9,4,4,30
"SCP2959","Control","Mast","B_cell::Centroblast B",9,2,2,30
"SCP2959","Control","Mast","B_cell::Centrocyte B",9,2,2,30
"SCP2959","Control","Mast","B_cell::DN2",9,1,1,30
"SCP2959","Control","Mast","B_cell::IgM-only",9,1,1,30
"SCP2959","Control","Mast","B_cell::MZ",9,0,0,30
"SCP2959","Control","Mast","B_cell::Naïve B",9,4,4,30
"SCP2959","Control","Mast","Plasma::Activated plasma",9,4,4,30
"SCP2959","Control","Mast","Plasma::IgA plasma",9,3,3,30
"SCP2959","Control","Mast","Plasma::IgG plasma",9,1,1,30
"SCP2959","Control","Mast","Plasma::Transitional B",9,0,0,30
"SCP2959","Control","Mesenchymal_stromal","B_cell::ActB3",9,3,3,30
"SCP2959","Control","Mesenchymal_stromal","B_cell::CSM",9,4,4,30
"SCP2959","Control","Mesenchymal_stromal","B_cell::Centroblast B",9,2,2,30
"SCP2959","Control","Mesenchymal_stromal","B_cell::Centrocyte B",9,2,2,30
"SCP2959","Control","Mesenchymal_stromal","B_cell::DN2",9,1,1,30
"SCP2959","Control","Mesenchymal_stromal","B_cell::IgM-only",9,1,1,30
"SCP2959","Control","Mesenchymal_stromal","B_cell::MZ",9,0,0,30
"SCP2959","Control","Mesenchymal_stromal","B_cell::Naïve B",9,4,4,30
"SCP2959","Control","Mesenchymal_stromal","Plasma::Activated plasma",9,4,4,30
"SCP2959","Control","Mesenchymal_stromal","Plasma::IgA plasma",9,3,3,30
"SCP2959","Control","Mesenchymal_stromal","Plasma::IgG plasma",9,1,1,30
"SCP2959","Control","Mesenchymal_stromal","Plasma::Transitional B",9,0,0,30
"SCP2959","Control","Myeloid","B_cell::ActB3",9,3,3,30
"SCP2959","Control","Myeloid","B_cell::CSM",9,4,4,30
"SCP2959","Control","Myeloid","B_cell::Centroblast B",9,2,2,30
"SCP2959","Control","Myeloid","B_cell::Centrocyte B",9,2,2,30
"SCP2959","Control","Myeloid","B_cell::DN2",9,1,1,30
"SCP2959","Control","Myeloid","B_cell::IgM-only",9,1,1,30
"SCP2959","Control","Myeloid","B_cell::MZ",9,0,0,30
"SCP2959","Control","Myeloid","B_cell::Naïve B",9,4,4,30
"SCP2959","Control","Myeloid","Plasma::Activated plasma",9,4,4,30
"SCP2959","Control","Myeloid","Plasma::IgA plasma",9,3,3,30
"SCP2959","Control","Myeloid","Plasma::IgG plasma",9,1,1,30
"SCP2959","Control","Myeloid","Plasma::Transitional B",9,0,0,30
"SCP2959","Control","T_NK","B_cell::ActB3",9,3,3,30
"SCP2959","Control","T_NK","B_cell::CSM",9,4,4,30
"SCP2959","Control","T_NK","B_cell::Centroblast B",9,2,2,30
"SCP2959","Control","T_NK","B_cell::Centrocyte B",9,2,2,30
"SCP2959","Control","T_NK","B_cell::DN2",9,1,1,30
"SCP2959","Control","T_NK","B_cell::IgM-only",9,1,1,30
"SCP2959","Control","T_NK","B_cell::MZ",9,0,0,30
"SCP2959","Control","T_NK","B_cell::Naïve B",9,4,4,30
"SCP2959","Control","T_NK","Plasma::Activated plasma",9,4,4,30
"SCP2959","Control","T_NK","Plasma::IgA plasma",9,3,3,30
"SCP2959","Control","T_NK","Plasma::IgG plasma",9,1,1,30
"SCP2959","Control","T_NK","Plasma::Transitional B",9,0,0,30
"GSE134809","Inflamed","B_cell::ActB3","Endothelial",11,1,1,50
"GSE134809","Inflamed","B_cell::ActB3","Epithelial",11,1,1,50
"GSE134809","Inflamed","B_cell::ActB3","Mast",11,0,0,50
"GSE134809","Inflamed","B_cell::ActB3","Mesenchymal_stromal",11,1,1,50
"GSE134809","Inflamed","B_cell::ActB3","Myeloid",11,1,1,50
"GSE134809","Inflamed","B_cell::ActB3","T_NK",11,1,1,50
"GSE134809","Inflamed","B_cell::CSM","Endothelial",11,8,8,50
"GSE134809","Inflamed","B_cell::CSM","Epithelial",11,5,5,50
"GSE134809","Inflamed","B_cell::CSM","Mast",11,2,2,50
"GSE134809","Inflamed","B_cell::CSM","Mesenchymal_stromal",11,7,7,50
"GSE134809","Inflamed","B_cell::CSM","Myeloid",11,10,10,50
"GSE134809","Inflamed","B_cell::CSM","T_NK",11,10,10,50
"GSE134809","Inflamed","B_cell::Centroblast B","Endothelial",11,0,0,50
"GSE134809","Inflamed","B_cell::Centroblast B","Epithelial",11,0,0,50
"GSE134809","Inflamed","B_cell::Centroblast B","Mast",11,0,0,50
"GSE134809","Inflamed","B_cell::Centroblast B","Mesenchymal_stromal",11,0,0,50
"GSE134809","Inflamed","B_cell::Centroblast B","Myeloid",11,0,0,50
"GSE134809","Inflamed","B_cell::Centroblast B","T_NK",11,0,0,50
"GSE134809","Inflamed","B_cell::Centrocyte B","Endothelial",11,0,0,50
"GSE134809","Inflamed","B_cell::Centrocyte B","Epithelial",11,0,0,50
"GSE134809","Inflamed","B_cell::Centrocyte B","Mast",11,0,0,50
"GSE134809","Inflamed","B_cell::Centrocyte B","Mesenchymal_stromal",11,0,0,50
"GSE134809","Inflamed","B_cell::Centrocyte B","Myeloid",11,0,0,50
"GSE134809","Inflamed","B_cell::Centrocyte B","T_NK",11,0,0,50
"GSE134809","Inflamed","B_cell::DN2","Endothelial",11,0,0,50
"GSE134809","Inflamed","B_cell::DN2","Epithelial",11,0,0,50
"GSE134809","Inflamed","B_cell::DN2","Mast",11,0,0,50
"GSE134809","Inflamed","B_cell::DN2","Mesenchymal_stromal",11,0,0,50
"GSE134809","Inflamed","B_cell::DN2","Myeloid",11,0,0,50
"GSE134809","Inflamed","B_cell::DN2","T_NK",11,0,0,50
"GSE134809","Inflamed","B_cell::IgM-only","Endothelial",11,2,2,50
"GSE134809","Inflamed","B_cell::IgM-only","Epithelial",11,1,1,50
"GSE134809","Inflamed","B_cell::IgM-only","Mast",11,1,1,50
"GSE134809","Inflamed","B_cell::IgM-only","Mesenchymal_stromal",11,1,1,50
"GSE134809","Inflamed","B_cell::IgM-only","Myeloid",11,2,2,50
"GSE134809","Inflamed","B_cell::IgM-only","T_NK",11,2,2,50
"GSE134809","Inflamed","B_cell::MZ","Endothelial",11,0,0,50
"GSE134809","Inflamed","B_cell::MZ","Epithelial",11,0,0,50
"GSE134809","Inflamed","B_cell::MZ","Mast",11,0,0,50
"GSE134809","Inflamed","B_cell::MZ","Mesenchymal_stromal",11,0,0,50
"GSE134809","Inflamed","B_cell::MZ","Myeloid",11,0,0,50
"GSE134809","Inflamed","B_cell::MZ","T_NK",11,0,0,50
"GSE134809","Inflamed","B_cell::Naïve B","Endothelial",11,5,5,50
"GSE134809","Inflamed","B_cell::Naïve B","Epithelial",11,3,3,50
"GSE134809","Inflamed","B_cell::Naïve B","Mast",11,1,1,50
"GSE134809","Inflamed","B_cell::Naïve B","Mesenchymal_stromal",11,3,3,50
"GSE134809","Inflamed","B_cell::Naïve B","Myeloid",11,5,5,50
"GSE134809","Inflamed","B_cell::Naïve B","T_NK",11,5,5,50
"GSE134809","Inflamed","Plasma::Activated plasma","Endothelial",11,4,4,50
"GSE134809","Inflamed","Plasma::Activated plasma","Epithelial",11,5,5,50
"GSE134809","Inflamed","Plasma::Activated plasma","Mast",11,1,1,50
"GSE134809","Inflamed","Plasma::Activated plasma","Mesenchymal_stromal",11,4,4,50
"GSE134809","Inflamed","Plasma::Activated plasma","Myeloid",11,6,6,50
"GSE134809","Inflamed","Plasma::Activated plasma","T_NK",11,7,7,50
"GSE134809","Inflamed","Plasma::IgA plasma","Endothelial",11,7,7,50
"GSE134809","Inflamed","Plasma::IgA plasma","Epithelial",11,6,6,50
"GSE134809","Inflamed","Plasma::IgA plasma","Mast",11,2,2,50
"GSE134809","Inflamed","Plasma::IgA plasma","Mesenchymal_stromal",11,6,6,50
"GSE134809","Inflamed","Plasma::IgA plasma","Myeloid",11,9,9,50
"GSE134809","Inflamed","Plasma::IgA plasma","T_NK",11,10,10,50
"GSE134809","Inflamed","Plasma::IgG plasma","Endothelial",11,6,6,50
"GSE134809","Inflamed","Plasma::IgG plasma","Epithelial",11,3,3,50
"GSE134809","Inflamed","Plasma::IgG plasma","Mast",11,1,1,50
"GSE134809","Inflamed","Plasma::IgG plasma","Mesenchymal_stromal",11,5,5,50
"GSE134809","Inflamed","Plasma::IgG plasma","Myeloid",11,7,7,50
"GSE134809","Inflamed","Plasma::IgG plasma","T_NK",11,7,7,50
"GSE134809","Inflamed","Plasma::Transitional B","Endothelial",11,1,1,50
"GSE134809","Inflamed","Plasma::Transitional B","Epithelial",11,1,1,50
"GSE134809","Inflamed","Plasma::Transitional B","Mast",11,1,1,50
"GSE134809","Inflamed","Plasma::Transitional B","Mesenchymal_stromal",11,0,0,50
"GSE134809","Inflamed","Plasma::Transitional B","Myeloid",11,1,1,50
"GSE134809","Inflamed","Plasma::Transitional B","T_NK",11,1,1,50
"GSE134809","Inflamed","Endothelial","B_cell::ActB3",11,1,1,50
"GSE134809","Inflamed","Endothelial","B_cell::CSM",11,8,8,50
"GSE134809","Inflamed","Endothelial","B_cell::Centroblast B",11,0,0,50
"GSE134809","Inflamed","Endothelial","B_cell::Centrocyte B",11,0,0,50
"GSE134809","Inflamed","Endothelial","B_cell::DN2",11,0,0,50
"GSE134809","Inflamed","Endothelial","B_cell::IgM-only",11,2,2,50
"GSE134809","Inflamed","Endothelial","B_cell::MZ",11,0,0,50
"GSE134809","Inflamed","Endothelial","B_cell::Naïve B",11,5,5,50
"GSE134809","Inflamed","Endothelial","Plasma::Activated plasma",11,4,4,50
"GSE134809","Inflamed","Endothelial","Plasma::IgA plasma",11,7,7,50
"GSE134809","Inflamed","Endothelial","Plasma::IgG plasma",11,6,6,50
"GSE134809","Inflamed","Endothelial","Plasma::Transitional B",11,1,1,50
"GSE134809","Inflamed","Epithelial","B_cell::ActB3",11,1,1,50
"GSE134809","Inflamed","Epithelial","B_cell::CSM",11,5,5,50
"GSE134809","Inflamed","Epithelial","B_cell::Centroblast B",11,0,0,50
"GSE134809","Inflamed","Epithelial","B_cell::Centrocyte B",11,0,0,50
"GSE134809","Inflamed","Epithelial","B_cell::DN2",11,0,0,50
"GSE134809","Inflamed","Epithelial","B_cell::IgM-only",11,1,1,50
"GSE134809","Inflamed","Epithelial","B_cell::MZ",11,0,0,50
"GSE134809","Inflamed","Epithelial","B_cell::Naïve B",11,3,3,50
"GSE134809","Inflamed","Epithelial","Plasma::Activated plasma",11,5,5,50
"GSE134809","Inflamed","Epithelial","Plasma::IgA plasma",11,6,6,50
"GSE134809","Inflamed","Epithelial","Plasma::IgG plasma",11,3,3,50
"GSE134809","Inflamed","Epithelial","Plasma::Transitional B",11,1,1,50
"GSE134809","Inflamed","Mast","B_cell::ActB3",11,0,0,50
"GSE134809","Inflamed","Mast","B_cell::CSM",11,2,2,50
"GSE134809","Inflamed","Mast","B_cell::Centroblast B",11,0,0,50
"GSE134809","Inflamed","Mast","B_cell::Centrocyte B",11,0,0,50
"GSE134809","Inflamed","Mast","B_cell::DN2",11,0,0,50
"GSE134809","Inflamed","Mast","B_cell::IgM-only",11,1,1,50
"GSE134809","Inflamed","Mast","B_cell::MZ",11,0,0,50
"GSE134809","Inflamed","Mast","B_cell::Naïve B",11,1,1,50
"GSE134809","Inflamed","Mast","Plasma::Activated plasma",11,1,1,50
"GSE134809","Inflamed","Mast","Plasma::IgA plasma",11,2,2,50
"GSE134809","Inflamed","Mast","Plasma::IgG plasma",11,1,1,50
"GSE134809","Inflamed","Mast","Plasma::Transitional B",11,1,1,50
"GSE134809","Inflamed","Mesenchymal_stromal","B_cell::ActB3",11,1,1,50
"GSE134809","Inflamed","Mesenchymal_stromal","B_cell::CSM",11,7,7,50
"GSE134809","Inflamed","Mesenchymal_stromal","B_cell::Centroblast B",11,0,0,50
"GSE134809","Inflamed","Mesenchymal_stromal","B_cell::Centrocyte B",11,0,0,50
"GSE134809","Inflamed","Mesenchymal_stromal","B_cell::DN2",11,0,0,50
"GSE134809","Inflamed","Mesenchymal_stromal","B_cell::IgM-only",11,1,1,50
"GSE134809","Inflamed","Mesenchymal_stromal","B_cell::MZ",11,0,0,50
"GSE134809","Inflamed","Mesenchymal_stromal","B_cell::Naïve B",11,3,3,50
"GSE134809","Inflamed","Mesenchymal_stromal","Plasma::Activated plasma",11,4,4,50
"GSE134809","Inflamed","Mesenchymal_stromal","Plasma::IgA plasma",11,6,6,50
"GSE134809","Inflamed","Mesenchymal_stromal","Plasma::IgG plasma",11,5,5,50
"GSE134809","Inflamed","Mesenchymal_stromal","Plasma::Transitional B",11,0,0,50
"GSE134809","Inflamed","Myeloid","B_cell::ActB3",11,1,1,50
"GSE134809","Inflamed","Myeloid","B_cell::CSM",11,10,10,50
"GSE134809","Inflamed","Myeloid","B_cell::Centroblast B",11,0,0,50
"GSE134809","Inflamed","Myeloid","B_cell::Centrocyte B",11,0,0,50
"GSE134809","Inflamed","Myeloid","B_cell::DN2",11,0,0,50
"GSE134809","Inflamed","Myeloid","B_cell::IgM-only",11,2,2,50
"GSE134809","Inflamed","Myeloid","B_cell::MZ",11,0,0,50
"GSE134809","Inflamed","Myeloid","B_cell::Naïve B",11,5,5,50
"GSE134809","Inflamed","Myeloid","Plasma::Activated plasma",11,6,6,50
"GSE134809","Inflamed","Myeloid","Plasma::IgA plasma",11,9,9,50
"GSE134809","Inflamed","Myeloid","Plasma::IgG plasma",11,7,7,50
"GSE134809","Inflamed","Myeloid","Plasma::Transitional B",11,1,1,50
"GSE134809","Inflamed","T_NK","B_cell::ActB3",11,1,1,50
"GSE134809","Inflamed","T_NK","B_cell::CSM",11,10,10,50
"GSE134809","Inflamed","T_NK","B_cell::Centroblast B",11,0,0,50
"GSE134809","Inflamed","T_NK","B_cell::Centrocyte B",11,0,0,50
"GSE134809","Inflamed","T_NK","B_cell::DN2",11,0,0,50
"GSE134809","Inflamed","T_NK","B_cell::IgM-only",11,2,2,50
"GSE134809","Inflamed","T_NK","B_cell::MZ",11,0,0,50
"GSE134809","Inflamed","T_NK","B_cell::Naïve B",11,5,5,50
"GSE134809","Inflamed","T_NK","Plasma::Activated plasma",11,7,7,50
"GSE134809","Inflamed","T_NK","Plasma::IgA plasma",11,10,10,50
"GSE134809","Inflamed","T_NK","Plasma::IgG plasma",11,7,7,50
"GSE134809","Inflamed","T_NK","Plasma::Transitional B",11,1,1,50
"GSE134809","Non-inflamed","B_cell::ActB3","Endothelial",11,0,0,50
"GSE134809","Non-inflamed","B_cell::ActB3","Epithelial",11,0,0,50
"GSE134809","Non-inflamed","B_cell::ActB3","Mast",11,0,0,50
"GSE134809","Non-inflamed","B_cell::ActB3","Mesenchymal_stromal",11,0,0,50
"GSE134809","Non-inflamed","B_cell::ActB3","Myeloid",11,0,0,50
"GSE134809","Non-inflamed","B_cell::ActB3","T_NK",11,0,0,50
"GSE134809","Non-inflamed","B_cell::CSM","Endothelial",11,5,5,50
"GSE134809","Non-inflamed","B_cell::CSM","Epithelial",11,7,7,50
"GSE134809","Non-inflamed","B_cell::CSM","Mast",11,3,3,50
"GSE134809","Non-inflamed","B_cell::CSM","Mesenchymal_stromal",11,7,7,50
"GSE134809","Non-inflamed","B_cell::CSM","Myeloid",11,9,9,50
"GSE134809","Non-inflamed","B_cell::CSM","T_NK",11,9,9,50
"GSE134809","Non-inflamed","B_cell::Centroblast B","Endothelial",11,0,0,50
"GSE134809","Non-inflamed","B_cell::Centroblast B","Epithelial",11,0,0,50
"GSE134809","Non-inflamed","B_cell::Centroblast B","Mast",11,0,0,50
"GSE134809","Non-inflamed","B_cell::Centroblast B","Mesenchymal_stromal",11,0,0,50
"GSE134809","Non-inflamed","B_cell::Centroblast B","Myeloid",11,0,0,50
"GSE134809","Non-inflamed","B_cell::Centroblast B","T_NK",11,0,0,50
"GSE134809","Non-inflamed","B_cell::Centrocyte B","Endothelial",11,0,0,50
"GSE134809","Non-inflamed","B_cell::Centrocyte B","Epithelial",11,0,0,50
"GSE134809","Non-inflamed","B_cell::Centrocyte B","Mast",11,0,0,50
"GSE134809","Non-inflamed","B_cell::Centrocyte B","Mesenchymal_stromal",11,0,0,50
"GSE134809","Non-inflamed","B_cell::Centrocyte B","Myeloid",11,0,0,50
"GSE134809","Non-inflamed","B_cell::Centrocyte B","T_NK",11,0,0,50
"GSE134809","Non-inflamed","B_cell::DN2","Endothelial",11,0,0,50
"GSE134809","Non-inflamed","B_cell::DN2","Epithelial",11,0,0,50
"GSE134809","Non-inflamed","B_cell::DN2","Mast",11,0,0,50
"GSE134809","Non-inflamed","B_cell::DN2","Mesenchymal_stromal",11,0,0,50
"GSE134809","Non-inflamed","B_cell::DN2","Myeloid",11,0,0,50
"GSE134809","Non-inflamed","B_cell::DN2","T_NK",11,0,0,50
"GSE134809","Non-inflamed","B_cell::IgM-only","Endothelial",11,0,0,50
"GSE134809","Non-inflamed","B_cell::IgM-only","Epithelial",11,0,0,50
"GSE134809","Non-inflamed","B_cell::IgM-only","Mast",11,0,0,50
"GSE134809","Non-inflamed","B_cell::IgM-only","Mesenchymal_stromal",11,0,0,50
"GSE134809","Non-inflamed","B_cell::IgM-only","Myeloid",11,0,0,50
"GSE134809","Non-inflamed","B_cell::IgM-only","T_NK",11,0,0,50
"GSE134809","Non-inflamed","B_cell::MZ","Endothelial",11,0,0,50
"GSE134809","Non-inflamed","B_cell::MZ","Epithelial",11,0,0,50
"GSE134809","Non-inflamed","B_cell::MZ","Mast",11,0,0,50
"GSE134809","Non-inflamed","B_cell::MZ","Mesenchymal_stromal",11,0,0,50
"GSE134809","Non-inflamed","B_cell::MZ","Myeloid",11,0,0,50
"GSE134809","Non-inflamed","B_cell::MZ","T_NK",11,0,0,50
"GSE134809","Non-inflamed","B_cell::Naïve B","Endothelial",11,1,1,50
"GSE134809","Non-inflamed","B_cell::Naïve B","Epithelial",11,2,2,50
"GSE134809","Non-inflamed","B_cell::Naïve B","Mast",11,1,1,50
"GSE134809","Non-inflamed","B_cell::Naïve B","Mesenchymal_stromal",11,1,1,50
"GSE134809","Non-inflamed","B_cell::Naïve B","Myeloid",11,2,2,50
"GSE134809","Non-inflamed","B_cell::Naïve B","T_NK",11,2,2,50
"GSE134809","Non-inflamed","Plasma::Activated plasma","Endothelial",11,2,2,50
"GSE134809","Non-inflamed","Plasma::Activated plasma","Epithelial",11,3,3,50
"GSE134809","Non-inflamed","Plasma::Activated plasma","Mast",11,2,2,50
"GSE134809","Non-inflamed","Plasma::Activated plasma","Mesenchymal_stromal",11,3,3,50
"GSE134809","Non-inflamed","Plasma::Activated plasma","Myeloid",11,3,3,50
"GSE134809","Non-inflamed","Plasma::Activated plasma","T_NK",11,3,3,50
"GSE134809","Non-inflamed","Plasma::IgA plasma","Endothelial",11,5,5,50
"GSE134809","Non-inflamed","Plasma::IgA plasma","Epithelial",11,8,8,50
"GSE134809","Non-inflamed","Plasma::IgA plasma","Mast",11,3,3,50
"GSE134809","Non-inflamed","Plasma::IgA plasma","Mesenchymal_stromal",11,8,8,50
"GSE134809","Non-inflamed","Plasma::IgA plasma","Myeloid",11,10,10,50
"GSE134809","Non-inflamed","Plasma::IgA plasma","T_NK",11,10,10,50
"GSE134809","Non-inflamed","Plasma::IgG plasma","Endothelial",11,1,1,50
"GSE134809","Non-inflamed","Plasma::IgG plasma","Epithelial",11,2,2,50
"GSE134809","Non-inflamed","Plasma::IgG plasma","Mast",11,2,2,50
"GSE134809","Non-inflamed","Plasma::IgG plasma","Mesenchymal_stromal",11,2,2,50
"GSE134809","Non-inflamed","Plasma::IgG plasma","Myeloid",11,2,2,50
"GSE134809","Non-inflamed","Plasma::IgG plasma","T_NK",11,2,2,50
"GSE134809","Non-inflamed","Plasma::Transitional B","Endothelial",11,0,0,50
"GSE134809","Non-inflamed","Plasma::Transitional B","Epithelial",11,0,0,50
"GSE134809","Non-inflamed","Plasma::Transitional B","Mast",11,0,0,50
"GSE134809","Non-inflamed","Plasma::Transitional B","Mesenchymal_stromal",11,0,0,50
"GSE134809","Non-inflamed","Plasma::Transitional B","Myeloid",11,0,0,50
"GSE134809","Non-inflamed","Plasma::Transitional B","T_NK",11,0,0,50
"GSE134809","Non-inflamed","Endothelial","B_cell::ActB3",11,0,0,50
"GSE134809","Non-inflamed","Endothelial","B_cell::CSM",11,5,5,50
"GSE134809","Non-inflamed","Endothelial","B_cell::Centroblast B",11,0,0,50
"GSE134809","Non-inflamed","Endothelial","B_cell::Centrocyte B",11,0,0,50
"GSE134809","Non-inflamed","Endothelial","B_cell::DN2",11,0,0,50
"GSE134809","Non-inflamed","Endothelial","B_cell::IgM-only",11,0,0,50
"GSE134809","Non-inflamed","Endothelial","B_cell::MZ",11,0,0,50
"GSE134809","Non-inflamed","Endothelial","B_cell::Naïve B",11,1,1,50
"GSE134809","Non-inflamed","Endothelial","Plasma::Activated plasma",11,2,2,50
"GSE134809","Non-inflamed","Endothelial","Plasma::IgA plasma",11,5,5,50
"GSE134809","Non-inflamed","Endothelial","Plasma::IgG plasma",11,1,1,50
"GSE134809","Non-inflamed","Endothelial","Plasma::Transitional B",11,0,0,50
"GSE134809","Non-inflamed","Epithelial","B_cell::ActB3",11,0,0,50
"GSE134809","Non-inflamed","Epithelial","B_cell::CSM",11,7,7,50
"GSE134809","Non-inflamed","Epithelial","B_cell::Centroblast B",11,0,0,50
"GSE134809","Non-inflamed","Epithelial","B_cell::Centrocyte B",11,0,0,50
"GSE134809","Non-inflamed","Epithelial","B_cell::DN2",11,0,0,50
"GSE134809","Non-inflamed","Epithelial","B_cell::IgM-only",11,0,0,50
"GSE134809","Non-inflamed","Epithelial","B_cell::MZ",11,0,0,50
"GSE134809","Non-inflamed","Epithelial","B_cell::Naïve B",11,2,2,50
"GSE134809","Non-inflamed","Epithelial","Plasma::Activated plasma",11,3,3,50
"GSE134809","Non-inflamed","Epithelial","Plasma::IgA plasma",11,8,8,50
"GSE134809","Non-inflamed","Epithelial","Plasma::IgG plasma",11,2,2,50
"GSE134809","Non-inflamed","Epithelial","Plasma::Transitional B",11,0,0,50
"GSE134809","Non-inflamed","Mast","B_cell::ActB3",11,0,0,50
"GSE134809","Non-inflamed","Mast","B_cell::CSM",11,3,3,50
"GSE134809","Non-inflamed","Mast","B_cell::Centroblast B",11,0,0,50
"GSE134809","Non-inflamed","Mast","B_cell::Centrocyte B",11,0,0,50
"GSE134809","Non-inflamed","Mast","B_cell::DN2",11,0,0,50
"GSE134809","Non-inflamed","Mast","B_cell::IgM-only",11,0,0,50
"GSE134809","Non-inflamed","Mast","B_cell::MZ",11,0,0,50
"GSE134809","Non-inflamed","Mast","B_cell::Naïve B",11,1,1,50
"GSE134809","Non-inflamed","Mast","Plasma::Activated plasma",11,2,2,50
"GSE134809","Non-inflamed","Mast","Plasma::IgA plasma",11,3,3,50
"GSE134809","Non-inflamed","Mast","Plasma::IgG plasma",11,2,2,50
"GSE134809","Non-inflamed","Mast","Plasma::Transitional B",11,0,0,50
"GSE134809","Non-inflamed","Mesenchymal_stromal","B_cell::ActB3",11,0,0,50
"GSE134809","Non-inflamed","Mesenchymal_stromal","B_cell::CSM",11,7,7,50
"GSE134809","Non-inflamed","Mesenchymal_stromal","B_cell::Centroblast B",11,0,0,50
"GSE134809","Non-inflamed","Mesenchymal_stromal","B_cell::Centrocyte B",11,0,0,50
"GSE134809","Non-inflamed","Mesenchymal_stromal","B_cell::DN2",11,0,0,50
"GSE134809","Non-inflamed","Mesenchymal_stromal","B_cell::IgM-only",11,0,0,50
"GSE134809","Non-inflamed","Mesenchymal_stromal","B_cell::MZ",11,0,0,50
"GSE134809","Non-inflamed","Mesenchymal_stromal","B_cell::Naïve B",11,1,1,50
"GSE134809","Non-inflamed","Mesenchymal_stromal","Plasma::Activated plasma",11,3,3,50
"GSE134809","Non-inflamed","Mesenchymal_stromal","Plasma::IgA plasma",11,8,8,50
"GSE134809","Non-inflamed","Mesenchymal_stromal","Plasma::IgG plasma",11,2,2,50
"GSE134809","Non-inflamed","Mesenchymal_stromal","Plasma::Transitional B",11,0,0,50
"GSE134809","Non-inflamed","Myeloid","B_cell::ActB3",11,0,0,50
"GSE134809","Non-inflamed","Myeloid","B_cell::CSM",11,9,9,50
"GSE134809","Non-inflamed","Myeloid","B_cell::Centroblast B",11,0,0,50
"GSE134809","Non-inflamed","Myeloid","B_cell::Centrocyte B",11,0,0,50
"GSE134809","Non-inflamed","Myeloid","B_cell::DN2",11,0,0,50
"GSE134809","Non-inflamed","Myeloid","B_cell::IgM-only",11,0,0,50
"GSE134809","Non-inflamed","Myeloid","B_cell::MZ",11,0,0,50
"GSE134809","Non-inflamed","Myeloid","B_cell::Naïve B",11,2,2,50
"GSE134809","Non-inflamed","Myeloid","Plasma::Activated plasma",11,3,3,50
"GSE134809","Non-inflamed","Myeloid","Plasma::IgA plasma",11,10,10,50
"GSE134809","Non-inflamed","Myeloid","Plasma::IgG plasma",11,2,2,50
"GSE134809","Non-inflamed","Myeloid","Plasma::Transitional B",11,0,0,50
"GSE134809","Non-inflamed","T_NK","B_cell::ActB3",11,0,0,50
"GSE134809","Non-inflamed","T_NK","B_cell::CSM",11,9,9,50
"GSE134809","Non-inflamed","T_NK","B_cell::Centroblast B",11,0,0,50
"GSE134809","Non-inflamed","T_NK","B_cell::Centrocyte B",11,0,0,50
"GSE134809","Non-inflamed","T_NK","B_cell::DN2",11,0,0,50
"GSE134809","Non-inflamed","T_NK","B_cell::IgM-only",11,0,0,50
"GSE134809","Non-inflamed","T_NK","B_cell::MZ",11,0,0,50
"GSE134809","Non-inflamed","T_NK","B_cell::Naïve B",11,2,2,50
"GSE134809","Non-inflamed","T_NK","Plasma::Activated plasma",11,3,3,50
"GSE134809","Non-inflamed","T_NK","Plasma::IgA plasma",11,10,10,50
"GSE134809","Non-inflamed","T_NK","Plasma::IgG plasma",11,2,2,50
"GSE134809","Non-inflamed","T_NK","Plasma::Transitional B",11,0,0,50
"JCI2024","Stricture","B_cell::ActB3","Endothelial",6,0,0,50
"JCI2024","Stricture","B_cell::ActB3","Epithelial",6,0,0,50
"JCI2024","Stricture","B_cell::ActB3","Mast",6,0,0,50
"JCI2024","Stricture","B_cell::ActB3","Mesenchymal_stromal",6,0,0,50
"JCI2024","Stricture","B_cell::ActB3","Myeloid",6,0,0,50
"JCI2024","Stricture","B_cell::ActB3","T_NK",6,0,0,50
"JCI2024","Stricture","B_cell::CSM","Endothelial",6,6,6,50
"JCI2024","Stricture","B_cell::CSM","Epithelial",6,5,5,50
"JCI2024","Stricture","B_cell::CSM","Mast",6,6,6,50
"JCI2024","Stricture","B_cell::CSM","Mesenchymal_stromal",6,6,6,50
"JCI2024","Stricture","B_cell::CSM","Myeloid",6,6,6,50
"JCI2024","Stricture","B_cell::CSM","T_NK",6,6,6,50
"JCI2024","Stricture","B_cell::Centroblast B","Endothelial",6,0,0,50
"JCI2024","Stricture","B_cell::Centroblast B","Epithelial",6,0,0,50
"JCI2024","Stricture","B_cell::Centroblast B","Mast",6,0,0,50
"JCI2024","Stricture","B_cell::Centroblast B","Mesenchymal_stromal",6,0,0,50
"JCI2024","Stricture","B_cell::Centroblast B","Myeloid",6,0,0,50
"JCI2024","Stricture","B_cell::Centroblast B","T_NK",6,0,0,50
"JCI2024","Stricture","B_cell::Centrocyte B","Endothelial",6,0,0,50
"JCI2024","Stricture","B_cell::Centrocyte B","Epithelial",6,0,0,50
"JCI2024","Stricture","B_cell::Centrocyte B","Mast",6,0,0,50
"JCI2024","Stricture","B_cell::Centrocyte B","Mesenchymal_stromal",6,0,0,50
"JCI2024","Stricture","B_cell::Centrocyte B","Myeloid",6,0,0,50
"JCI2024","Stricture","B_cell::Centrocyte B","T_NK",6,0,0,50
"JCI2024","Stricture","B_cell::DN2","Endothelial",6,0,0,50
"JCI2024","Stricture","B_cell::DN2","Epithelial",6,0,0,50
"JCI2024","Stricture","B_cell::DN2","Mast",6,0,0,50
"JCI2024","Stricture","B_cell::DN2","Mesenchymal_stromal",6,0,0,50
"JCI2024","Stricture","B_cell::DN2","Myeloid",6,0,0,50
"JCI2024","Stricture","B_cell::DN2","T_NK",6,0,0,50
"JCI2024","Stricture","B_cell::IgM-only","Endothelial",6,0,0,50
"JCI2024","Stricture","B_cell::IgM-only","Epithelial",6,0,0,50
"JCI2024","Stricture","B_cell::IgM-only","Mast",6,0,0,50
"JCI2024","Stricture","B_cell::IgM-only","Mesenchymal_stromal",6,0,0,50
"JCI2024","Stricture","B_cell::IgM-only","Myeloid",6,0,0,50
"JCI2024","Stricture","B_cell::IgM-only","T_NK",6,0,0,50
"JCI2024","Stricture","B_cell::MZ","Endothelial",6,0,0,50
"JCI2024","Stricture","B_cell::MZ","Epithelial",6,0,0,50
"JCI2024","Stricture","B_cell::MZ","Mast",6,0,0,50
"JCI2024","Stricture","B_cell::MZ","Mesenchymal_stromal",6,0,0,50
"JCI2024","Stricture","B_cell::MZ","Myeloid",6,0,0,50
"JCI2024","Stricture","B_cell::MZ","T_NK",6,0,0,50
"JCI2024","Stricture","B_cell::Naïve B","Endothelial",6,3,3,50
"JCI2024","Stricture","B_cell::Naïve B","Epithelial",6,2,2,50
"JCI2024","Stricture","B_cell::Naïve B","Mast",6,3,3,50
"JCI2024","Stricture","B_cell::Naïve B","Mesenchymal_stromal",6,3,3,50
"JCI2024","Stricture","B_cell::Naïve B","Myeloid",6,3,3,50
"JCI2024","Stricture","B_cell::Naïve B","T_NK",6,3,3,50
"JCI2024","Stricture","Plasma::Activated plasma","Endothelial",6,5,5,50
"JCI2024","Stricture","Plasma::Activated plasma","Epithelial",6,5,5,50
"JCI2024","Stricture","Plasma::Activated plasma","Mast",6,5,5,50
"JCI2024","Stricture","Plasma::Activated plasma","Mesenchymal_stromal",6,5,5,50
"JCI2024","Stricture","Plasma::Activated plasma","Myeloid",6,5,5,50
"JCI2024","Stricture","Plasma::Activated plasma","T_NK",6,5,5,50
"JCI2024","Stricture","Plasma::IgA plasma","Endothelial",6,5,5,50
"JCI2024","Stricture","Plasma::IgA plasma","Epithelial",6,5,5,50
"JCI2024","Stricture","Plasma::IgA plasma","Mast",6,5,5,50
"JCI2024","Stricture","Plasma::IgA plasma","Mesenchymal_stromal",6,5,5,50
"JCI2024","Stricture","Plasma::IgA plasma","Myeloid",6,5,5,50
"JCI2024","Stricture","Plasma::IgA plasma","T_NK",6,5,5,50
"JCI2024","Stricture","Plasma::IgG plasma","Endothelial",6,5,5,50
"JCI2024","Stricture","Plasma::IgG plasma","Epithelial",6,5,5,50
"JCI2024","Stricture","Plasma::IgG plasma","Mast",6,5,5,50
"JCI2024","Stricture","Plasma::IgG plasma","Mesenchymal_stromal",6,5,5,50
"JCI2024","Stricture","Plasma::IgG plasma","Myeloid",6,5,5,50
"JCI2024","Stricture","Plasma::IgG plasma","T_NK",6,5,5,50
"JCI2024","Stricture","Plasma::Transitional B","Endothelial",6,0,0,50
"JCI2024","Stricture","Plasma::Transitional B","Epithelial",6,0,0,50
"JCI2024","Stricture","Plasma::Transitional B","Mast",6,0,0,50
"JCI2024","Stricture","Plasma::Transitional B","Mesenchymal_stromal",6,0,0,50
"JCI2024","Stricture","Plasma::Transitional B","Myeloid",6,0,0,50
"JCI2024","Stricture","Plasma::Transitional B","T_NK",6,0,0,50
"JCI2024","Stricture","Endothelial","B_cell::ActB3",6,0,0,50
"JCI2024","Stricture","Endothelial","B_cell::CSM",6,6,6,50
"JCI2024","Stricture","Endothelial","B_cell::Centroblast B",6,0,0,50
"JCI2024","Stricture","Endothelial","B_cell::Centrocyte B",6,0,0,50
"JCI2024","Stricture","Endothelial","B_cell::DN2",6,0,0,50
"JCI2024","Stricture","Endothelial","B_cell::IgM-only",6,0,0,50
"JCI2024","Stricture","Endothelial","B_cell::MZ",6,0,0,50
"JCI2024","Stricture","Endothelial","B_cell::Naïve B",6,3,3,50
"JCI2024","Stricture","Endothelial","Plasma::Activated plasma",6,5,5,50
"JCI2024","Stricture","Endothelial","Plasma::IgA plasma",6,5,5,50
"JCI2024","Stricture","Endothelial","Plasma::IgG plasma",6,5,5,50
"JCI2024","Stricture","Endothelial","Plasma::Transitional B",6,0,0,50
"JCI2024","Stricture","Epithelial","B_cell::ActB3",6,0,0,50
"JCI2024","Stricture","Epithelial","B_cell::CSM",6,5,5,50
"JCI2024","Stricture","Epithelial","B_cell::Centroblast B",6,0,0,50
"JCI2024","Stricture","Epithelial","B_cell::Centrocyte B",6,0,0,50
"JCI2024","Stricture","Epithelial","B_cell::DN2",6,0,0,50
"JCI2024","Stricture","Epithelial","B_cell::IgM-only",6,0,0,50
"JCI2024","Stricture","Epithelial","B_cell::MZ",6,0,0,50
"JCI2024","Stricture","Epithelial","B_cell::Naïve B",6,2,2,50
"JCI2024","Stricture","Epithelial","Plasma::Activated plasma",6,5,5,50
"JCI2024","Stricture","Epithelial","Plasma::IgA plasma",6,5,5,50
"JCI2024","Stricture","Epithelial","Plasma::IgG plasma",6,5,5,50
"JCI2024","Stricture","Epithelial","Plasma::Transitional B",6,0,0,50
"JCI2024","Stricture","Mast","B_cell::ActB3",6,0,0,50
"JCI2024","Stricture","Mast","B_cell::CSM",6,6,6,50
"JCI2024","Stricture","Mast","B_cell::Centroblast B",6,0,0,50
"JCI2024","Stricture","Mast","B_cell::Centrocyte B",6,0,0,50
"JCI2024","Stricture","Mast","B_cell::DN2",6,0,0,50
"JCI2024","Stricture","Mast","B_cell::IgM-only",6,0,0,50
"JCI2024","Stricture","Mast","B_cell::MZ",6,0,0,50
"JCI2024","Stricture","Mast","B_cell::Naïve B",6,3,3,50
"JCI2024","Stricture","Mast","Plasma::Activated plasma",6,5,5,50
"JCI2024","Stricture","Mast","Plasma::IgA plasma",6,5,5,50
"JCI2024","Stricture","Mast","Plasma::IgG plasma",6,5,5,50
"JCI2024","Stricture","Mast","Plasma::Transitional B",6,0,0,50
"JCI2024","Stricture","Mesenchymal_stromal","B_cell::ActB3",6,0,0,50
"JCI2024","Stricture","Mesenchymal_stromal","B_cell::CSM",6,6,6,50
"JCI2024","Stricture","Mesenchymal_stromal","B_cell::Centroblast B",6,0,0,50
"JCI2024","Stricture","Mesenchymal_stromal","B_cell::Centrocyte B",6,0,0,50
"JCI2024","Stricture","Mesenchymal_stromal","B_cell::DN2",6,0,0,50
"JCI2024","Stricture","Mesenchymal_stromal","B_cell::IgM-only",6,0,0,50
"JCI2024","Stricture","Mesenchymal_stromal","B_cell::MZ",6,0,0,50
"JCI2024","Stricture","Mesenchymal_stromal","B_cell::Naïve B",6,3,3,50
"JCI2024","Stricture","Mesenchymal_stromal","Plasma::Activated plasma",6,5,5,50
"JCI2024","Stricture","Mesenchymal_stromal","Plasma::IgA plasma",6,5,5,50
"JCI2024","Stricture","Mesenchymal_stromal","Plasma::IgG plasma",6,5,5,50
"JCI2024","Stricture","Mesenchymal_stromal","Plasma::Transitional B",6,0,0,50
"JCI2024","Stricture","Myeloid","B_cell::ActB3",6,0,0,50
"JCI2024","Stricture","Myeloid","B_cell::CSM",6,6,6,50
"JCI2024","Stricture","Myeloid","B_cell::Centroblast B",6,0,0,50
"JCI2024","Stricture","Myeloid","B_cell::Centrocyte B",6,0,0,50
"JCI2024","Stricture","Myeloid","B_cell::DN2",6,0,0,50
"JCI2024","Stricture","Myeloid","B_cell::IgM-only",6,0,0,50
"JCI2024","Stricture","Myeloid","B_cell::MZ",6,0,0,50
"JCI2024","Stricture","Myeloid","B_cell::Naïve B",6,3,3,50
"JCI2024","Stricture","Myeloid","Plasma::Activated plasma",6,5,5,50
"JCI2024","Stricture","Myeloid","Plasma::IgA plasma",6,5,5,50
"JCI2024","Stricture","Myeloid","Plasma::IgG plasma",6,5,5,50
"JCI2024","Stricture","Myeloid","Plasma::Transitional B",6,0,0,50
"JCI2024","Stricture","T_NK","B_cell::ActB3",6,0,0,50
"JCI2024","Stricture","T_NK","B_cell::CSM",6,6,6,50
"JCI2024","Stricture","T_NK","B_cell::Centroblast B",6,0,0,50
"JCI2024","Stricture","T_NK","B_cell::Centrocyte B",6,0,0,50
"JCI2024","Stricture","T_NK","B_cell::DN2",6,0,0,50
"JCI2024","Stricture","T_NK","B_cell::IgM-only",6,0,0,50
"JCI2024","Stricture","T_NK","B_cell::MZ",6,0,0,50
"JCI2024","Stricture","T_NK","B_cell::Naïve B",6,3,3,50
"JCI2024","Stricture","T_NK","Plasma::Activated plasma",6,5,5,50
"JCI2024","Stricture","T_NK","Plasma::IgA plasma",6,5,5,50
"JCI2024","Stricture","T_NK","Plasma::IgG plasma",6,5,5,50
"JCI2024","Stricture","T_NK","Plasma::Transitional B",6,0,0,50
"JCI2024","Non-stricture","B_cell::ActB3","Endothelial",6,0,0,50
"JCI2024","Non-stricture","B_cell::ActB3","Epithelial",6,0,0,50
"JCI2024","Non-stricture","B_cell::ActB3","Mast",6,0,0,50
"JCI2024","Non-stricture","B_cell::ActB3","Mesenchymal_stromal",6,0,0,50
"JCI2024","Non-stricture","B_cell::ActB3","Myeloid",6,0,0,50
"JCI2024","Non-stricture","B_cell::ActB3","T_NK",6,0,0,50
"JCI2024","Non-stricture","B_cell::CSM","Endothelial",6,5,5,50
"JCI2024","Non-stricture","B_cell::CSM","Epithelial",6,2,2,50
"JCI2024","Non-stricture","B_cell::CSM","Mast",6,5,5,50
"JCI2024","Non-stricture","B_cell::CSM","Mesenchymal_stromal",6,5,5,50
"JCI2024","Non-stricture","B_cell::CSM","Myeloid",6,5,5,50
"JCI2024","Non-stricture","B_cell::CSM","T_NK",6,5,5,50
"JCI2024","Non-stricture","B_cell::Centroblast B","Endothelial",6,0,0,50
"JCI2024","Non-stricture","B_cell::Centroblast B","Epithelial",6,0,0,50
"JCI2024","Non-stricture","B_cell::Centroblast B","Mast",6,0,0,50
"JCI2024","Non-stricture","B_cell::Centroblast B","Mesenchymal_stromal",6,0,0,50
"JCI2024","Non-stricture","B_cell::Centroblast B","Myeloid",6,0,0,50
"JCI2024","Non-stricture","B_cell::Centroblast B","T_NK",6,0,0,50
"JCI2024","Non-stricture","B_cell::Centrocyte B","Endothelial",6,0,0,50
"JCI2024","Non-stricture","B_cell::Centrocyte B","Epithelial",6,0,0,50
"JCI2024","Non-stricture","B_cell::Centrocyte B","Mast",6,0,0,50
"JCI2024","Non-stricture","B_cell::Centrocyte B","Mesenchymal_stromal",6,0,0,50
"JCI2024","Non-stricture","B_cell::Centrocyte B","Myeloid",6,0,0,50
"JCI2024","Non-stricture","B_cell::Centrocyte B","T_NK",6,0,0,50
"JCI2024","Non-stricture","B_cell::DN2","Endothelial",6,0,0,50
"JCI2024","Non-stricture","B_cell::DN2","Epithelial",6,0,0,50
"JCI2024","Non-stricture","B_cell::DN2","Mast",6,0,0,50
"JCI2024","Non-stricture","B_cell::DN2","Mesenchymal_stromal",6,0,0,50
"JCI2024","Non-stricture","B_cell::DN2","Myeloid",6,0,0,50
"JCI2024","Non-stricture","B_cell::DN2","T_NK",6,0,0,50
"JCI2024","Non-stricture","B_cell::IgM-only","Endothelial",6,0,0,50
"JCI2024","Non-stricture","B_cell::IgM-only","Epithelial",6,0,0,50
"JCI2024","Non-stricture","B_cell::IgM-only","Mast",6,0,0,50
"JCI2024","Non-stricture","B_cell::IgM-only","Mesenchymal_stromal",6,0,0,50
"JCI2024","Non-stricture","B_cell::IgM-only","Myeloid",6,0,0,50
"JCI2024","Non-stricture","B_cell::IgM-only","T_NK",6,0,0,50
"JCI2024","Non-stricture","B_cell::MZ","Endothelial",6,0,0,50
"JCI2024","Non-stricture","B_cell::MZ","Epithelial",6,0,0,50
"JCI2024","Non-stricture","B_cell::MZ","Mast",6,0,0,50
"JCI2024","Non-stricture","B_cell::MZ","Mesenchymal_stromal",6,0,0,50
"JCI2024","Non-stricture","B_cell::MZ","Myeloid",6,0,0,50
"JCI2024","Non-stricture","B_cell::MZ","T_NK",6,0,0,50
"JCI2024","Non-stricture","B_cell::Naïve B","Endothelial",6,1,1,50
"JCI2024","Non-stricture","B_cell::Naïve B","Epithelial",6,0,0,50
"JCI2024","Non-stricture","B_cell::Naïve B","Mast",6,1,1,50
"JCI2024","Non-stricture","B_cell::Naïve B","Mesenchymal_stromal",6,1,1,50
"JCI2024","Non-stricture","B_cell::Naïve B","Myeloid",6,1,1,50
"JCI2024","Non-stricture","B_cell::Naïve B","T_NK",6,1,1,50
"JCI2024","Non-stricture","Plasma::Activated plasma","Endothelial",6,4,4,50
"JCI2024","Non-stricture","Plasma::Activated plasma","Epithelial",6,2,2,50
"JCI2024","Non-stricture","Plasma::Activated plasma","Mast",6,4,4,50
"JCI2024","Non-stricture","Plasma::Activated plasma","Mesenchymal_stromal",6,4,4,50
"JCI2024","Non-stricture","Plasma::Activated plasma","Myeloid",6,4,4,50
"JCI2024","Non-stricture","Plasma::Activated plasma","T_NK",6,4,4,50
"JCI2024","Non-stricture","Plasma::IgA plasma","Endothelial",6,6,6,50
"JCI2024","Non-stricture","Plasma::IgA plasma","Epithelial",6,2,2,50
"JCI2024","Non-stricture","Plasma::IgA plasma","Mast",6,6,6,50
"JCI2024","Non-stricture","Plasma::IgA plasma","Mesenchymal_stromal",6,6,6,50
"JCI2024","Non-stricture","Plasma::IgA plasma","Myeloid",6,6,6,50
"JCI2024","Non-stricture","Plasma::IgA plasma","T_NK",6,6,6,50
"JCI2024","Non-stricture","Plasma::IgG plasma","Endothelial",6,0,0,50
"JCI2024","Non-stricture","Plasma::IgG plasma","Epithelial",6,0,0,50
"JCI2024","Non-stricture","Plasma::IgG plasma","Mast",6,0,0,50
"JCI2024","Non-stricture","Plasma::IgG plasma","Mesenchymal_stromal",6,0,0,50
"JCI2024","Non-stricture","Plasma::IgG plasma","Myeloid",6,0,0,50
"JCI2024","Non-stricture","Plasma::IgG plasma","T_NK",6,0,0,50
"JCI2024","Non-stricture","Plasma::Transitional B","Endothelial",6,0,0,50
"JCI2024","Non-stricture","Plasma::Transitional B","Epithelial",6,0,0,50
"JCI2024","Non-stricture","Plasma::Transitional B","Mast",6,0,0,50
"JCI2024","Non-stricture","Plasma::Transitional B","Mesenchymal_stromal",6,0,0,50
"JCI2024","Non-stricture","Plasma::Transitional B","Myeloid",6,0,0,50
"JCI2024","Non-stricture","Plasma::Transitional B","T_NK",6,0,0,50
"JCI2024","Non-stricture","Endothelial","B_cell::ActB3",6,0,0,50
"JCI2024","Non-stricture","Endothelial","B_cell::CSM",6,5,5,50
"JCI2024","Non-stricture","Endothelial","B_cell::Centroblast B",6,0,0,50
"JCI2024","Non-stricture","Endothelial","B_cell::Centrocyte B",6,0,0,50
"JCI2024","Non-stricture","Endothelial","B_cell::DN2",6,0,0,50
"JCI2024","Non-stricture","Endothelial","B_cell::IgM-only",6,0,0,50
"JCI2024","Non-stricture","Endothelial","B_cell::MZ",6,0,0,50
"JCI2024","Non-stricture","Endothelial","B_cell::Naïve B",6,1,1,50
"JCI2024","Non-stricture","Endothelial","Plasma::Activated plasma",6,4,4,50
"JCI2024","Non-stricture","Endothelial","Plasma::IgA plasma",6,6,6,50
"JCI2024","Non-stricture","Endothelial","Plasma::IgG plasma",6,0,0,50
"JCI2024","Non-stricture","Endothelial","Plasma::Transitional B",6,0,0,50
"JCI2024","Non-stricture","Epithelial","B_cell::ActB3",6,0,0,50
"JCI2024","Non-stricture","Epithelial","B_cell::CSM",6,2,2,50
"JCI2024","Non-stricture","Epithelial","B_cell::Centroblast B",6,0,0,50
"JCI2024","Non-stricture","Epithelial","B_cell::Centrocyte B",6,0,0,50
"JCI2024","Non-stricture","Epithelial","B_cell::DN2",6,0,0,50
"JCI2024","Non-stricture","Epithelial","B_cell::IgM-only",6,0,0,50
"JCI2024","Non-stricture","Epithelial","B_cell::MZ",6,0,0,50
"JCI2024","Non-stricture","Epithelial","B_cell::Naïve B",6,0,0,50
"JCI2024","Non-stricture","Epithelial","Plasma::Activated plasma",6,2,2,50
"JCI2024","Non-stricture","Epithelial","Plasma::IgA plasma",6,2,2,50
"JCI2024","Non-stricture","Epithelial","Plasma::IgG plasma",6,0,0,50
"JCI2024","Non-stricture","Epithelial","Plasma::Transitional B",6,0,0,50
"JCI2024","Non-stricture","Mast","B_cell::ActB3",6,0,0,50
"JCI2024","Non-stricture","Mast","B_cell::CSM",6,5,5,50
"JCI2024","Non-stricture","Mast","B_cell::Centroblast B",6,0,0,50
"JCI2024","Non-stricture","Mast","B_cell::Centrocyte B",6,0,0,50
"JCI2024","Non-stricture","Mast","B_cell::DN2",6,0,0,50
"JCI2024","Non-stricture","Mast","B_cell::IgM-only",6,0,0,50
"JCI2024","Non-stricture","Mast","B_cell::MZ",6,0,0,50
"JCI2024","Non-stricture","Mast","B_cell::Naïve B",6,1,1,50
"JCI2024","Non-stricture","Mast","Plasma::Activated plasma",6,4,4,50
"JCI2024","Non-stricture","Mast","Plasma::IgA plasma",6,6,6,50
"JCI2024","Non-stricture","Mast","Plasma::IgG plasma",6,0,0,50
"JCI2024","Non-stricture","Mast","Plasma::Transitional B",6,0,0,50
"JCI2024","Non-stricture","Mesenchymal_stromal","B_cell::ActB3",6,0,0,50
"JCI2024","Non-stricture","Mesenchymal_stromal","B_cell::CSM",6,5,5,50
"JCI2024","Non-stricture","Mesenchymal_stromal","B_cell::Centroblast B",6,0,0,50
"JCI2024","Non-stricture","Mesenchymal_stromal","B_cell::Centrocyte B",6,0,0,50
"JCI2024","Non-stricture","Mesenchymal_stromal","B_cell::DN2",6,0,0,50
"JCI2024","Non-stricture","Mesenchymal_stromal","B_cell::IgM-only",6,0,0,50
"JCI2024","Non-stricture","Mesenchymal_stromal","B_cell::MZ",6,0,0,50
"JCI2024","Non-stricture","Mesenchymal_stromal","B_cell::Naïve B",6,1,1,50
"JCI2024","Non-stricture","Mesenchymal_stromal","Plasma::Activated plasma",6,4,4,50
"JCI2024","Non-stricture","Mesenchymal_stromal","Plasma::IgA plasma",6,6,6,50
"JCI2024","Non-stricture","Mesenchymal_stromal","Plasma::IgG plasma",6,0,0,50
"JCI2024","Non-stricture","Mesenchymal_stromal","Plasma::Transitional B",6,0,0,50
"JCI2024","Non-stricture","Myeloid","B_cell::ActB3",6,0,0,50
"JCI2024","Non-stricture","Myeloid","B_cell::CSM",6,5,5,50
"JCI2024","Non-stricture","Myeloid","B_cell::Centroblast B",6,0,0,50
"JCI2024","Non-stricture","Myeloid","B_cell::Centrocyte B",6,0,0,50
"JCI2024","Non-stricture","Myeloid","B_cell::DN2",6,0,0,50
"JCI2024","Non-stricture","Myeloid","B_cell::IgM-only",6,0,0,50
"JCI2024","Non-stricture","Myeloid","B_cell::MZ",6,0,0,50
"JCI2024","Non-stricture","Myeloid","B_cell::Naïve B",6,1,1,50
"JCI2024","Non-stricture","Myeloid","Plasma::Activated plasma",6,4,4,50
"JCI2024","Non-stricture","Myeloid","Plasma::IgA plasma",6,6,6,50
"JCI2024","Non-stricture","Myeloid","Plasma::IgG plasma",6,0,0,50
"JCI2024","Non-stricture","Myeloid","Plasma::Transitional B",6,0,0,50
"JCI2024","Non-stricture","T_NK","B_cell::ActB3",6,0,0,50
"JCI2024","Non-stricture","T_NK","B_cell::CSM",6,5,5,50
"JCI2024","Non-stricture","T_NK","B_cell::Centroblast B",6,0,0,50
"JCI2024","Non-stricture","T_NK","B_cell::Centrocyte B",6,0,0,50
"JCI2024","Non-stricture","T_NK","B_cell::DN2",6,0,0,50
"JCI2024","Non-stricture","T_NK","B_cell::IgM-only",6,0,0,50
"JCI2024","Non-stricture","T_NK","B_cell::MZ",6,0,0,50
"JCI2024","Non-stricture","T_NK","B_cell::Naïve B",6,1,1,50
"JCI2024","Non-stricture","T_NK","Plasma::Activated plasma",6,4,4,50
"JCI2024","Non-stricture","T_NK","Plasma::IgA plasma",6,6,6,50
"JCI2024","Non-stricture","T_NK","Plasma::IgG plasma",6,0,0,50
"JCI2024","Non-stricture","T_NK","Plasma::Transitional B",6,0,0,50
"SCP1884","Inflamed","B_cell::ActB3","Endothelial",12,0,0,50
"SCP1884","Inflamed","B_cell::ActB3","Epithelial",12,0,0,50
"SCP1884","Inflamed","B_cell::ActB3","Mast",12,0,0,50
"SCP1884","Inflamed","B_cell::ActB3","Mesenchymal_stromal",12,0,0,50
"SCP1884","Inflamed","B_cell::ActB3","Myeloid",12,0,0,50
"SCP1884","Inflamed","B_cell::ActB3","T_NK",12,0,0,50
"SCP1884","Inflamed","B_cell::CSM","Endothelial",12,2,2,50
"SCP1884","Inflamed","B_cell::CSM","Epithelial",12,3,3,50
"SCP1884","Inflamed","B_cell::CSM","Mast",12,2,2,50
"SCP1884","Inflamed","B_cell::CSM","Mesenchymal_stromal",12,3,3,50
"SCP1884","Inflamed","B_cell::CSM","Myeloid",12,3,3,50
"SCP1884","Inflamed","B_cell::CSM","T_NK",12,3,3,50
"SCP1884","Inflamed","B_cell::Centroblast B","Endothelial",12,1,1,50
"SCP1884","Inflamed","B_cell::Centroblast B","Epithelial",12,1,1,50
"SCP1884","Inflamed","B_cell::Centroblast B","Mast",12,1,1,50
"SCP1884","Inflamed","B_cell::Centroblast B","Mesenchymal_stromal",12,1,1,50
"SCP1884","Inflamed","B_cell::Centroblast B","Myeloid",12,1,1,50
"SCP1884","Inflamed","B_cell::Centroblast B","T_NK",12,1,1,50
"SCP1884","Inflamed","B_cell::Centrocyte B","Endothelial",12,1,1,50
"SCP1884","Inflamed","B_cell::Centrocyte B","Epithelial",12,1,1,50
"SCP1884","Inflamed","B_cell::Centrocyte B","Mast",12,1,1,50
"SCP1884","Inflamed","B_cell::Centrocyte B","Mesenchymal_stromal",12,1,1,50
"SCP1884","Inflamed","B_cell::Centrocyte B","Myeloid",12,1,1,50
"SCP1884","Inflamed","B_cell::Centrocyte B","T_NK",12,1,1,50
"SCP1884","Inflamed","B_cell::DN2","Endothelial",12,1,1,50
"SCP1884","Inflamed","B_cell::DN2","Epithelial",12,2,2,50
"SCP1884","Inflamed","B_cell::DN2","Mast",12,2,2,50
"SCP1884","Inflamed","B_cell::DN2","Mesenchymal_stromal",12,2,2,50
"SCP1884","Inflamed","B_cell::DN2","Myeloid",12,2,2,50
"SCP1884","Inflamed","B_cell::DN2","T_NK",12,2,2,50
"SCP1884","Inflamed","B_cell::IgM-only","Endothelial",12,0,0,50
"SCP1884","Inflamed","B_cell::IgM-only","Epithelial",12,1,1,50
"SCP1884","Inflamed","B_cell::IgM-only","Mast",12,1,1,50
"SCP1884","Inflamed","B_cell::IgM-only","Mesenchymal_stromal",12,1,1,50
"SCP1884","Inflamed","B_cell::IgM-only","Myeloid",12,1,1,50
"SCP1884","Inflamed","B_cell::IgM-only","T_NK",12,1,1,50
"SCP1884","Inflamed","B_cell::MZ","Endothelial",12,0,0,50
"SCP1884","Inflamed","B_cell::MZ","Epithelial",12,1,1,50
"SCP1884","Inflamed","B_cell::MZ","Mast",12,1,1,50
"SCP1884","Inflamed","B_cell::MZ","Mesenchymal_stromal",12,1,1,50
"SCP1884","Inflamed","B_cell::MZ","Myeloid",12,1,1,50
"SCP1884","Inflamed","B_cell::MZ","T_NK",12,1,1,50
"SCP1884","Inflamed","B_cell::Naïve B","Endothelial",12,1,1,50
"SCP1884","Inflamed","B_cell::Naïve B","Epithelial",12,2,2,50
"SCP1884","Inflamed","B_cell::Naïve B","Mast",12,2,2,50
"SCP1884","Inflamed","B_cell::Naïve B","Mesenchymal_stromal",12,2,2,50
"SCP1884","Inflamed","B_cell::Naïve B","Myeloid",12,2,2,50
"SCP1884","Inflamed","B_cell::Naïve B","T_NK",12,2,2,50
"SCP1884","Inflamed","Plasma::Activated plasma","Endothelial",12,3,3,50
"SCP1884","Inflamed","Plasma::Activated plasma","Epithelial",12,6,6,50
"SCP1884","Inflamed","Plasma::Activated plasma","Mast",12,7,7,50
"SCP1884","Inflamed","Plasma::Activated plasma","Mesenchymal_stromal",12,6,6,50
"SCP1884","Inflamed","Plasma::Activated plasma","Myeloid",12,7,7,50
"SCP1884","Inflamed","Plasma::Activated plasma","T_NK",12,7,7,50
"SCP1884","Inflamed","Plasma::IgA plasma","Endothelial",12,5,5,50
"SCP1884","Inflamed","Plasma::IgA plasma","Epithelial",12,6,6,50
"SCP1884","Inflamed","Plasma::IgA plasma","Mast",12,4,4,50
"SCP1884","Inflamed","Plasma::IgA plasma","Mesenchymal_stromal",12,6,6,50
"SCP1884","Inflamed","Plasma::IgA plasma","Myeloid",12,6,6,50
"SCP1884","Inflamed","Plasma::IgA plasma","T_NK",12,6,6,50
"SCP1884","Inflamed","Plasma::IgG plasma","Endothelial",12,0,0,50
"SCP1884","Inflamed","Plasma::IgG plasma","Epithelial",12,1,1,50
"SCP1884","Inflamed","Plasma::IgG plasma","Mast",12,1,1,50
"SCP1884","Inflamed","Plasma::IgG plasma","Mesenchymal_stromal",12,1,1,50
"SCP1884","Inflamed","Plasma::IgG plasma","Myeloid",12,1,1,50
"SCP1884","Inflamed","Plasma::IgG plasma","T_NK",12,1,1,50
"SCP1884","Inflamed","Plasma::Transitional B","Endothelial",12,0,0,50
"SCP1884","Inflamed","Plasma::Transitional B","Epithelial",12,0,0,50
"SCP1884","Inflamed","Plasma::Transitional B","Mast",12,0,0,50
"SCP1884","Inflamed","Plasma::Transitional B","Mesenchymal_stromal",12,0,0,50
"SCP1884","Inflamed","Plasma::Transitional B","Myeloid",12,0,0,50
"SCP1884","Inflamed","Plasma::Transitional B","T_NK",12,0,0,50
"SCP1884","Inflamed","Endothelial","B_cell::ActB3",12,0,0,50
"SCP1884","Inflamed","Endothelial","B_cell::CSM",12,2,2,50
"SCP1884","Inflamed","Endothelial","B_cell::Centroblast B",12,1,1,50
"SCP1884","Inflamed","Endothelial","B_cell::Centrocyte B",12,1,1,50
"SCP1884","Inflamed","Endothelial","B_cell::DN2",12,1,1,50
"SCP1884","Inflamed","Endothelial","B_cell::IgM-only",12,0,0,50
"SCP1884","Inflamed","Endothelial","B_cell::MZ",12,0,0,50
"SCP1884","Inflamed","Endothelial","B_cell::Naïve B",12,1,1,50
"SCP1884","Inflamed","Endothelial","Plasma::Activated plasma",12,3,3,50
"SCP1884","Inflamed","Endothelial","Plasma::IgA plasma",12,5,5,50
"SCP1884","Inflamed","Endothelial","Plasma::IgG plasma",12,0,0,50
"SCP1884","Inflamed","Endothelial","Plasma::Transitional B",12,0,0,50
"SCP1884","Inflamed","Epithelial","B_cell::ActB3",12,0,0,50
"SCP1884","Inflamed","Epithelial","B_cell::CSM",12,3,3,50
"SCP1884","Inflamed","Epithelial","B_cell::Centroblast B",12,1,1,50
"SCP1884","Inflamed","Epithelial","B_cell::Centrocyte B",12,1,1,50
"SCP1884","Inflamed","Epithelial","B_cell::DN2",12,2,2,50
"SCP1884","Inflamed","Epithelial","B_cell::IgM-only",12,1,1,50
"SCP1884","Inflamed","Epithelial","B_cell::MZ",12,1,1,50
"SCP1884","Inflamed","Epithelial","B_cell::Naïve B",12,2,2,50
"SCP1884","Inflamed","Epithelial","Plasma::Activated plasma",12,6,6,50
"SCP1884","Inflamed","Epithelial","Plasma::IgA plasma",12,6,6,50
"SCP1884","Inflamed","Epithelial","Plasma::IgG plasma",12,1,1,50
"SCP1884","Inflamed","Epithelial","Plasma::Transitional B",12,0,0,50
"SCP1884","Inflamed","Mast","B_cell::ActB3",12,0,0,50
"SCP1884","Inflamed","Mast","B_cell::CSM",12,2,2,50
"SCP1884","Inflamed","Mast","B_cell::Centroblast B",12,1,1,50
"SCP1884","Inflamed","Mast","B_cell::Centrocyte B",12,1,1,50
"SCP1884","Inflamed","Mast","B_cell::DN2",12,2,2,50
"SCP1884","Inflamed","Mast","B_cell::IgM-only",12,1,1,50
"SCP1884","Inflamed","Mast","B_cell::MZ",12,1,1,50
"SCP1884","Inflamed","Mast","B_cell::Naïve B",12,2,2,50
"SCP1884","Inflamed","Mast","Plasma::Activated plasma",12,7,7,50
"SCP1884","Inflamed","Mast","Plasma::IgA plasma",12,4,4,50
"SCP1884","Inflamed","Mast","Plasma::IgG plasma",12,1,1,50
"SCP1884","Inflamed","Mast","Plasma::Transitional B",12,0,0,50
"SCP1884","Inflamed","Mesenchymal_stromal","B_cell::ActB3",12,0,0,50
"SCP1884","Inflamed","Mesenchymal_stromal","B_cell::CSM",12,3,3,50
"SCP1884","Inflamed","Mesenchymal_stromal","B_cell::Centroblast B",12,1,1,50
"SCP1884","Inflamed","Mesenchymal_stromal","B_cell::Centrocyte B",12,1,1,50
"SCP1884","Inflamed","Mesenchymal_stromal","B_cell::DN2",12,2,2,50
"SCP1884","Inflamed","Mesenchymal_stromal","B_cell::IgM-only",12,1,1,50
"SCP1884","Inflamed","Mesenchymal_stromal","B_cell::MZ",12,1,1,50
"SCP1884","Inflamed","Mesenchymal_stromal","B_cell::Naïve B",12,2,2,50
"SCP1884","Inflamed","Mesenchymal_stromal","Plasma::Activated plasma",12,6,6,50
"SCP1884","Inflamed","Mesenchymal_stromal","Plasma::IgA plasma",12,6,6,50
"SCP1884","Inflamed","Mesenchymal_stromal","Plasma::IgG plasma",12,1,1,50
"SCP1884","Inflamed","Mesenchymal_stromal","Plasma::Transitional B",12,0,0,50
"SCP1884","Inflamed","Myeloid","B_cell::ActB3",12,0,0,50
"SCP1884","Inflamed","Myeloid","B_cell::CSM",12,3,3,50
"SCP1884","Inflamed","Myeloid","B_cell::Centroblast B",12,1,1,50
"SCP1884","Inflamed","Myeloid","B_cell::Centrocyte B",12,1,1,50
"SCP1884","Inflamed","Myeloid","B_cell::DN2",12,2,2,50
"SCP1884","Inflamed","Myeloid","B_cell::IgM-only",12,1,1,50
"SCP1884","Inflamed","Myeloid","B_cell::MZ",12,1,1,50
"SCP1884","Inflamed","Myeloid","B_cell::Naïve B",12,2,2,50
"SCP1884","Inflamed","Myeloid","Plasma::Activated plasma",12,7,7,50
"SCP1884","Inflamed","Myeloid","Plasma::IgA plasma",12,6,6,50
"SCP1884","Inflamed","Myeloid","Plasma::IgG plasma",12,1,1,50
"SCP1884","Inflamed","Myeloid","Plasma::Transitional B",12,0,0,50
"SCP1884","Inflamed","T_NK","B_cell::ActB3",12,0,0,50
"SCP1884","Inflamed","T_NK","B_cell::CSM",12,3,3,50
"SCP1884","Inflamed","T_NK","B_cell::Centroblast B",12,1,1,50
"SCP1884","Inflamed","T_NK","B_cell::Centrocyte B",12,1,1,50
"SCP1884","Inflamed","T_NK","B_cell::DN2",12,2,2,50
"SCP1884","Inflamed","T_NK","B_cell::IgM-only",12,1,1,50
"SCP1884","Inflamed","T_NK","B_cell::MZ",12,1,1,50
"SCP1884","Inflamed","T_NK","B_cell::Naïve B",12,2,2,50
"SCP1884","Inflamed","T_NK","Plasma::Activated plasma",12,7,7,50
"SCP1884","Inflamed","T_NK","Plasma::IgA plasma",12,6,6,50
"SCP1884","Inflamed","T_NK","Plasma::IgG plasma",12,1,1,50
"SCP1884","Inflamed","T_NK","Plasma::Transitional B",12,0,0,50
"SCP1884","Non-inflamed","B_cell::ActB3","Endothelial",26,2,2,50
"SCP1884","Non-inflamed","B_cell::ActB3","Epithelial",26,2,2,50
"SCP1884","Non-inflamed","B_cell::ActB3","Mast",26,1,1,50
"SCP1884","Non-inflamed","B_cell::ActB3","Mesenchymal_stromal",26,2,2,50
"SCP1884","Non-inflamed","B_cell::ActB3","Myeloid",26,2,2,50
"SCP1884","Non-inflamed","B_cell::ActB3","T_NK",26,2,2,50
"SCP1884","Non-inflamed","B_cell::CSM","Endothelial",26,12,12,50
"SCP1884","Non-inflamed","B_cell::CSM","Epithelial",26,13,13,50
"SCP1884","Non-inflamed","B_cell::CSM","Mast",26,9,9,50
"SCP1884","Non-inflamed","B_cell::CSM","Mesenchymal_stromal",26,13,13,50
"SCP1884","Non-inflamed","B_cell::CSM","Myeloid",26,13,13,50
"SCP1884","Non-inflamed","B_cell::CSM","T_NK",26,13,13,50
"SCP1884","Non-inflamed","B_cell::Centroblast B","Endothelial",26,4,4,50
"SCP1884","Non-inflamed","B_cell::Centroblast B","Epithelial",26,5,5,50
"SCP1884","Non-inflamed","B_cell::Centroblast B","Mast",26,3,3,50
"SCP1884","Non-inflamed","B_cell::Centroblast B","Mesenchymal_stromal",26,5,5,50
"SCP1884","Non-inflamed","B_cell::Centroblast B","Myeloid",26,5,5,50
"SCP1884","Non-inflamed","B_cell::Centroblast B","T_NK",26,5,5,50
"SCP1884","Non-inflamed","B_cell::Centrocyte B","Endothelial",26,2,2,50
"SCP1884","Non-inflamed","B_cell::Centrocyte B","Epithelial",26,3,3,50
"SCP1884","Non-inflamed","B_cell::Centrocyte B","Mast",26,2,2,50
"SCP1884","Non-inflamed","B_cell::Centrocyte B","Mesenchymal_stromal",26,3,3,50
"SCP1884","Non-inflamed","B_cell::Centrocyte B","Myeloid",26,3,3,50
"SCP1884","Non-inflamed","B_cell::Centrocyte B","T_NK",26,3,3,50
"SCP1884","Non-inflamed","B_cell::DN2","Endothelial",26,1,1,50
"SCP1884","Non-inflamed","B_cell::DN2","Epithelial",26,2,2,50
"SCP1884","Non-inflamed","B_cell::DN2","Mast",26,1,1,50
"SCP1884","Non-inflamed","B_cell::DN2","Mesenchymal_stromal",26,2,2,50
"SCP1884","Non-inflamed","B_cell::DN2","Myeloid",26,2,2,50
"SCP1884","Non-inflamed","B_cell::DN2","T_NK",26,2,2,50
"SCP1884","Non-inflamed","B_cell::IgM-only","Endothelial",26,0,0,50
"SCP1884","Non-inflamed","B_cell::IgM-only","Epithelial",26,0,0,50
"SCP1884","Non-inflamed","B_cell::IgM-only","Mast",26,0,0,50
"SCP1884","Non-inflamed","B_cell::IgM-only","Mesenchymal_stromal",26,0,0,50
"SCP1884","Non-inflamed","B_cell::IgM-only","Myeloid",26,0,0,50
"SCP1884","Non-inflamed","B_cell::IgM-only","T_NK",26,0,0,50
"SCP1884","Non-inflamed","B_cell::MZ","Endothelial",26,1,1,50
"SCP1884","Non-inflamed","B_cell::MZ","Epithelial",26,2,2,50
"SCP1884","Non-inflamed","B_cell::MZ","Mast",26,1,1,50
"SCP1884","Non-inflamed","B_cell::MZ","Mesenchymal_stromal",26,2,2,50
"SCP1884","Non-inflamed","B_cell::MZ","Myeloid",26,2,2,50
"SCP1884","Non-inflamed","B_cell::MZ","T_NK",26,2,2,50
"SCP1884","Non-inflamed","B_cell::Naïve B","Endothelial",26,6,6,50
"SCP1884","Non-inflamed","B_cell::Naïve B","Epithelial",26,7,7,50
"SCP1884","Non-inflamed","B_cell::Naïve B","Mast",26,4,4,50
"SCP1884","Non-inflamed","B_cell::Naïve B","Mesenchymal_stromal",26,7,7,50
"SCP1884","Non-inflamed","B_cell::Naïve B","Myeloid",26,7,7,50
"SCP1884","Non-inflamed","B_cell::Naïve B","T_NK",26,7,7,50
"SCP1884","Non-inflamed","Plasma::Activated plasma","Endothelial",26,17,17,50
"SCP1884","Non-inflamed","Plasma::Activated plasma","Epithelial",26,21,21,50
"SCP1884","Non-inflamed","Plasma::Activated plasma","Mast",26,17,17,50
"SCP1884","Non-inflamed","Plasma::Activated plasma","Mesenchymal_stromal",26,21,21,50
"SCP1884","Non-inflamed","Plasma::Activated plasma","Myeloid",26,21,21,50
"SCP1884","Non-inflamed","Plasma::Activated plasma","T_NK",26,21,21,50
"SCP1884","Non-inflamed","Plasma::IgA plasma","Endothelial",26,14,14,50
"SCP1884","Non-inflamed","Plasma::IgA plasma","Epithelial",26,17,17,50
"SCP1884","Non-inflamed","Plasma::IgA plasma","Mast",26,10,10,50
"SCP1884","Non-inflamed","Plasma::IgA plasma","Mesenchymal_stromal",26,17,17,50
"SCP1884","Non-inflamed","Plasma::IgA plasma","Myeloid",26,17,17,50
"SCP1884","Non-inflamed","Plasma::IgA plasma","T_NK",26,17,17,50
"SCP1884","Non-inflamed","Plasma::IgG plasma","Endothelial",26,0,0,50
"SCP1884","Non-inflamed","Plasma::IgG plasma","Epithelial",26,0,0,50
"SCP1884","Non-inflamed","Plasma::IgG plasma","Mast",26,0,0,50
"SCP1884","Non-inflamed","Plasma::IgG plasma","Mesenchymal_stromal",26,0,0,50
"SCP1884","Non-inflamed","Plasma::IgG plasma","Myeloid",26,0,0,50
"SCP1884","Non-inflamed","Plasma::IgG plasma","T_NK",26,0,0,50
"SCP1884","Non-inflamed","Plasma::Transitional B","Endothelial",26,0,0,50
"SCP1884","Non-inflamed","Plasma::Transitional B","Epithelial",26,1,1,50
"SCP1884","Non-inflamed","Plasma::Transitional B","Mast",26,0,0,50
"SCP1884","Non-inflamed","Plasma::Transitional B","Mesenchymal_stromal",26,1,1,50
"SCP1884","Non-inflamed","Plasma::Transitional B","Myeloid",26,1,1,50
"SCP1884","Non-inflamed","Plasma::Transitional B","T_NK",26,1,1,50
"SCP1884","Non-inflamed","Endothelial","B_cell::ActB3",26,2,2,50
"SCP1884","Non-inflamed","Endothelial","B_cell::CSM",26,12,12,50
"SCP1884","Non-inflamed","Endothelial","B_cell::Centroblast B",26,4,4,50
"SCP1884","Non-inflamed","Endothelial","B_cell::Centrocyte B",26,2,2,50
"SCP1884","Non-inflamed","Endothelial","B_cell::DN2",26,1,1,50
"SCP1884","Non-inflamed","Endothelial","B_cell::IgM-only",26,0,0,50
"SCP1884","Non-inflamed","Endothelial","B_cell::MZ",26,1,1,50
"SCP1884","Non-inflamed","Endothelial","B_cell::Naïve B",26,6,6,50
"SCP1884","Non-inflamed","Endothelial","Plasma::Activated plasma",26,17,17,50
"SCP1884","Non-inflamed","Endothelial","Plasma::IgA plasma",26,14,14,50
"SCP1884","Non-inflamed","Endothelial","Plasma::IgG plasma",26,0,0,50
"SCP1884","Non-inflamed","Endothelial","Plasma::Transitional B",26,0,0,50
"SCP1884","Non-inflamed","Epithelial","B_cell::ActB3",26,2,2,50
"SCP1884","Non-inflamed","Epithelial","B_cell::CSM",26,13,13,50
"SCP1884","Non-inflamed","Epithelial","B_cell::Centroblast B",26,5,5,50
"SCP1884","Non-inflamed","Epithelial","B_cell::Centrocyte B",26,3,3,50
"SCP1884","Non-inflamed","Epithelial","B_cell::DN2",26,2,2,50
"SCP1884","Non-inflamed","Epithelial","B_cell::IgM-only",26,0,0,50
"SCP1884","Non-inflamed","Epithelial","B_cell::MZ",26,2,2,50
"SCP1884","Non-inflamed","Epithelial","B_cell::Naïve B",26,7,7,50
"SCP1884","Non-inflamed","Epithelial","Plasma::Activated plasma",26,21,21,50
"SCP1884","Non-inflamed","Epithelial","Plasma::IgA plasma",26,17,17,50
"SCP1884","Non-inflamed","Epithelial","Plasma::IgG plasma",26,0,0,50
"SCP1884","Non-inflamed","Epithelial","Plasma::Transitional B",26,1,1,50
"SCP1884","Non-inflamed","Mast","B_cell::ActB3",26,1,1,50
"SCP1884","Non-inflamed","Mast","B_cell::CSM",26,9,9,50
"SCP1884","Non-inflamed","Mast","B_cell::Centroblast B",26,3,3,50
"SCP1884","Non-inflamed","Mast","B_cell::Centrocyte B",26,2,2,50
"SCP1884","Non-inflamed","Mast","B_cell::DN2",26,1,1,50
"SCP1884","Non-inflamed","Mast","B_cell::IgM-only",26,0,0,50
"SCP1884","Non-inflamed","Mast","B_cell::MZ",26,1,1,50
"SCP1884","Non-inflamed","Mast","B_cell::Naïve B",26,4,4,50
"SCP1884","Non-inflamed","Mast","Plasma::Activated plasma",26,17,17,50
"SCP1884","Non-inflamed","Mast","Plasma::IgA plasma",26,10,10,50
"SCP1884","Non-inflamed","Mast","Plasma::IgG plasma",26,0,0,50
"SCP1884","Non-inflamed","Mast","Plasma::Transitional B",26,0,0,50
"SCP1884","Non-inflamed","Mesenchymal_stromal","B_cell::ActB3",26,2,2,50
"SCP1884","Non-inflamed","Mesenchymal_stromal","B_cell::CSM",26,13,13,50
"SCP1884","Non-inflamed","Mesenchymal_stromal","B_cell::Centroblast B",26,5,5,50
"SCP1884","Non-inflamed","Mesenchymal_stromal","B_cell::Centrocyte B",26,3,3,50
"SCP1884","Non-inflamed","Mesenchymal_stromal","B_cell::DN2",26,2,2,50
"SCP1884","Non-inflamed","Mesenchymal_stromal","B_cell::IgM-only",26,0,0,50
"SCP1884","Non-inflamed","Mesenchymal_stromal","B_cell::MZ",26,2,2,50
"SCP1884","Non-inflamed","Mesenchymal_stromal","B_cell::Naïve B",26,7,7,50
"SCP1884","Non-inflamed","Mesenchymal_stromal","Plasma::Activated plasma",26,21,21,50
"SCP1884","Non-inflamed","Mesenchymal_stromal","Plasma::IgA plasma",26,17,17,50
"SCP1884","Non-inflamed","Mesenchymal_stromal","Plasma::IgG plasma",26,0,0,50
"SCP1884","Non-inflamed","Mesenchymal_stromal","Plasma::Transitional B",26,1,1,50
"SCP1884","Non-inflamed","Myeloid","B_cell::ActB3",26,2,2,50
"SCP1884","Non-inflamed","Myeloid","B_cell::CSM",26,13,13,50
"SCP1884","Non-inflamed","Myeloid","B_cell::Centroblast B",26,5,5,50
"SCP1884","Non-inflamed","Myeloid","B_cell::Centrocyte B",26,3,3,50
"SCP1884","Non-inflamed","Myeloid","B_cell::DN2",26,2,2,50
"SCP1884","Non-inflamed","Myeloid","B_cell::IgM-only",26,0,0,50
"SCP1884","Non-inflamed","Myeloid","B_cell::MZ",26,2,2,50
"SCP1884","Non-inflamed","Myeloid","B_cell::Naïve B",26,7,7,50
"SCP1884","Non-inflamed","Myeloid","Plasma::Activated plasma",26,21,21,50
"SCP1884","Non-inflamed","Myeloid","Plasma::IgA plasma",26,17,17,50
"SCP1884","Non-inflamed","Myeloid","Plasma::IgG plasma",26,0,0,50
"SCP1884","Non-inflamed","Myeloid","Plasma::Transitional B",26,1,1,50
"SCP1884","Non-inflamed","T_NK","B_cell::ActB3",26,2,2,50
"SCP1884","Non-inflamed","T_NK","B_cell::CSM",26,13,13,50
"SCP1884","Non-inflamed","T_NK","B_cell::Centroblast B",26,5,5,50
"SCP1884","Non-inflamed","T_NK","B_cell::Centrocyte B",26,3,3,50
"SCP1884","Non-inflamed","T_NK","B_cell::DN2",26,2,2,50
"SCP1884","Non-inflamed","T_NK","B_cell::IgM-only",26,0,0,50
"SCP1884","Non-inflamed","T_NK","B_cell::MZ",26,2,2,50
"SCP1884","Non-inflamed","T_NK","B_cell::Naïve B",26,7,7,50
"SCP1884","Non-inflamed","T_NK","Plasma::Activated plasma",26,21,21,50
"SCP1884","Non-inflamed","T_NK","Plasma::IgA plasma",26,17,17,50
"SCP1884","Non-inflamed","T_NK","Plasma::IgG plasma",26,0,0,50
"SCP1884","Non-inflamed","T_NK","Plasma::Transitional B",26,1,1,50
"SCP1884","Control","B_cell::ActB3","Endothelial",10,0,0,50
"SCP1884","Control","B_cell::ActB3","Epithelial",10,0,0,50
"SCP1884","Control","B_cell::ActB3","Mast",10,0,0,50
"SCP1884","Control","B_cell::ActB3","Mesenchymal_stromal",10,0,0,50
"SCP1884","Control","B_cell::ActB3","Myeloid",10,0,0,50
"SCP1884","Control","B_cell::ActB3","T_NK",10,0,0,50
"SCP1884","Control","B_cell::CSM","Endothelial",10,2,2,50
"SCP1884","Control","B_cell::CSM","Epithelial",10,6,6,50
"SCP1884","Control","B_cell::CSM","Mast",10,3,3,50
"SCP1884","Control","B_cell::CSM","Mesenchymal_stromal",10,5,5,50
"SCP1884","Control","B_cell::CSM","Myeloid",10,5,5,50
"SCP1884","Control","B_cell::CSM","T_NK",10,6,6,50
"SCP1884","Control","B_cell::Centroblast B","Endothelial",10,1,1,50
"SCP1884","Control","B_cell::Centroblast B","Epithelial",10,1,1,50
"SCP1884","Control","B_cell::Centroblast B","Mast",10,0,0,50
"SCP1884","Control","B_cell::Centroblast B","Mesenchymal_stromal",10,1,1,50
"SCP1884","Control","B_cell::Centroblast B","Myeloid",10,1,1,50
"SCP1884","Control","B_cell::Centroblast B","T_NK",10,1,1,50
"SCP1884","Control","B_cell::Centrocyte B","Endothelial",10,0,0,50
"SCP1884","Control","B_cell::Centrocyte B","Epithelial",10,0,0,50
"SCP1884","Control","B_cell::Centrocyte B","Mast",10,0,0,50
"SCP1884","Control","B_cell::Centrocyte B","Mesenchymal_stromal",10,0,0,50
"SCP1884","Control","B_cell::Centrocyte B","Myeloid",10,0,0,50
"SCP1884","Control","B_cell::Centrocyte B","T_NK",10,0,0,50
"SCP1884","Control","B_cell::DN2","Endothelial",10,0,0,50
"SCP1884","Control","B_cell::DN2","Epithelial",10,1,1,50
"SCP1884","Control","B_cell::DN2","Mast",10,1,1,50
"SCP1884","Control","B_cell::DN2","Mesenchymal_stromal",10,1,1,50
"SCP1884","Control","B_cell::DN2","Myeloid",10,1,1,50
"SCP1884","Control","B_cell::DN2","T_NK",10,1,1,50
"SCP1884","Control","B_cell::IgM-only","Endothelial",10,0,0,50
"SCP1884","Control","B_cell::IgM-only","Epithelial",10,1,1,50
"SCP1884","Control","B_cell::IgM-only","Mast",10,1,1,50
"SCP1884","Control","B_cell::IgM-only","Mesenchymal_stromal",10,1,1,50
"SCP1884","Control","B_cell::IgM-only","Myeloid",10,1,1,50
"SCP1884","Control","B_cell::IgM-only","T_NK",10,1,1,50
"SCP1884","Control","B_cell::MZ","Endothelial",10,0,0,50
"SCP1884","Control","B_cell::MZ","Epithelial",10,0,0,50
"SCP1884","Control","B_cell::MZ","Mast",10,0,0,50
"SCP1884","Control","B_cell::MZ","Mesenchymal_stromal",10,0,0,50
"SCP1884","Control","B_cell::MZ","Myeloid",10,0,0,50
"SCP1884","Control","B_cell::MZ","T_NK",10,0,0,50
"SCP1884","Control","B_cell::Naïve B","Endothelial",10,1,1,50
"SCP1884","Control","B_cell::Naïve B","Epithelial",10,4,4,50
"SCP1884","Control","B_cell::Naïve B","Mast",10,3,3,50
"SCP1884","Control","B_cell::Naïve B","Mesenchymal_stromal",10,3,3,50
"SCP1884","Control","B_cell::Naïve B","Myeloid",10,3,3,50
"SCP1884","Control","B_cell::Naïve B","T_NK",10,4,4,50
"SCP1884","Control","Plasma::Activated plasma","Endothelial",10,0,0,50
"SCP1884","Control","Plasma::Activated plasma","Epithelial",10,5,5,50
"SCP1884","Control","Plasma::Activated plasma","Mast",10,3,3,50
"SCP1884","Control","Plasma::Activated plasma","Mesenchymal_stromal",10,4,4,50
"SCP1884","Control","Plasma::Activated plasma","Myeloid",10,4,4,50
"SCP1884","Control","Plasma::Activated plasma","T_NK",10,5,5,50
"SCP1884","Control","Plasma::IgA plasma","Endothelial",10,2,2,50
"SCP1884","Control","Plasma::IgA plasma","Epithelial",10,5,5,50
"SCP1884","Control","Plasma::IgA plasma","Mast",10,3,3,50
"SCP1884","Control","Plasma::IgA plasma","Mesenchymal_stromal",10,5,5,50
"SCP1884","Control","Plasma::IgA plasma","Myeloid",10,5,5,50
"SCP1884","Control","Plasma::IgA plasma","T_NK",10,5,5,50
"SCP1884","Control","Plasma::IgG plasma","Endothelial",10,0,0,50
"SCP1884","Control","Plasma::IgG plasma","Epithelial",10,0,0,50
"SCP1884","Control","Plasma::IgG plasma","Mast",10,0,0,50
"SCP1884","Control","Plasma::IgG plasma","Mesenchymal_stromal",10,0,0,50
"SCP1884","Control","Plasma::IgG plasma","Myeloid",10,0,0,50
"SCP1884","Control","Plasma::IgG plasma","T_NK",10,0,0,50
"SCP1884","Control","Plasma::Transitional B","Endothelial",10,0,0,50
"SCP1884","Control","Plasma::Transitional B","Epithelial",10,0,0,50
"SCP1884","Control","Plasma::Transitional B","Mast",10,0,0,50
"SCP1884","Control","Plasma::Transitional B","Mesenchymal_stromal",10,0,0,50
"SCP1884","Control","Plasma::Transitional B","Myeloid",10,0,0,50
"SCP1884","Control","Plasma::Transitional B","T_NK",10,0,0,50
"SCP1884","Control","Endothelial","B_cell::ActB3",10,0,0,50
"SCP1884","Control","Endothelial","B_cell::CSM",10,2,2,50
"SCP1884","Control","Endothelial","B_cell::Centroblast B",10,1,1,50
"SCP1884","Control","Endothelial","B_cell::Centrocyte B",10,0,0,50
"SCP1884","Control","Endothelial","B_cell::DN2",10,0,0,50
"SCP1884","Control","Endothelial","B_cell::IgM-only",10,0,0,50
"SCP1884","Control","Endothelial","B_cell::MZ",10,0,0,50
"SCP1884","Control","Endothelial","B_cell::Naïve B",10,1,1,50
"SCP1884","Control","Endothelial","Plasma::Activated plasma",10,0,0,50
"SCP1884","Control","Endothelial","Plasma::IgA plasma",10,2,2,50
"SCP1884","Control","Endothelial","Plasma::IgG plasma",10,0,0,50
"SCP1884","Control","Endothelial","Plasma::Transitional B",10,0,0,50
"SCP1884","Control","Epithelial","B_cell::ActB3",10,0,0,50
"SCP1884","Control","Epithelial","B_cell::CSM",10,6,6,50
"SCP1884","Control","Epithelial","B_cell::Centroblast B",10,1,1,50
"SCP1884","Control","Epithelial","B_cell::Centrocyte B",10,0,0,50
"SCP1884","Control","Epithelial","B_cell::DN2",10,1,1,50
"SCP1884","Control","Epithelial","B_cell::IgM-only",10,1,1,50
"SCP1884","Control","Epithelial","B_cell::MZ",10,0,0,50
"SCP1884","Control","Epithelial","B_cell::Naïve B",10,4,4,50
"SCP1884","Control","Epithelial","Plasma::Activated plasma",10,5,5,50
"SCP1884","Control","Epithelial","Plasma::IgA plasma",10,5,5,50
"SCP1884","Control","Epithelial","Plasma::IgG plasma",10,0,0,50
"SCP1884","Control","Epithelial","Plasma::Transitional B",10,0,0,50
"SCP1884","Control","Mast","B_cell::ActB3",10,0,0,50
"SCP1884","Control","Mast","B_cell::CSM",10,3,3,50
"SCP1884","Control","Mast","B_cell::Centroblast B",10,0,0,50
"SCP1884","Control","Mast","B_cell::Centrocyte B",10,0,0,50
"SCP1884","Control","Mast","B_cell::DN2",10,1,1,50
"SCP1884","Control","Mast","B_cell::IgM-only",10,1,1,50
"SCP1884","Control","Mast","B_cell::MZ",10,0,0,50
"SCP1884","Control","Mast","B_cell::Naïve B",10,3,3,50
"SCP1884","Control","Mast","Plasma::Activated plasma",10,3,3,50
"SCP1884","Control","Mast","Plasma::IgA plasma",10,3,3,50
"SCP1884","Control","Mast","Plasma::IgG plasma",10,0,0,50
"SCP1884","Control","Mast","Plasma::Transitional B",10,0,0,50
"SCP1884","Control","Mesenchymal_stromal","B_cell::ActB3",10,0,0,50
"SCP1884","Control","Mesenchymal_stromal","B_cell::CSM",10,5,5,50
"SCP1884","Control","Mesenchymal_stromal","B_cell::Centroblast B",10,1,1,50
"SCP1884","Control","Mesenchymal_stromal","B_cell::Centrocyte B",10,0,0,50
"SCP1884","Control","Mesenchymal_stromal","B_cell::DN2",10,1,1,50
"SCP1884","Control","Mesenchymal_stromal","B_cell::IgM-only",10,1,1,50
"SCP1884","Control","Mesenchymal_stromal","B_cell::MZ",10,0,0,50
"SCP1884","Control","Mesenchymal_stromal","B_cell::Naïve B",10,3,3,50
"SCP1884","Control","Mesenchymal_stromal","Plasma::Activated plasma",10,4,4,50
"SCP1884","Control","Mesenchymal_stromal","Plasma::IgA plasma",10,5,5,50
"SCP1884","Control","Mesenchymal_stromal","Plasma::IgG plasma",10,0,0,50
"SCP1884","Control","Mesenchymal_stromal","Plasma::Transitional B",10,0,0,50
"SCP1884","Control","Myeloid","B_cell::ActB3",10,0,0,50
"SCP1884","Control","Myeloid","B_cell::CSM",10,5,5,50
"SCP1884","Control","Myeloid","B_cell::Centroblast B",10,1,1,50
"SCP1884","Control","Myeloid","B_cell::Centrocyte B",10,0,0,50
"SCP1884","Control","Myeloid","B_cell::DN2",10,1,1,50
"SCP1884","Control","Myeloid","B_cell::IgM-only",10,1,1,50
"SCP1884","Control","Myeloid","B_cell::MZ",10,0,0,50
"SCP1884","Control","Myeloid","B_cell::Naïve B",10,3,3,50
"SCP1884","Control","Myeloid","Plasma::Activated plasma",10,4,4,50
"SCP1884","Control","Myeloid","Plasma::IgA plasma",10,5,5,50
"SCP1884","Control","Myeloid","Plasma::IgG plasma",10,0,0,50
"SCP1884","Control","Myeloid","Plasma::Transitional B",10,0,0,50
"SCP1884","Control","T_NK","B_cell::ActB3",10,0,0,50
"SCP1884","Control","T_NK","B_cell::CSM",10,6,6,50
"SCP1884","Control","T_NK","B_cell::Centroblast B",10,1,1,50
"SCP1884","Control","T_NK","B_cell::Centrocyte B",10,0,0,50
"SCP1884","Control","T_NK","B_cell::DN2",10,1,1,50
"SCP1884","Control","T_NK","B_cell::IgM-only",10,1,1,50
"SCP1884","Control","T_NK","B_cell::MZ",10,0,0,50
"SCP1884","Control","T_NK","B_cell::Naïve B",10,4,4,50
"SCP1884","Control","T_NK","Plasma::Activated plasma",10,5,5,50
"SCP1884","Control","T_NK","Plasma::IgA plasma",10,5,5,50
"SCP1884","Control","T_NK","Plasma::IgG plasma",10,0,0,50
"SCP1884","Control","T_NK","Plasma::Transitional B",10,0,0,50
"SCP2959","Stricture","B_cell::ActB3","Endothelial",18,2,2,50
"SCP2959","Stricture","B_cell::ActB3","Epithelial",18,3,3,50
"SCP2959","Stricture","B_cell::ActB3","Mast",18,1,1,50
"SCP2959","Stricture","B_cell::ActB3","Mesenchymal_stromal",18,2,2,50
"SCP2959","Stricture","B_cell::ActB3","Myeloid",18,2,2,50
"SCP2959","Stricture","B_cell::ActB3","T_NK",18,3,3,50
"SCP2959","Stricture","B_cell::CSM","Endothelial",18,6,6,50
"SCP2959","Stricture","B_cell::CSM","Epithelial",18,11,11,50
"SCP2959","Stricture","B_cell::CSM","Mast",18,4,4,50
"SCP2959","Stricture","B_cell::CSM","Mesenchymal_stromal",18,6,6,50
"SCP2959","Stricture","B_cell::CSM","Myeloid",18,10,10,50
"SCP2959","Stricture","B_cell::CSM","T_NK",18,11,11,50
"SCP2959","Stricture","B_cell::Centroblast B","Endothelial",18,2,2,50
"SCP2959","Stricture","B_cell::Centroblast B","Epithelial",18,3,3,50
"SCP2959","Stricture","B_cell::Centroblast B","Mast",18,1,1,50
"SCP2959","Stricture","B_cell::Centroblast B","Mesenchymal_stromal",18,2,2,50
"SCP2959","Stricture","B_cell::Centroblast B","Myeloid",18,2,2,50
"SCP2959","Stricture","B_cell::Centroblast B","T_NK",18,3,3,50
"SCP2959","Stricture","B_cell::Centrocyte B","Endothelial",18,2,2,50
"SCP2959","Stricture","B_cell::Centrocyte B","Epithelial",18,3,3,50
"SCP2959","Stricture","B_cell::Centrocyte B","Mast",18,1,1,50
"SCP2959","Stricture","B_cell::Centrocyte B","Mesenchymal_stromal",18,2,2,50
"SCP2959","Stricture","B_cell::Centrocyte B","Myeloid",18,2,2,50
"SCP2959","Stricture","B_cell::Centrocyte B","T_NK",18,3,3,50
"SCP2959","Stricture","B_cell::DN2","Endothelial",18,2,2,50
"SCP2959","Stricture","B_cell::DN2","Epithelial",18,2,2,50
"SCP2959","Stricture","B_cell::DN2","Mast",18,1,1,50
"SCP2959","Stricture","B_cell::DN2","Mesenchymal_stromal",18,2,2,50
"SCP2959","Stricture","B_cell::DN2","Myeloid",18,2,2,50
"SCP2959","Stricture","B_cell::DN2","T_NK",18,2,2,50
"SCP2959","Stricture","B_cell::IgM-only","Endothelial",18,1,1,50
"SCP2959","Stricture","B_cell::IgM-only","Epithelial",18,1,1,50
"SCP2959","Stricture","B_cell::IgM-only","Mast",18,0,0,50
"SCP2959","Stricture","B_cell::IgM-only","Mesenchymal_stromal",18,1,1,50
"SCP2959","Stricture","B_cell::IgM-only","Myeloid",18,1,1,50
"SCP2959","Stricture","B_cell::IgM-only","T_NK",18,1,1,50
"SCP2959","Stricture","B_cell::MZ","Endothelial",18,2,2,50
"SCP2959","Stricture","B_cell::MZ","Epithelial",18,2,2,50
"SCP2959","Stricture","B_cell::MZ","Mast",18,1,1,50
"SCP2959","Stricture","B_cell::MZ","Mesenchymal_stromal",18,2,2,50
"SCP2959","Stricture","B_cell::MZ","Myeloid",18,2,2,50
"SCP2959","Stricture","B_cell::MZ","T_NK",18,2,2,50
"SCP2959","Stricture","B_cell::Naïve B","Endothelial",18,5,5,50
"SCP2959","Stricture","B_cell::Naïve B","Epithelial",18,7,7,50
"SCP2959","Stricture","B_cell::Naïve B","Mast",18,2,2,50
"SCP2959","Stricture","B_cell::Naïve B","Mesenchymal_stromal",18,5,5,50
"SCP2959","Stricture","B_cell::Naïve B","Myeloid",18,6,6,50
"SCP2959","Stricture","B_cell::Naïve B","T_NK",18,7,7,50
"SCP2959","Stricture","Plasma::Activated plasma","Endothelial",18,3,3,50
"SCP2959","Stricture","Plasma::Activated plasma","Epithelial",18,6,6,50
"SCP2959","Stricture","Plasma::Activated plasma","Mast",18,3,3,50
"SCP2959","Stricture","Plasma::Activated plasma","Mesenchymal_stromal",18,4,4,50
"SCP2959","Stricture","Plasma::Activated plasma","Myeloid",18,6,6,50
"SCP2959","Stricture","Plasma::Activated plasma","T_NK",18,6,6,50
"SCP2959","Stricture","Plasma::IgA plasma","Endothelial",18,6,6,50
"SCP2959","Stricture","Plasma::IgA plasma","Epithelial",18,11,11,50
"SCP2959","Stricture","Plasma::IgA plasma","Mast",18,5,5,50
"SCP2959","Stricture","Plasma::IgA plasma","Mesenchymal_stromal",18,8,8,50
"SCP2959","Stricture","Plasma::IgA plasma","Myeloid",18,11,11,50
"SCP2959","Stricture","Plasma::IgA plasma","T_NK",18,11,11,50
"SCP2959","Stricture","Plasma::IgG plasma","Endothelial",18,3,3,50
"SCP2959","Stricture","Plasma::IgG plasma","Epithelial",18,6,6,50
"SCP2959","Stricture","Plasma::IgG plasma","Mast",18,2,2,50
"SCP2959","Stricture","Plasma::IgG plasma","Mesenchymal_stromal",18,3,3,50
"SCP2959","Stricture","Plasma::IgG plasma","Myeloid",18,6,6,50
"SCP2959","Stricture","Plasma::IgG plasma","T_NK",18,6,6,50
"SCP2959","Stricture","Plasma::Transitional B","Endothelial",18,0,0,50
"SCP2959","Stricture","Plasma::Transitional B","Epithelial",18,0,0,50
"SCP2959","Stricture","Plasma::Transitional B","Mast",18,0,0,50
"SCP2959","Stricture","Plasma::Transitional B","Mesenchymal_stromal",18,0,0,50
"SCP2959","Stricture","Plasma::Transitional B","Myeloid",18,0,0,50
"SCP2959","Stricture","Plasma::Transitional B","T_NK",18,0,0,50
"SCP2959","Stricture","Endothelial","B_cell::ActB3",18,2,2,50
"SCP2959","Stricture","Endothelial","B_cell::CSM",18,6,6,50
"SCP2959","Stricture","Endothelial","B_cell::Centroblast B",18,2,2,50
"SCP2959","Stricture","Endothelial","B_cell::Centrocyte B",18,2,2,50
"SCP2959","Stricture","Endothelial","B_cell::DN2",18,2,2,50
"SCP2959","Stricture","Endothelial","B_cell::IgM-only",18,1,1,50
"SCP2959","Stricture","Endothelial","B_cell::MZ",18,2,2,50
"SCP2959","Stricture","Endothelial","B_cell::Naïve B",18,5,5,50
"SCP2959","Stricture","Endothelial","Plasma::Activated plasma",18,3,3,50
"SCP2959","Stricture","Endothelial","Plasma::IgA plasma",18,6,6,50
"SCP2959","Stricture","Endothelial","Plasma::IgG plasma",18,3,3,50
"SCP2959","Stricture","Endothelial","Plasma::Transitional B",18,0,0,50
"SCP2959","Stricture","Epithelial","B_cell::ActB3",18,3,3,50
"SCP2959","Stricture","Epithelial","B_cell::CSM",18,11,11,50
"SCP2959","Stricture","Epithelial","B_cell::Centroblast B",18,3,3,50
"SCP2959","Stricture","Epithelial","B_cell::Centrocyte B",18,3,3,50
"SCP2959","Stricture","Epithelial","B_cell::DN2",18,2,2,50
"SCP2959","Stricture","Epithelial","B_cell::IgM-only",18,1,1,50
"SCP2959","Stricture","Epithelial","B_cell::MZ",18,2,2,50
"SCP2959","Stricture","Epithelial","B_cell::Naïve B",18,7,7,50
"SCP2959","Stricture","Epithelial","Plasma::Activated plasma",18,6,6,50
"SCP2959","Stricture","Epithelial","Plasma::IgA plasma",18,11,11,50
"SCP2959","Stricture","Epithelial","Plasma::IgG plasma",18,6,6,50
"SCP2959","Stricture","Epithelial","Plasma::Transitional B",18,0,0,50
"SCP2959","Stricture","Mast","B_cell::ActB3",18,1,1,50
"SCP2959","Stricture","Mast","B_cell::CSM",18,4,4,50
"SCP2959","Stricture","Mast","B_cell::Centroblast B",18,1,1,50
"SCP2959","Stricture","Mast","B_cell::Centrocyte B",18,1,1,50
"SCP2959","Stricture","Mast","B_cell::DN2",18,1,1,50
"SCP2959","Stricture","Mast","B_cell::IgM-only",18,0,0,50
"SCP2959","Stricture","Mast","B_cell::MZ",18,1,1,50
"SCP2959","Stricture","Mast","B_cell::Naïve B",18,2,2,50
"SCP2959","Stricture","Mast","Plasma::Activated plasma",18,3,3,50
"SCP2959","Stricture","Mast","Plasma::IgA plasma",18,5,5,50
"SCP2959","Stricture","Mast","Plasma::IgG plasma",18,2,2,50
"SCP2959","Stricture","Mast","Plasma::Transitional B",18,0,0,50
"SCP2959","Stricture","Mesenchymal_stromal","B_cell::ActB3",18,2,2,50
"SCP2959","Stricture","Mesenchymal_stromal","B_cell::CSM",18,6,6,50
"SCP2959","Stricture","Mesenchymal_stromal","B_cell::Centroblast B",18,2,2,50
"SCP2959","Stricture","Mesenchymal_stromal","B_cell::Centrocyte B",18,2,2,50
"SCP2959","Stricture","Mesenchymal_stromal","B_cell::DN2",18,2,2,50
"SCP2959","Stricture","Mesenchymal_stromal","B_cell::IgM-only",18,1,1,50
"SCP2959","Stricture","Mesenchymal_stromal","B_cell::MZ",18,2,2,50
"SCP2959","Stricture","Mesenchymal_stromal","B_cell::Naïve B",18,5,5,50
"SCP2959","Stricture","Mesenchymal_stromal","Plasma::Activated plasma",18,4,4,50
"SCP2959","Stricture","Mesenchymal_stromal","Plasma::IgA plasma",18,8,8,50
"SCP2959","Stricture","Mesenchymal_stromal","Plasma::IgG plasma",18,3,3,50
"SCP2959","Stricture","Mesenchymal_stromal","Plasma::Transitional B",18,0,0,50
"SCP2959","Stricture","Myeloid","B_cell::ActB3",18,2,2,50
"SCP2959","Stricture","Myeloid","B_cell::CSM",18,10,10,50
"SCP2959","Stricture","Myeloid","B_cell::Centroblast B",18,2,2,50
"SCP2959","Stricture","Myeloid","B_cell::Centrocyte B",18,2,2,50
"SCP2959","Stricture","Myeloid","B_cell::DN2",18,2,2,50
"SCP2959","Stricture","Myeloid","B_cell::IgM-only",18,1,1,50
"SCP2959","Stricture","Myeloid","B_cell::MZ",18,2,2,50
"SCP2959","Stricture","Myeloid","B_cell::Naïve B",18,6,6,50
"SCP2959","Stricture","Myeloid","Plasma::Activated plasma",18,6,6,50
"SCP2959","Stricture","Myeloid","Plasma::IgA plasma",18,11,11,50
"SCP2959","Stricture","Myeloid","Plasma::IgG plasma",18,6,6,50
"SCP2959","Stricture","Myeloid","Plasma::Transitional B",18,0,0,50
"SCP2959","Stricture","T_NK","B_cell::ActB3",18,3,3,50
"SCP2959","Stricture","T_NK","B_cell::CSM",18,11,11,50
"SCP2959","Stricture","T_NK","B_cell::Centroblast B",18,3,3,50
"SCP2959","Stricture","T_NK","B_cell::Centrocyte B",18,3,3,50
"SCP2959","Stricture","T_NK","B_cell::DN2",18,2,2,50
"SCP2959","Stricture","T_NK","B_cell::IgM-only",18,1,1,50
"SCP2959","Stricture","T_NK","B_cell::MZ",18,2,2,50
"SCP2959","Stricture","T_NK","B_cell::Naïve B",18,7,7,50
"SCP2959","Stricture","T_NK","Plasma::Activated plasma",18,6,6,50
"SCP2959","Stricture","T_NK","Plasma::IgA plasma",18,11,11,50
"SCP2959","Stricture","T_NK","Plasma::IgG plasma",18,6,6,50
"SCP2959","Stricture","T_NK","Plasma::Transitional B",18,0,0,50
"SCP2959","Non-stricture","B_cell::ActB3","Endothelial",14,0,0,50
"SCP2959","Non-stricture","B_cell::ActB3","Epithelial",14,2,2,50
"SCP2959","Non-stricture","B_cell::ActB3","Mast",14,0,0,50
"SCP2959","Non-stricture","B_cell::ActB3","Mesenchymal_stromal",14,1,1,50
"SCP2959","Non-stricture","B_cell::ActB3","Myeloid",14,2,2,50
"SCP2959","Non-stricture","B_cell::ActB3","T_NK",14,2,2,50
"SCP2959","Non-stricture","B_cell::CSM","Endothelial",14,2,2,50
"SCP2959","Non-stricture","B_cell::CSM","Epithelial",14,6,6,50
"SCP2959","Non-stricture","B_cell::CSM","Mast",14,3,3,50
"SCP2959","Non-stricture","B_cell::CSM","Mesenchymal_stromal",14,5,5,50
"SCP2959","Non-stricture","B_cell::CSM","Myeloid",14,6,6,50
"SCP2959","Non-stricture","B_cell::CSM","T_NK",14,6,6,50
"SCP2959","Non-stricture","B_cell::Centroblast B","Endothelial",14,0,0,50
"SCP2959","Non-stricture","B_cell::Centroblast B","Epithelial",14,2,2,50
"SCP2959","Non-stricture","B_cell::Centroblast B","Mast",14,1,1,50
"SCP2959","Non-stricture","B_cell::Centroblast B","Mesenchymal_stromal",14,1,1,50
"SCP2959","Non-stricture","B_cell::Centroblast B","Myeloid",14,2,2,50
"SCP2959","Non-stricture","B_cell::Centroblast B","T_NK",14,2,2,50
"SCP2959","Non-stricture","B_cell::Centrocyte B","Endothelial",14,0,0,50
"SCP2959","Non-stricture","B_cell::Centrocyte B","Epithelial",14,1,1,50
"SCP2959","Non-stricture","B_cell::Centrocyte B","Mast",14,0,0,50
"SCP2959","Non-stricture","B_cell::Centrocyte B","Mesenchymal_stromal",14,0,0,50
"SCP2959","Non-stricture","B_cell::Centrocyte B","Myeloid",14,1,1,50
"SCP2959","Non-stricture","B_cell::Centrocyte B","T_NK",14,1,1,50
"SCP2959","Non-stricture","B_cell::DN2","Endothelial",14,0,0,50
"SCP2959","Non-stricture","B_cell::DN2","Epithelial",14,2,2,50
"SCP2959","Non-stricture","B_cell::DN2","Mast",14,0,0,50
"SCP2959","Non-stricture","B_cell::DN2","Mesenchymal_stromal",14,1,1,50
"SCP2959","Non-stricture","B_cell::DN2","Myeloid",14,2,2,50
"SCP2959","Non-stricture","B_cell::DN2","T_NK",14,2,2,50
"SCP2959","Non-stricture","B_cell::IgM-only","Endothelial",14,0,0,50
"SCP2959","Non-stricture","B_cell::IgM-only","Epithelial",14,0,0,50
"SCP2959","Non-stricture","B_cell::IgM-only","Mast",14,0,0,50
"SCP2959","Non-stricture","B_cell::IgM-only","Mesenchymal_stromal",14,0,0,50
"SCP2959","Non-stricture","B_cell::IgM-only","Myeloid",14,0,0,50
"SCP2959","Non-stricture","B_cell::IgM-only","T_NK",14,0,0,50
"SCP2959","Non-stricture","B_cell::MZ","Endothelial",14,0,0,50
"SCP2959","Non-stricture","B_cell::MZ","Epithelial",14,1,1,50
"SCP2959","Non-stricture","B_cell::MZ","Mast",14,0,0,50
"SCP2959","Non-stricture","B_cell::MZ","Mesenchymal_stromal",14,0,0,50
"SCP2959","Non-stricture","B_cell::MZ","Myeloid",14,1,1,50
"SCP2959","Non-stricture","B_cell::MZ","T_NK",14,1,1,50
"SCP2959","Non-stricture","B_cell::Naïve B","Endothelial",14,0,0,50
"SCP2959","Non-stricture","B_cell::Naïve B","Epithelial",14,3,3,50
"SCP2959","Non-stricture","B_cell::Naïve B","Mast",14,1,1,50
"SCP2959","Non-stricture","B_cell::Naïve B","Mesenchymal_stromal",14,2,2,50
"SCP2959","Non-stricture","B_cell::Naïve B","Myeloid",14,3,3,50
"SCP2959","Non-stricture","B_cell::Naïve B","T_NK",14,3,3,50
"SCP2959","Non-stricture","Plasma::Activated plasma","Endothelial",14,4,4,50
"SCP2959","Non-stricture","Plasma::Activated plasma","Epithelial",14,8,8,50
"SCP2959","Non-stricture","Plasma::Activated plasma","Mast",14,6,6,50
"SCP2959","Non-stricture","Plasma::Activated plasma","Mesenchymal_stromal",14,8,8,50
"SCP2959","Non-stricture","Plasma::Activated plasma","Myeloid",14,8,8,50
"SCP2959","Non-stricture","Plasma::Activated plasma","T_NK",14,8,8,50
"SCP2959","Non-stricture","Plasma::IgA plasma","Endothelial",14,5,5,50
"SCP2959","Non-stricture","Plasma::IgA plasma","Epithelial",14,9,9,50
"SCP2959","Non-stricture","Plasma::IgA plasma","Mast",14,6,6,50
"SCP2959","Non-stricture","Plasma::IgA plasma","Mesenchymal_stromal",14,9,9,50
"SCP2959","Non-stricture","Plasma::IgA plasma","Myeloid",14,9,9,50
"SCP2959","Non-stricture","Plasma::IgA plasma","T_NK",14,9,9,50
"SCP2959","Non-stricture","Plasma::IgG plasma","Endothelial",14,1,1,50
"SCP2959","Non-stricture","Plasma::IgG plasma","Epithelial",14,3,3,50
"SCP2959","Non-stricture","Plasma::IgG plasma","Mast",14,1,1,50
"SCP2959","Non-stricture","Plasma::IgG plasma","Mesenchymal_stromal",14,2,2,50
"SCP2959","Non-stricture","Plasma::IgG plasma","Myeloid",14,3,3,50
"SCP2959","Non-stricture","Plasma::IgG plasma","T_NK",14,3,3,50
"SCP2959","Non-stricture","Plasma::Transitional B","Endothelial",14,0,0,50
"SCP2959","Non-stricture","Plasma::Transitional B","Epithelial",14,1,1,50
"SCP2959","Non-stricture","Plasma::Transitional B","Mast",14,0,0,50
"SCP2959","Non-stricture","Plasma::Transitional B","Mesenchymal_stromal",14,0,0,50
"SCP2959","Non-stricture","Plasma::Transitional B","Myeloid",14,1,1,50
"SCP2959","Non-stricture","Plasma::Transitional B","T_NK",14,1,1,50
"SCP2959","Non-stricture","Endothelial","B_cell::ActB3",14,0,0,50
"SCP2959","Non-stricture","Endothelial","B_cell::CSM",14,2,2,50
"SCP2959","Non-stricture","Endothelial","B_cell::Centroblast B",14,0,0,50
"SCP2959","Non-stricture","Endothelial","B_cell::Centrocyte B",14,0,0,50
"SCP2959","Non-stricture","Endothelial","B_cell::DN2",14,0,0,50
"SCP2959","Non-stricture","Endothelial","B_cell::IgM-only",14,0,0,50
"SCP2959","Non-stricture","Endothelial","B_cell::MZ",14,0,0,50
"SCP2959","Non-stricture","Endothelial","B_cell::Naïve B",14,0,0,50
"SCP2959","Non-stricture","Endothelial","Plasma::Activated plasma",14,4,4,50
"SCP2959","Non-stricture","Endothelial","Plasma::IgA plasma",14,5,5,50
"SCP2959","Non-stricture","Endothelial","Plasma::IgG plasma",14,1,1,50
"SCP2959","Non-stricture","Endothelial","Plasma::Transitional B",14,0,0,50
"SCP2959","Non-stricture","Epithelial","B_cell::ActB3",14,2,2,50
"SCP2959","Non-stricture","Epithelial","B_cell::CSM",14,6,6,50
"SCP2959","Non-stricture","Epithelial","B_cell::Centroblast B",14,2,2,50
"SCP2959","Non-stricture","Epithelial","B_cell::Centrocyte B",14,1,1,50
"SCP2959","Non-stricture","Epithelial","B_cell::DN2",14,2,2,50
"SCP2959","Non-stricture","Epithelial","B_cell::IgM-only",14,0,0,50
"SCP2959","Non-stricture","Epithelial","B_cell::MZ",14,1,1,50
"SCP2959","Non-stricture","Epithelial","B_cell::Naïve B",14,3,3,50
"SCP2959","Non-stricture","Epithelial","Plasma::Activated plasma",14,8,8,50
"SCP2959","Non-stricture","Epithelial","Plasma::IgA plasma",14,9,9,50
"SCP2959","Non-stricture","Epithelial","Plasma::IgG plasma",14,3,3,50
"SCP2959","Non-stricture","Epithelial","Plasma::Transitional B",14,1,1,50
"SCP2959","Non-stricture","Mast","B_cell::ActB3",14,0,0,50
"SCP2959","Non-stricture","Mast","B_cell::CSM",14,3,3,50
"SCP2959","Non-stricture","Mast","B_cell::Centroblast B",14,1,1,50
"SCP2959","Non-stricture","Mast","B_cell::Centrocyte B",14,0,0,50
"SCP2959","Non-stricture","Mast","B_cell::DN2",14,0,0,50
"SCP2959","Non-stricture","Mast","B_cell::IgM-only",14,0,0,50
"SCP2959","Non-stricture","Mast","B_cell::MZ",14,0,0,50
"SCP2959","Non-stricture","Mast","B_cell::Naïve B",14,1,1,50
"SCP2959","Non-stricture","Mast","Plasma::Activated plasma",14,6,6,50
"SCP2959","Non-stricture","Mast","Plasma::IgA plasma",14,6,6,50
"SCP2959","Non-stricture","Mast","Plasma::IgG plasma",14,1,1,50
"SCP2959","Non-stricture","Mast","Plasma::Transitional B",14,0,0,50
"SCP2959","Non-stricture","Mesenchymal_stromal","B_cell::ActB3",14,1,1,50
"SCP2959","Non-stricture","Mesenchymal_stromal","B_cell::CSM",14,5,5,50
"SCP2959","Non-stricture","Mesenchymal_stromal","B_cell::Centroblast B",14,1,1,50
"SCP2959","Non-stricture","Mesenchymal_stromal","B_cell::Centrocyte B",14,0,0,50
"SCP2959","Non-stricture","Mesenchymal_stromal","B_cell::DN2",14,1,1,50
"SCP2959","Non-stricture","Mesenchymal_stromal","B_cell::IgM-only",14,0,0,50
"SCP2959","Non-stricture","Mesenchymal_stromal","B_cell::MZ",14,0,0,50
"SCP2959","Non-stricture","Mesenchymal_stromal","B_cell::Naïve B",14,2,2,50
"SCP2959","Non-stricture","Mesenchymal_stromal","Plasma::Activated plasma",14,8,8,50
"SCP2959","Non-stricture","Mesenchymal_stromal","Plasma::IgA plasma",14,9,9,50
"SCP2959","Non-stricture","Mesenchymal_stromal","Plasma::IgG plasma",14,2,2,50
"SCP2959","Non-stricture","Mesenchymal_stromal","Plasma::Transitional B",14,0,0,50
"SCP2959","Non-stricture","Myeloid","B_cell::ActB3",14,2,2,50
"SCP2959","Non-stricture","Myeloid","B_cell::CSM",14,6,6,50
"SCP2959","Non-stricture","Myeloid","B_cell::Centroblast B",14,2,2,50
"SCP2959","Non-stricture","Myeloid","B_cell::Centrocyte B",14,1,1,50
"SCP2959","Non-stricture","Myeloid","B_cell::DN2",14,2,2,50
"SCP2959","Non-stricture","Myeloid","B_cell::IgM-only",14,0,0,50
"SCP2959","Non-stricture","Myeloid","B_cell::MZ",14,1,1,50
"SCP2959","Non-stricture","Myeloid","B_cell::Naïve B",14,3,3,50
"SCP2959","Non-stricture","Myeloid","Plasma::Activated plasma",14,8,8,50
"SCP2959","Non-stricture","Myeloid","Plasma::IgA plasma",14,9,9,50
"SCP2959","Non-stricture","Myeloid","Plasma::IgG plasma",14,3,3,50
"SCP2959","Non-stricture","Myeloid","Plasma::Transitional B",14,1,1,50
"SCP2959","Non-stricture","T_NK","B_cell::ActB3",14,2,2,50
"SCP2959","Non-stricture","T_NK","B_cell::CSM",14,6,6,50
"SCP2959","Non-stricture","T_NK","B_cell::Centroblast B",14,2,2,50
"SCP2959","Non-stricture","T_NK","B_cell::Centrocyte B",14,1,1,50
"SCP2959","Non-stricture","T_NK","B_cell::DN2",14,2,2,50
"SCP2959","Non-stricture","T_NK","B_cell::IgM-only",14,0,0,50
"SCP2959","Non-stricture","T_NK","B_cell::MZ",14,1,1,50
"SCP2959","Non-stricture","T_NK","B_cell::Naïve B",14,3,3,50
"SCP2959","Non-stricture","T_NK","Plasma::Activated plasma",14,8,8,50
"SCP2959","Non-stricture","T_NK","Plasma::IgA plasma",14,9,9,50
"SCP2959","Non-stricture","T_NK","Plasma::IgG plasma",14,3,3,50
"SCP2959","Non-stricture","T_NK","Plasma::Transitional B",14,1,1,50
"SCP2959","Inflamed","B_cell::ActB3","Endothelial",1,0,0,50
"SCP2959","Inflamed","B_cell::ActB3","Epithelial",1,0,0,50
"SCP2959","Inflamed","B_cell::ActB3","Mast",1,0,0,50
"SCP2959","Inflamed","B_cell::ActB3","Mesenchymal_stromal",1,0,0,50
"SCP2959","Inflamed","B_cell::ActB3","Myeloid",1,0,0,50
"SCP2959","Inflamed","B_cell::ActB3","T_NK",1,0,0,50
"SCP2959","Inflamed","B_cell::CSM","Endothelial",1,0,0,50
"SCP2959","Inflamed","B_cell::CSM","Epithelial",1,0,0,50
"SCP2959","Inflamed","B_cell::CSM","Mast",1,0,0,50
"SCP2959","Inflamed","B_cell::CSM","Mesenchymal_stromal",1,0,0,50
"SCP2959","Inflamed","B_cell::CSM","Myeloid",1,0,0,50
"SCP2959","Inflamed","B_cell::CSM","T_NK",1,0,0,50
"SCP2959","Inflamed","B_cell::Centroblast B","Endothelial",1,0,0,50
"SCP2959","Inflamed","B_cell::Centroblast B","Epithelial",1,0,0,50
"SCP2959","Inflamed","B_cell::Centroblast B","Mast",1,0,0,50
"SCP2959","Inflamed","B_cell::Centroblast B","Mesenchymal_stromal",1,0,0,50
"SCP2959","Inflamed","B_cell::Centroblast B","Myeloid",1,0,0,50
"SCP2959","Inflamed","B_cell::Centroblast B","T_NK",1,0,0,50
"SCP2959","Inflamed","B_cell::Centrocyte B","Endothelial",1,0,0,50
"SCP2959","Inflamed","B_cell::Centrocyte B","Epithelial",1,0,0,50
"SCP2959","Inflamed","B_cell::Centrocyte B","Mast",1,0,0,50
"SCP2959","Inflamed","B_cell::Centrocyte B","Mesenchymal_stromal",1,0,0,50
"SCP2959","Inflamed","B_cell::Centrocyte B","Myeloid",1,0,0,50
"SCP2959","Inflamed","B_cell::Centrocyte B","T_NK",1,0,0,50
"SCP2959","Inflamed","B_cell::DN2","Endothelial",1,0,0,50
"SCP2959","Inflamed","B_cell::DN2","Epithelial",1,0,0,50
"SCP2959","Inflamed","B_cell::DN2","Mast",1,0,0,50
"SCP2959","Inflamed","B_cell::DN2","Mesenchymal_stromal",1,0,0,50
"SCP2959","Inflamed","B_cell::DN2","Myeloid",1,0,0,50
"SCP2959","Inflamed","B_cell::DN2","T_NK",1,0,0,50
"SCP2959","Inflamed","B_cell::IgM-only","Endothelial",1,0,0,50
"SCP2959","Inflamed","B_cell::IgM-only","Epithelial",1,0,0,50
"SCP2959","Inflamed","B_cell::IgM-only","Mast",1,0,0,50
"SCP2959","Inflamed","B_cell::IgM-only","Mesenchymal_stromal",1,0,0,50
"SCP2959","Inflamed","B_cell::IgM-only","Myeloid",1,0,0,50
"SCP2959","Inflamed","B_cell::IgM-only","T_NK",1,0,0,50
"SCP2959","Inflamed","B_cell::MZ","Endothelial",1,0,0,50
"SCP2959","Inflamed","B_cell::MZ","Epithelial",1,0,0,50
"SCP2959","Inflamed","B_cell::MZ","Mast",1,0,0,50
"SCP2959","Inflamed","B_cell::MZ","Mesenchymal_stromal",1,0,0,50
"SCP2959","Inflamed","B_cell::MZ","Myeloid",1,0,0,50
"SCP2959","Inflamed","B_cell::MZ","T_NK",1,0,0,50
"SCP2959","Inflamed","B_cell::Naïve B","Endothelial",1,0,0,50
"SCP2959","Inflamed","B_cell::Naïve B","Epithelial",1,0,0,50
"SCP2959","Inflamed","B_cell::Naïve B","Mast",1,0,0,50
"SCP2959","Inflamed","B_cell::Naïve B","Mesenchymal_stromal",1,0,0,50
"SCP2959","Inflamed","B_cell::Naïve B","Myeloid",1,0,0,50
"SCP2959","Inflamed","B_cell::Naïve B","T_NK",1,0,0,50
"SCP2959","Inflamed","Plasma::Activated plasma","Endothelial",1,0,0,50
"SCP2959","Inflamed","Plasma::Activated plasma","Epithelial",1,0,0,50
"SCP2959","Inflamed","Plasma::Activated plasma","Mast",1,0,0,50
"SCP2959","Inflamed","Plasma::Activated plasma","Mesenchymal_stromal",1,0,0,50
"SCP2959","Inflamed","Plasma::Activated plasma","Myeloid",1,0,0,50
"SCP2959","Inflamed","Plasma::Activated plasma","T_NK",1,0,0,50
"SCP2959","Inflamed","Plasma::IgA plasma","Endothelial",1,0,0,50
"SCP2959","Inflamed","Plasma::IgA plasma","Epithelial",1,0,0,50
"SCP2959","Inflamed","Plasma::IgA plasma","Mast",1,0,0,50
"SCP2959","Inflamed","Plasma::IgA plasma","Mesenchymal_stromal",1,0,0,50
"SCP2959","Inflamed","Plasma::IgA plasma","Myeloid",1,0,0,50
"SCP2959","Inflamed","Plasma::IgA plasma","T_NK",1,0,0,50
"SCP2959","Inflamed","Plasma::IgG plasma","Endothelial",1,0,0,50
"SCP2959","Inflamed","Plasma::IgG plasma","Epithelial",1,0,0,50
"SCP2959","Inflamed","Plasma::IgG plasma","Mast",1,0,0,50
"SCP2959","Inflamed","Plasma::IgG plasma","Mesenchymal_stromal",1,0,0,50
"SCP2959","Inflamed","Plasma::IgG plasma","Myeloid",1,0,0,50
"SCP2959","Inflamed","Plasma::IgG plasma","T_NK",1,0,0,50
"SCP2959","Inflamed","Plasma::Transitional B","Endothelial",1,0,0,50
"SCP2959","Inflamed","Plasma::Transitional B","Epithelial",1,0,0,50
"SCP2959","Inflamed","Plasma::Transitional B","Mast",1,0,0,50
"SCP2959","Inflamed","Plasma::Transitional B","Mesenchymal_stromal",1,0,0,50
"SCP2959","Inflamed","Plasma::Transitional B","Myeloid",1,0,0,50
"SCP2959","Inflamed","Plasma::Transitional B","T_NK",1,0,0,50
"SCP2959","Inflamed","Endothelial","B_cell::ActB3",1,0,0,50
"SCP2959","Inflamed","Endothelial","B_cell::CSM",1,0,0,50
"SCP2959","Inflamed","Endothelial","B_cell::Centroblast B",1,0,0,50
"SCP2959","Inflamed","Endothelial","B_cell::Centrocyte B",1,0,0,50
"SCP2959","Inflamed","Endothelial","B_cell::DN2",1,0,0,50
"SCP2959","Inflamed","Endothelial","B_cell::IgM-only",1,0,0,50
"SCP2959","Inflamed","Endothelial","B_cell::MZ",1,0,0,50
"SCP2959","Inflamed","Endothelial","B_cell::Naïve B",1,0,0,50
"SCP2959","Inflamed","Endothelial","Plasma::Activated plasma",1,0,0,50
"SCP2959","Inflamed","Endothelial","Plasma::IgA plasma",1,0,0,50
"SCP2959","Inflamed","Endothelial","Plasma::IgG plasma",1,0,0,50
"SCP2959","Inflamed","Endothelial","Plasma::Transitional B",1,0,0,50
"SCP2959","Inflamed","Epithelial","B_cell::ActB3",1,0,0,50
"SCP2959","Inflamed","Epithelial","B_cell::CSM",1,0,0,50
"SCP2959","Inflamed","Epithelial","B_cell::Centroblast B",1,0,0,50
"SCP2959","Inflamed","Epithelial","B_cell::Centrocyte B",1,0,0,50
"SCP2959","Inflamed","Epithelial","B_cell::DN2",1,0,0,50
"SCP2959","Inflamed","Epithelial","B_cell::IgM-only",1,0,0,50
"SCP2959","Inflamed","Epithelial","B_cell::MZ",1,0,0,50
"SCP2959","Inflamed","Epithelial","B_cell::Naïve B",1,0,0,50
"SCP2959","Inflamed","Epithelial","Plasma::Activated plasma",1,0,0,50
"SCP2959","Inflamed","Epithelial","Plasma::IgA plasma",1,0,0,50
"SCP2959","Inflamed","Epithelial","Plasma::IgG plasma",1,0,0,50
"SCP2959","Inflamed","Epithelial","Plasma::Transitional B",1,0,0,50
"SCP2959","Inflamed","Mast","B_cell::ActB3",1,0,0,50
"SCP2959","Inflamed","Mast","B_cell::CSM",1,0,0,50
"SCP2959","Inflamed","Mast","B_cell::Centroblast B",1,0,0,50
"SCP2959","Inflamed","Mast","B_cell::Centrocyte B",1,0,0,50
"SCP2959","Inflamed","Mast","B_cell::DN2",1,0,0,50
"SCP2959","Inflamed","Mast","B_cell::IgM-only",1,0,0,50
"SCP2959","Inflamed","Mast","B_cell::MZ",1,0,0,50
"SCP2959","Inflamed","Mast","B_cell::Naïve B",1,0,0,50
"SCP2959","Inflamed","Mast","Plasma::Activated plasma",1,0,0,50
"SCP2959","Inflamed","Mast","Plasma::IgA plasma",1,0,0,50
"SCP2959","Inflamed","Mast","Plasma::IgG plasma",1,0,0,50
"SCP2959","Inflamed","Mast","Plasma::Transitional B",1,0,0,50
"SCP2959","Inflamed","Mesenchymal_stromal","B_cell::ActB3",1,0,0,50
"SCP2959","Inflamed","Mesenchymal_stromal","B_cell::CSM",1,0,0,50
"SCP2959","Inflamed","Mesenchymal_stromal","B_cell::Centroblast B",1,0,0,50
"SCP2959","Inflamed","Mesenchymal_stromal","B_cell::Centrocyte B",1,0,0,50
"SCP2959","Inflamed","Mesenchymal_stromal","B_cell::DN2",1,0,0,50
"SCP2959","Inflamed","Mesenchymal_stromal","B_cell::IgM-only",1,0,0,50
"SCP2959","Inflamed","Mesenchymal_stromal","B_cell::MZ",1,0,0,50
"SCP2959","Inflamed","Mesenchymal_stromal","B_cell::Naïve B",1,0,0,50
"SCP2959","Inflamed","Mesenchymal_stromal","Plasma::Activated plasma",1,0,0,50
"SCP2959","Inflamed","Mesenchymal_stromal","Plasma::IgA plasma",1,0,0,50
"SCP2959","Inflamed","Mesenchymal_stromal","Plasma::IgG plasma",1,0,0,50
"SCP2959","Inflamed","Mesenchymal_stromal","Plasma::Transitional B",1,0,0,50
"SCP2959","Inflamed","Myeloid","B_cell::ActB3",1,0,0,50
"SCP2959","Inflamed","Myeloid","B_cell::CSM",1,0,0,50
"SCP2959","Inflamed","Myeloid","B_cell::Centroblast B",1,0,0,50
"SCP2959","Inflamed","Myeloid","B_cell::Centrocyte B",1,0,0,50
"SCP2959","Inflamed","Myeloid","B_cell::DN2",1,0,0,50
"SCP2959","Inflamed","Myeloid","B_cell::IgM-only",1,0,0,50
"SCP2959","Inflamed","Myeloid","B_cell::MZ",1,0,0,50
"SCP2959","Inflamed","Myeloid","B_cell::Naïve B",1,0,0,50
"SCP2959","Inflamed","Myeloid","Plasma::Activated plasma",1,0,0,50
"SCP2959","Inflamed","Myeloid","Plasma::IgA plasma",1,0,0,50
"SCP2959","Inflamed","Myeloid","Plasma::IgG plasma",1,0,0,50
"SCP2959","Inflamed","Myeloid","Plasma::Transitional B",1,0,0,50
"SCP2959","Inflamed","T_NK","B_cell::ActB3",1,0,0,50
"SCP2959","Inflamed","T_NK","B_cell::CSM",1,0,0,50
"SCP2959","Inflamed","T_NK","B_cell::Centroblast B",1,0,0,50
"SCP2959","Inflamed","T_NK","B_cell::Centrocyte B",1,0,0,50
"SCP2959","Inflamed","T_NK","B_cell::DN2",1,0,0,50
"SCP2959","Inflamed","T_NK","B_cell::IgM-only",1,0,0,50
"SCP2959","Inflamed","T_NK","B_cell::MZ",1,0,0,50
"SCP2959","Inflamed","T_NK","B_cell::Naïve B",1,0,0,50
"SCP2959","Inflamed","T_NK","Plasma::Activated plasma",1,0,0,50
"SCP2959","Inflamed","T_NK","Plasma::IgA plasma",1,0,0,50
"SCP2959","Inflamed","T_NK","Plasma::IgG plasma",1,0,0,50
"SCP2959","Inflamed","T_NK","Plasma::Transitional B",1,0,0,50
"SCP2959","Control","B_cell::ActB3","Endothelial",9,2,2,50
"SCP2959","Control","B_cell::ActB3","Epithelial",9,2,2,50
"SCP2959","Control","B_cell::ActB3","Mast",9,2,2,50
"SCP2959","Control","B_cell::ActB3","Mesenchymal_stromal",9,2,2,50
"SCP2959","Control","B_cell::ActB3","Myeloid",9,2,2,50
"SCP2959","Control","B_cell::ActB3","T_NK",9,2,2,50
"SCP2959","Control","B_cell::CSM","Endothelial",9,3,3,50
"SCP2959","Control","B_cell::CSM","Epithelial",9,4,4,50
"SCP2959","Control","B_cell::CSM","Mast",9,3,3,50
"SCP2959","Control","B_cell::CSM","Mesenchymal_stromal",9,4,4,50
"SCP2959","Control","B_cell::CSM","Myeloid",9,4,4,50
"SCP2959","Control","B_cell::CSM","T_NK",9,4,4,50
"SCP2959","Control","B_cell::Centroblast B","Endothelial",9,1,1,50
"SCP2959","Control","B_cell::Centroblast B","Epithelial",9,1,1,50
"SCP2959","Control","B_cell::Centroblast B","Mast",9,1,1,50
"SCP2959","Control","B_cell::Centroblast B","Mesenchymal_stromal",9,1,1,50
"SCP2959","Control","B_cell::Centroblast B","Myeloid",9,1,1,50
"SCP2959","Control","B_cell::Centroblast B","T_NK",9,1,1,50
"SCP2959","Control","B_cell::Centrocyte B","Endothelial",9,1,1,50
"SCP2959","Control","B_cell::Centrocyte B","Epithelial",9,1,1,50
"SCP2959","Control","B_cell::Centrocyte B","Mast",9,1,1,50
"SCP2959","Control","B_cell::Centrocyte B","Mesenchymal_stromal",9,1,1,50
"SCP2959","Control","B_cell::Centrocyte B","Myeloid",9,1,1,50
"SCP2959","Control","B_cell::Centrocyte B","T_NK",9,1,1,50
"SCP2959","Control","B_cell::DN2","Endothelial",9,1,1,50
"SCP2959","Control","B_cell::DN2","Epithelial",9,1,1,50
"SCP2959","Control","B_cell::DN2","Mast",9,1,1,50
"SCP2959","Control","B_cell::DN2","Mesenchymal_stromal",9,1,1,50
"SCP2959","Control","B_cell::DN2","Myeloid",9,1,1,50
"SCP2959","Control","B_cell::DN2","T_NK",9,1,1,50
"SCP2959","Control","B_cell::IgM-only","Endothelial",9,1,1,50
"SCP2959","Control","B_cell::IgM-only","Epithelial",9,1,1,50
"SCP2959","Control","B_cell::IgM-only","Mast",9,1,1,50
"SCP2959","Control","B_cell::IgM-only","Mesenchymal_stromal",9,1,1,50
"SCP2959","Control","B_cell::IgM-only","Myeloid",9,1,1,50
"SCP2959","Control","B_cell::IgM-only","T_NK",9,1,1,50
"SCP2959","Control","B_cell::MZ","Endothelial",9,0,0,50
"SCP2959","Control","B_cell::MZ","Epithelial",9,0,0,50
"SCP2959","Control","B_cell::MZ","Mast",9,0,0,50
"SCP2959","Control","B_cell::MZ","Mesenchymal_stromal",9,0,0,50
"SCP2959","Control","B_cell::MZ","Myeloid",9,0,0,50
"SCP2959","Control","B_cell::MZ","T_NK",9,0,0,50
"SCP2959","Control","B_cell::Naïve B","Endothelial",9,3,3,50
"SCP2959","Control","B_cell::Naïve B","Epithelial",9,3,3,50
"SCP2959","Control","B_cell::Naïve B","Mast",9,3,3,50
"SCP2959","Control","B_cell::Naïve B","Mesenchymal_stromal",9,3,3,50
"SCP2959","Control","B_cell::Naïve B","Myeloid",9,3,3,50
"SCP2959","Control","B_cell::Naïve B","T_NK",9,3,3,50
"SCP2959","Control","Plasma::Activated plasma","Endothelial",9,2,2,50
"SCP2959","Control","Plasma::Activated plasma","Epithelial",9,3,3,50
"SCP2959","Control","Plasma::Activated plasma","Mast",9,3,3,50
"SCP2959","Control","Plasma::Activated plasma","Mesenchymal_stromal",9,3,3,50
"SCP2959","Control","Plasma::Activated plasma","Myeloid",9,3,3,50
"SCP2959","Control","Plasma::Activated plasma","T_NK",9,3,3,50
"SCP2959","Control","Plasma::IgA plasma","Endothelial",9,2,2,50
"SCP2959","Control","Plasma::IgA plasma","Epithelial",9,3,3,50
"SCP2959","Control","Plasma::IgA plasma","Mast",9,2,2,50
"SCP2959","Control","Plasma::IgA plasma","Mesenchymal_stromal",9,3,3,50
"SCP2959","Control","Plasma::IgA plasma","Myeloid",9,3,3,50
"SCP2959","Control","Plasma::IgA plasma","T_NK",9,3,3,50
"SCP2959","Control","Plasma::IgG plasma","Endothelial",9,1,1,50
"SCP2959","Control","Plasma::IgG plasma","Epithelial",9,1,1,50
"SCP2959","Control","Plasma::IgG plasma","Mast",9,1,1,50
"SCP2959","Control","Plasma::IgG plasma","Mesenchymal_stromal",9,1,1,50
"SCP2959","Control","Plasma::IgG plasma","Myeloid",9,1,1,50
"SCP2959","Control","Plasma::IgG plasma","T_NK",9,1,1,50
"SCP2959","Control","Plasma::Transitional B","Endothelial",9,0,0,50
"SCP2959","Control","Plasma::Transitional B","Epithelial",9,0,0,50
"SCP2959","Control","Plasma::Transitional B","Mast",9,0,0,50
"SCP2959","Control","Plasma::Transitional B","Mesenchymal_stromal",9,0,0,50
"SCP2959","Control","Plasma::Transitional B","Myeloid",9,0,0,50
"SCP2959","Control","Plasma::Transitional B","T_NK",9,0,0,50
"SCP2959","Control","Endothelial","B_cell::ActB3",9,2,2,50
"SCP2959","Control","Endothelial","B_cell::CSM",9,3,3,50
"SCP2959","Control","Endothelial","B_cell::Centroblast B",9,1,1,50
"SCP2959","Control","Endothelial","B_cell::Centrocyte B",9,1,1,50
"SCP2959","Control","Endothelial","B_cell::DN2",9,1,1,50
"SCP2959","Control","Endothelial","B_cell::IgM-only",9,1,1,50
"SCP2959","Control","Endothelial","B_cell::MZ",9,0,0,50
"SCP2959","Control","Endothelial","B_cell::Naïve B",9,3,3,50
"SCP2959","Control","Endothelial","Plasma::Activated plasma",9,2,2,50
"SCP2959","Control","Endothelial","Plasma::IgA plasma",9,2,2,50
"SCP2959","Control","Endothelial","Plasma::IgG plasma",9,1,1,50
"SCP2959","Control","Endothelial","Plasma::Transitional B",9,0,0,50
"SCP2959","Control","Epithelial","B_cell::ActB3",9,2,2,50
"SCP2959","Control","Epithelial","B_cell::CSM",9,4,4,50
"SCP2959","Control","Epithelial","B_cell::Centroblast B",9,1,1,50
"SCP2959","Control","Epithelial","B_cell::Centrocyte B",9,1,1,50
"SCP2959","Control","Epithelial","B_cell::DN2",9,1,1,50
"SCP2959","Control","Epithelial","B_cell::IgM-only",9,1,1,50
"SCP2959","Control","Epithelial","B_cell::MZ",9,0,0,50
"SCP2959","Control","Epithelial","B_cell::Naïve B",9,3,3,50
"SCP2959","Control","Epithelial","Plasma::Activated plasma",9,3,3,50
"SCP2959","Control","Epithelial","Plasma::IgA plasma",9,3,3,50
"SCP2959","Control","Epithelial","Plasma::IgG plasma",9,1,1,50
"SCP2959","Control","Epithelial","Plasma::Transitional B",9,0,0,50
"SCP2959","Control","Mast","B_cell::ActB3",9,2,2,50
"SCP2959","Control","Mast","B_cell::CSM",9,3,3,50
"SCP2959","Control","Mast","B_cell::Centroblast B",9,1,1,50
"SCP2959","Control","Mast","B_cell::Centrocyte B",9,1,1,50
"SCP2959","Control","Mast","B_cell::DN2",9,1,1,50
"SCP2959","Control","Mast","B_cell::IgM-only",9,1,1,50
"SCP2959","Control","Mast","B_cell::MZ",9,0,0,50
"SCP2959","Control","Mast","B_cell::Naïve B",9,3,3,50
"SCP2959","Control","Mast","Plasma::Activated plasma",9,3,3,50
"SCP2959","Control","Mast","Plasma::IgA plasma",9,2,2,50
"SCP2959","Control","Mast","Plasma::IgG plasma",9,1,1,50
"SCP2959","Control","Mast","Plasma::Transitional B",9,0,0,50
"SCP2959","Control","Mesenchymal_stromal","B_cell::ActB3",9,2,2,50
"SCP2959","Control","Mesenchymal_stromal","B_cell::CSM",9,4,4,50
"SCP2959","Control","Mesenchymal_stromal","B_cell::Centroblast B",9,1,1,50
"SCP2959","Control","Mesenchymal_stromal","B_cell::Centrocyte B",9,1,1,50
"SCP2959","Control","Mesenchymal_stromal","B_cell::DN2",9,1,1,50
"SCP2959","Control","Mesenchymal_stromal","B_cell::IgM-only",9,1,1,50
"SCP2959","Control","Mesenchymal_stromal","B_cell::MZ",9,0,0,50
"SCP2959","Control","Mesenchymal_stromal","B_cell::Naïve B",9,3,3,50
"SCP2959","Control","Mesenchymal_stromal","Plasma::Activated plasma",9,3,3,50
"SCP2959","Control","Mesenchymal_stromal","Plasma::IgA plasma",9,3,3,50
"SCP2959","Control","Mesenchymal_stromal","Plasma::IgG plasma",9,1,1,50
"SCP2959","Control","Mesenchymal_stromal","Plasma::Transitional B",9,0,0,50
"SCP2959","Control","Myeloid","B_cell::ActB3",9,2,2,50
"SCP2959","Control","Myeloid","B_cell::CSM",9,4,4,50
"SCP2959","Control","Myeloid","B_cell::Centroblast B",9,1,1,50
"SCP2959","Control","Myeloid","B_cell::Centrocyte B",9,1,1,50
"SCP2959","Control","Myeloid","B_cell::DN2",9,1,1,50
"SCP2959","Control","Myeloid","B_cell::IgM-only",9,1,1,50
"SCP2959","Control","Myeloid","B_cell::MZ",9,0,0,50
"SCP2959","Control","Myeloid","B_cell::Naïve B",9,3,3,50
"SCP2959","Control","Myeloid","Plasma::Activated plasma",9,3,3,50
"SCP2959","Control","Myeloid","Plasma::IgA plasma",9,3,3,50
"SCP2959","Control","Myeloid","Plasma::IgG plasma",9,1,1,50
"SCP2959","Control","Myeloid","Plasma::Transitional B",9,0,0,50
"SCP2959","Control","T_NK","B_cell::ActB3",9,2,2,50
"SCP2959","Control","T_NK","B_cell::CSM",9,4,4,50
"SCP2959","Control","T_NK","B_cell::Centroblast B",9,1,1,50
"SCP2959","Control","T_NK","B_cell::Centrocyte B",9,1,1,50
"SCP2959","Control","T_NK","B_cell::DN2",9,1,1,50
"SCP2959","Control","T_NK","B_cell::IgM-only",9,1,1,50
"SCP2959","Control","T_NK","B_cell::MZ",9,0,0,50
"SCP2959","Control","T_NK","B_cell::Naïve B",9,3,3,50
"SCP2959","Control","T_NK","Plasma::Activated plasma",9,3,3,50
"SCP2959","Control","T_NK","Plasma::IgA plasma",9,3,3,50
"SCP2959","Control","T_NK","Plasma::IgG plasma",9,1,1,50
"SCP2959","Control","T_NK","Plasma::Transitional B",9,0,0,50
